source_label,target_label,relation,source,target
Daniela Sia,39524206,Publications,875,39524206
Amaia Lujambio,39524206,Publications,842,39524206
Josep M Llovet,39524206,Publications,840,39524206
Fred R Hirsch,39558820,Publications,813,39558820
Florian Krammer,39122606,Publications,907,39122606
Fred R Hirsch,39122606,Publications,813,39122606
Robert O Wright,38343731,Publications,1123,38343731
Deborah Doroshow,38162407,Publications,787,38162407
Minal S Kale,39918855,Publications,822,39918855
Manasi Agrawal,38495524,Publications,758,38495524
Varun Kumar,39940664,Publications,994,39940664
Paul J Kenny,38559273,Publications,960,38559273
Elena Colicino,37585681,Publications,1098,37585681
Susan L Teitelbaum,37585681,Publications,1119,37585681
Maayan Yitshak Sade,37585681,Publications,1124,37585681
Miriam Merad,39762425,Publications,850,39762425
Sacha Gnjatic,39762425,Publications,804,39762425
Nina Bhardwaj,39762425,Publications,768,39762425
Robert M Samstein,39762425,Publications,870,39762425
Lauren Petrick,38657407,Publications,1110,38657407
Robert O Wright,38657407,Publications,1123,38657407
Rosalind J Wright,38657407,Publications,1016,38657407
Schahram Akbarian,38879719,Publications,1044,38879719
Paul J Kenny,38879719,Publications,960,38879719
David J Volsky,38879719,Publications,892,38879719
Eric J Nestler,40317512,Publications,964,40317512
Yizhou Dong,40317512,Publications,724,40317512
Jennifer M Reckrey,39120095,Publications,865,39120095
Donald K Scott,38405965,Publications,871,38405965
Anna-Sophie Rommel,40552303,Publications,1081,40552303
Veerle Bergink,40552303,Publications,1046,40552303
Kuan-Lin Huang,39484404,Publications,733,39484404
Manasi Agrawal,39054059,Publications,758,39054059
Kyung Lee,38512421,Publications,836,38512421
John Cijiang He,38512421,Publications,810,38512421
Gita A Pathak,37910111,Publications,741,37910111
Lea K Davis,37910111,Publications,1099,37910111
Gita A Pathak,39228734,Publications,741,39228734
Robert O Wright,40023887,Publications,1123,40023887
Rosalind J Wright,40023887,Publications,1016,40023887
Leslee J Shaw,39557333,Publications,992,39557333
Elza Rechtman,39649167,Publications,1112,39649167
Thalia K Robakis,39314949,Publications,1080,39314949
Veerle Bergink,39314949,Publications,1046,39314949
Behrang Mahjani,39314949,Publications,1070,39314949
Eric J Nestler,40603300,Publications,964,40603300
Niamh Mullins,38811692,Publications,1072,38811692
Abraham Reichenberg,38811692,Publications,1078,38811692
James L M Ferrara,39667999,Publications,791,39667999
George W Huntley,38968112,Publications,956,38968112
Amir Horowitz,38242983,Publications,1139,38242983
Robert M Samstein,38242983,Publications,870,38242983
Nina Bhardwaj,38242983,Publications,768,38242983
Sacha Gnjatic,38242983,Publications,804,38242983
John Sfakianos,38242983,Publications,1141,38242983
Gita A Pathak,38335780,Publications,741,38335780
Nelly Alia-Klein,39606326,Publications,1045,39606326
Rita Z Goldstein,39606326,Publications,1060,39606326
Sacha Gnjatic,39896259,Publications,804,39896259
Zhen-Qiang Pan,38265261,Publications,858,38265261
Veerle Bergink,38750701,Publications,1046,38750701
Florian Krammer,40042313,Publications,907,40042313
Nan Yang,38600097,Publications,982,38600097
Zhenyu Yue,38600097,Publications,930,38600097
Benjamin K Chen,39108723,Publications,778,39108723
Catarina E Hioe,39108723,Publications,812,39108723
Towfique Raj,38854101,Publications,967,38854101
Andrew F Stewart,38985854,Publications,883,38985854
Jonathan Himmelfarb,37871973,Publications,811,37871973
Florian Krammer,37436465,Publications,907,37436465
Manasi Agrawal,38008228,Publications,758,38008228
Josep M Llovet,37535375,Publications,840,37535375
Emily Bernstein,38744503,Publications,766,38744503
Wenyan Jiang,39829898,Publications,734,39829898
Gang Fang,39829898,Publications,726,39829898
Judy H Cho,38642551,Publications,1002,38642551
Ron Do,38642551,Publications,723,38642551
Ignacio Saez,38409356,Publications,987,38409356
Alexander W Charney,38409356,Publications,983,38409356
Amaia Lujambio,38507413,Publications,842,38507413
Paul J Kenny,39554090,Publications,960,39554090
Yasmin L Hurd,40093243,Publications,957,40093243
Alexander W Charney,40093243,Publications,983,40093243
Domenico Tortorella,40299764,Publications,915,40299764
Robert O Wright,37610319,Publications,1123,37610319
Rosalind J Wright,37610319,Publications,1016,37610319
Amy R Kontorovich,39633571,Publications,831,39633571
Damaskini Valvi,40307849,Publications,1121,40307849
Andrew W Varga,39903530,Publications,890,39903530
James C Iatridis,40139648,Publications,999,40139648
Yulia Landa,39081014,Publications,1068,39081014
Tony Yuen,38579764,Publications,1034,38579764
Mone Zaidi,38579764,Publications,1035,38579764
Rita Z Goldstein,39399057,Publications,1060,39399057
Nelly Alia-Klein,39399057,Publications,1045,39399057
Aneel K Aggarwal,38720088,Publications,1017,38720088
Veerle Bergink,39209009,Publications,1046,39209009
Robert P Fisher,38405971,Publications,793,38405971
Chung Yin Kong,39568566,Publications,829,39568566
Juan P Wisnivesky,39568566,Publications,896,39568566
Juan P Wisnivesky,40374891,Publications,896,40374891
Chung Yin Kong,40374891,Publications,829,40374891
Niamh Mullins,39132474,Publications,1072,39132474
Manasi Agrawal,39403049,Publications,758,39403049
Ron Do,39657681,Publications,723,39657681
Joan Shang,39454027,Publications,874,39454027
Benjamin K Chen,39454027,Publications,778,39454027
Sacha Gnjatic,39454027,Publications,804,39454027
Saurabh Mehandru,39454027,Publications,848,39454027
Isaac Marin-Valencia,38123901,Publications,922,38123901
Kiyotake Ishikawa,39716867,Publications,819,39716867
Pei Wang,38412834,Publications,753,38412834
Joseph D Buxbaum,39677822,Publications,1050,39677822
Nan Yang,39677822,Publications,982,39677822
Tristan Shuman,40216771,Publications,975,40216771
Robert O Wright,39038770,Publications,1123,39038770
Daniela Schiller,39930465,Publications,1084,39930465
Ron Do,39982391,Publications,723,39982391
Susan L Teitelbaum,39205349,Publications,1119,39205349
Robert O Wright,39205349,Publications,1123,39205349
Marta Filizola,39244607,Publications,1021,39244607
Gang Fang,39244607,Publications,726,39244607
Aneel K Aggarwal,39244607,Publications,1017,39244607
Rita Z Goldstein,38324323,Publications,1060,38324323
Peng Yuan,40348873,Publications,1033,40348873
Jose Javier Bravo-Cordero,38184712,Publications,771,38184712
Fred R Hirsch,40434103,Publications,813,40434103
Chrystian Junqueira Alves,38313256,Publications,959,38313256
Miguel Fribourg,39388279,Publications,794,39388279
Nicholas Chun,39388279,Publications,781,39388279
Paolo Cravedi,39388279,Publications,783,39388279
Amir Horowitz,39388279,Publications,1139,39388279
Aneel K Aggarwal,38321146,Publications,1017,38321146
James C Iatridis,38948728,Publications,999,38948728
Ankit Sakhuja,39558090,Publications,869,39558090
Alexander W Charney,39558090,Publications,983,39558090
Monica Kraft,39558090,Publications,832,39558090
Maia Kayal,39207312,Publications,827,39207312
Amy R Kontorovich,39348455,Publications,831,39348455
Elena Colicino,38016085,Publications,1098,38016085
Alison G Lee,38016085,Publications,835,38016085
Stuart C Sealfon,39818879,Publications,926,39818879
Ernesto Guccione,39994175,Publications,808,39994175
Varun Kumar,38091879,Publications,994,38091879
Lynne D Richardson,39375594,Publications,717,39375594
Dinushika Mohottige,39088407,Publications,852,39088407
Daniela Schiller,38766168,Publications,1084,38766168
Davide Folloni,38915600,Publications,949,38915600
Ki Sueng Choi,38915600,Publications,1127,38915600
Laura A Berner,38741168,Publications,1047,38741168
Camille Goldman,39975381,Publications,951,39975381
Dirk Homann,40585213,Publications,816,40585213
Sacha Gnjatic,40585213,Publications,804,40585213
Anne Schaefer,39843911,Publications,973,39843911
Lakshmi A Devi,39187388,Publications,1020,39187388
Sacha Gnjatic,39542655,Publications,804,39542655
Sarah E Millar,38679196,Publications,693,38679196
R Sean Morrison,37963605,Publications,854,37963605
Anne Schaefer,40609535,Publications,973,40609535
Ronald Hoffman,40643151,Publications,815,40643151
Ron Do,39185915,Publications,723,39185915
Stella Dracheva,37712493,Publications,1055,37712493
Robert O Wright,37973255,Publications,1123,37973255
Thomas J Fuchs,39826619,Publications,797,39826619
Zahi A Fayad,39826619,Publications,1129,39826619
Dinushika Mohottige,39654970,Publications,852,39654970
O'Jay Stewart,39207514,Publications,884,39207514
Jonathan Himmelfarb,38199997,Publications,811,38199997
Ronald Hoffman,39556352,Publications,815,39556352
Robert O Wright,38960320,Publications,1123,38960320
Rosalind J Wright,38960320,Publications,1016,38960320
Emily Bernstein,40166161,Publications,766,40166161
Elvin Wagenblast,40166161,Publications,893,40166161
Brian D Brown,39838105,Publications,721,39838105
Elvin Wagenblast,39838105,Publications,893,39838105
Nina Bhardwaj,39838105,Publications,768,39838105
Miriam Merad,39838105,Publications,850,39838105
Paolo Cravedi,40127865,Publications,783,40127865
Kirk N Campbell,40127865,Publications,776,40127865
Bishuang Cai,38237590,Publications,774,38237590
Samir Parekh,39383457,Publications,861,39383457
Juan Martin Arriaga,39907729,Publications,1137,39907729
Megan K Horton,38278245,Publications,1104,38278245
Robert O Wright,38278245,Publications,1123,38278245
Manish Arora,38278245,Publications,1092,38278245
Abraham Reichenberg,39627412,Publications,1078,39627412
Magdalena Janecka,39627412,Publications,1065,39627412
Sacha Gnjatic,39853278,Publications,804,39853278
Joy Jiang,39899385,Publications,820,39899385
Ankit Sakhuja,39899385,Publications,869,39899385
John Cijiang He,39899385,Publications,810,39899385
Lili Chan,39899385,Publications,777,39899385
Sacha Gnjatic,39899385,Publications,804,39899385
Alexander W Charney,39899385,Publications,983,39899385
Paolo Cravedi,38912583,Publications,783,38912583
Won-Min Song,39605415,Publications,748,39605415
Kuan-Lin Huang,39605415,Publications,733,39605415
Anne Schaefer,39281867,Publications,973,39281867
Sarah J Miller,38082068,Publications,720,38082068
Anna-Sophie Rommel,40313214,Publications,1081,40313214
Veerle Bergink,40313214,Publications,1046,40313214
Ron Do,39000484,Publications,723,39000484
Kuan-Lin Huang,39000484,Publications,733,39000484
Gita A Pathak,40595462,Publications,741,40595462
Marta Filizola,38630816,Publications,1021,38630816
Daniel Wacker,38630816,Publications,1030,38630816
Rosalind J Wright,39671893,Publications,1016,39671893
Francesca Garretti,39031528,Publications,729,39031528
Alison M Goate,39031528,Publications,730,39031528
Chrystian Junqueira Alves,39747004,Publications,959,39747004
Paul A Slesinger,39747004,Publications,976,39747004
Jeffrey R Johnson,39831303,Publications,906,39831303
Dmitriy Zamarin,39831303,Publications,899,39831303
Rosalind J Wright,39186267,Publications,1016,39186267
Robert O Wright,39186267,Publications,1123,39186267
Julie B Schnur,38820185,Publications,1115,38820185
Minal S Kale,38820185,Publications,822,38820185
Paolo Cravedi,39810769,Publications,783,39810769
Ernesto Guccione,39384951,Publications,808,39384951
Supinda Bunyavanich,39530396,Publications,722,39530396
Jian Jin,38597345,Publications,1023,38597345
Behrang Mahjani,39867378,Publications,1070,39867378
Zahi A Fayad,40542108,Publications,1129,40542108
Anne Schaefer,39939753,Publications,973,39939753
Kristen Whitney,39251599,Publications,1007,39251599
Towfique Raj,39251599,Publications,967,39251599
Ivan Soler,39847482,Publications,977,39847482
Tristan Shuman,39847482,Publications,975,39847482
Judy H Cho,39591878,Publications,1002,39591878
Emily Bernstein,39892705,Publications,766,39892705
Jamie Redes,38324641,Publications,867,38324641
Scott H Sicherer,38324641,Publications,1014,38324641
Florian Krammer,40145745,Publications,907,40145745
Julie B Schnur,40500244,Publications,1115,40500244
Guy H Montgomery,40500244,Publications,1107,40500244
Karyn A Goodman,40500244,Publications,1130,40500244
Ignacio Saez,39242805,Publications,987,39242805
Rosalind J Wright,38598238,Publications,1016,38598238
Eric A Sobie,38758124,Publications,1029,38758124
Carina Seah,38826319,Publications,747,38826319
Manasi Agrawal,39856480,Publications,758,39856480
Inga Peter,39856480,Publications,743,39856480
Zahi A Fayad,38575752,Publications,1129,38575752
Gaurav Pandey,38834572,Publications,740,38834572
Lauren Stalbow,38538643,Publications,1116,38538643
Donald K Scott,39626675,Publications,871,39626675
Andrew F Stewart,39626675,Publications,883,39626675
Rita Z Goldstein,39026764,Publications,1060,39026764
Nelly Alia-Klein,39026764,Publications,1045,39026764
James J Bieker,39017846,Publications,684,39017846
Elena Colicino,39567710,Publications,1098,39567710
Robert O Wright,39567710,Publications,1123,39567710
Rosalind J Wright,39567710,Publications,1016,39567710
Supinda Bunyavanich,38284919,Publications,722,38284919
Gita A Pathak,40533324,Publications,741,40533324
Joseph D Buxbaum,39891002,Publications,1050,39891002
Abraham Reichenberg,39891002,Publications,1078,39891002
Sven Sandin,39891002,Publications,1082,39891002
Magdalena Janecka,39891002,Publications,1065,39891002
Miriam Merad,39484455,Publications,850,39484455
Marta Luksza,39484455,Publications,843,39484455
Nina Bhardwaj,39484455,Publications,768,39484455
James L M Ferrara,38968143,Publications,791,38968143
Nelly Alia-Klein,38946983,Publications,1045,38946983
Rita Z Goldstein,38946983,Publications,1060,38946983
Ankit Sakhuja,39592855,Publications,869,39592855
Florian Krammer,38848648,Publications,907,38848648
Michael Schotsaert,38848648,Publications,913,38848648
Alexander W Charney,39321638,Publications,983,39321638
Scott L Friedman,38867022,Publications,795,38867022
Shuang Wang,38867022,Publications,895,38867022
Eric J Nestler,38464110,Publications,964,38464110
Joseph D Buxbaum,38016473,Publications,1050,38016473
Carolina Cappi,38016473,Publications,1051,38016473
Dorothy E Grice,38016473,Publications,1061,38016473
Elena Ezhkova,38194909,Publications,688,38194909
Ira Hofer,39820689,Publications,703,39820689
Ipek Ensari,40034107,Publications,1101,40034107
Andrea D Branch,38693784,Publications,770,38693784
Bin Zhang,38926387,Publications,756,38926387
Alexander W Charney,38926387,Publications,983,38926387
Michael S Breen,38926387,Publications,1049,38926387
Sara C Lewis,37315018,Publications,1131,37315018
Vaishnavi Kundel,38358332,Publications,833,38358332
Neomi A Shah,38358332,Publications,873,38358332
Yi Shi,39150898,Publications,1028,39150898
Jian Jin,39150898,Publications,1023,39150898
Carolina Cappi,37946624,Publications,1051,37946624
Joseph D Buxbaum,37946624,Publications,1050,37946624
Dorothy E Grice,37946624,Publications,1061,37946624
Elena Colicino,39894752,Publications,1098,39894752
Christine Austin,39894752,Publications,1094,39894752
Manish Arora,39894752,Publications,1092,39894752
Robert O Wright,39894752,Publications,1123,39894752
Jennifer M Reckrey,38794947,Publications,865,38794947
Dinushika Mohottige,38851444,Publications,852,38851444
Zahi A Fayad,38663011,Publications,1129,38663011
Scott L Friedman,37879461,Publications,795,37879461
Tony Yuen,38370676,Publications,1034,38370676
Mone Zaidi,38370676,Publications,1035,38370676
Ron Do,39896457,Publications,723,39896457
Eric J Nestler,40524640,Publications,964,40524640
Tatyana Kushner,38626448,Publications,834,38626448
Elza Rechtman,38365053,Publications,1112,38365053
Abraham Reichenberg,38365053,Publications,1078,38365053
Robert O Wright,38365053,Publications,1123,38365053
Megan K Horton,38365053,Publications,1104,38365053
Domenico Tortorella,40118521,Publications,915,40118521
Yi Shi,38955181,Publications,1028,38955181
Tristan Shuman,39005306,Publications,975,39005306
Vaishnavi Kundel,38592223,Publications,833,38592223
Neomi A Shah,38592223,Publications,873,38592223
Robert O Wright,38443464,Publications,1123,38443464
Ira Hofer,39148835,Publications,703,39148835
Lili Chan,39148835,Publications,777,39148835
Alexander W Charney,39148835,Publications,983,39148835
Monica Kraft,39148835,Publications,832,39148835
Ankit Sakhuja,39148835,Publications,869,39148835
Pamela Del Valle,39328984,Publications,947,39328984
George W Huntley,39328984,Publications,956,39328984
Roland C Merchant,39134444,Publications,716,39134444
Manasi Agrawal,40645392,Publications,758,40645392
Sacha Gnjatic,40166299,Publications,804,40166299
Dirk Homann,40166299,Publications,816,40166299
Tristan Shuman,40601747,Publications,975,40601747
Stephen R Salton,38254666,Publications,972,38254666
Bin Zhang,38254666,Publications,756,38254666
Julie B Schnur,39100730,Publications,1115,39100730
Guy H Montgomery,39100730,Publications,1107,39100730
Scott L Friedman,38430535,Publications,795,38430535
Lakshmi A Devi,39009835,Publications,1020,39009835
Manasi Agrawal,38123972,Publications,758,38123972
Ron Do,39233338,Publications,723,39233338
Kyung Lee,38159678,Publications,836,38159678
Scott L Friedman,38159678,Publications,795,38159678
John Cijiang He,38159678,Publications,810,38159678
Daniela Schiller,40133401,Publications,1084,40133401
Michael S Breen,39649579,Publications,1049,39649579
Joseph D Buxbaum,39649579,Publications,1050,39649579
Dorothy E Grice,39649579,Publications,1061,39649579
Eric J Nestler,39012593,Publications,964,39012593
Jia Fu,38910328,Publications,796,38910328
Kyung Lee,38910328,Publications,836,38910328
Carina Seah,40623285,Publications,747,40623285
Fred R Hirsch,39856363,Publications,813,39856363
Zhen-Qiang Pan,39856363,Publications,858,39856363
Jerry Edward Chipuk,39863913,Publications,780,39863913
Scott H Sicherer,38407394,Publications,1014,38407394
Joshua D Brody,38376944,Publications,772,38376944
Samir Parekh,38376944,Publications,861,38376944
Goutam Chakraborty,38683764,Publications,1138,38683764
Robert O Wright,40575667,Publications,1123,40575667
Pooja Flora,38241368,Publications,689,38241368
Madison Weber,38241368,Publications,700,38241368
Elena Ezhkova,38241368,Publications,688,38241368
Jerry Edward Chipuk,38486272,Publications,780,38486272
Goran Bajic,39504245,Publications,900,39504245
Florian Krammer,39504245,Publications,907,39504245
James L M Ferrara,39222793,Publications,791,39222793
Niamh Mullins,39763535,Publications,1072,39763535
Alexander W Charney,39763535,Publications,983,39763535
Judy H Cho,37976264,Publications,1002,37976264
Prashanth Rangan,38866556,Publications,696,38866556
Arianna Neal Davis,38766086,Publications,1053,38766086
Ignacio Saez,38766086,Publications,987,38766086
Kiyotake Ishikawa,38676894,Publications,819,38676894
Eric J Nestler,38659771,Publications,964,38659771
Ron Do,40065360,Publications,723,40065360
Leslee J Shaw,38377231,Publications,992,38377231
Robert O Wright,38412256,Publications,1123,38412256
Amir Horowitz,38812546,Publications,1139,38812546
Nina Bhardwaj,38812546,Publications,768,38812546
Ankit Sakhuja,37885206,Publications,869,37885206
Zahi A Fayad,40293448,Publications,1129,40293448
Manish Arora,38947077,Publications,1092,38947077
Youssef Oulhote,38947077,Publications,1109,38947077
Ryan W Walker,38947077,Publications,1122,38947077
Robert O Wright,38947077,Publications,1123,38947077
Elena Colicino,38947077,Publications,1098,38947077
Damaskini Valvi,38947077,Publications,1121,38947077
Robert P Fisher,39147127,Publications,793,39147127
Xiang Xu,39367632,Publications,1136,39367632
Kiyotake Ishikawa,38676896,Publications,819,38676896
Stuart C Sealfon,36711841,Publications,926,36711841
Camille Goldman,38200091,Publications,951,38200091
Kristen Whitney,38200091,Publications,1007,38200091
Towfique Raj,39689057,Publications,967,39689057
Melissa Mazor,39823183,Publications,846,39823183
Juan P Wisnivesky,39823183,Publications,896,39823183
Cardinale B Smith,39823183,Publications,879,39823183
Ron Do,39128550,Publications,723,39128550
Slim Mzoughi,39930084,Publications,855,39930084
Ernesto Guccione,39930084,Publications,808,39930084
Eric A Sobie,38260376,Publications,1029,38260376
Lynne D Richardson,39968791,Publications,717,39968791
Schahram Akbarian,39631398,Publications,1044,39631398
Daniela Schiller,38844456,Publications,1084,38844456
Manasi Agrawal,39657593,Publications,758,39657593
Makiko Yasuda,39700288,Publications,755,39700288
Michael Schotsaert,38586014,Publications,913,38586014
Benjamin K Chen,40044684,Publications,778,40044684
Kyung Lee,38981608,Publications,836,38981608
John Cijiang He,38981608,Publications,810,38981608
Ernesto Guccione,40232306,Publications,808,40232306
Jian Jin,40232306,Publications,1023,40232306
Goran Bajic,38464151,Publications,900,38464151
Florian Krammer,38464151,Publications,907,38464151
Damaskini Valvi,37971952,Publications,1121,37971952
Jessica Robinson-Papp,40347412,Publications,925,40347412
Ming-Ming Zhou,38657041,Publications,1037,38657041
Thalia K Robakis,39711717,Publications,1080,39711717
Veerle Bergink,39711717,Publications,1046,39711717
Behrang Mahjani,39711717,Publications,1070,39711717
Josep M Llovet,39354161,Publications,840,39354161
Mikaela Rosen,40093234,Publications,969,40093234
Towfique Raj,40093234,Publications,967,40093234
Mary Sano,39166851,Publications,1083,39166851
Georgios Voloudakis,39711543,Publications,1089,39711543
Eric J Nestler,37349475,Publications,964,37349475
Ernest Turro,39256359,Publications,752,39256359
Daniela Schiller,39180693,Publications,1084,39180693
Emanuela Taioli,40429725,Publications,1118,40429725
Akbar Alipour,39082385,Publications,1126,39082385
Thalia K Robakis,37421329,Publications,1080,37421329
Veerle Bergink,37421329,Publications,1046,37421329
Albert L Siu,38943488,Publications,878,38943488
Josep M Llovet,39911942,Publications,840,39911942
Sacha Gnjatic,39118963,Publications,804,39118963
Tony Yuen,38963696,Publications,1034,38963696
Mone Zaidi,38963696,Publications,1035,38963696
Aneel K Aggarwal,38898102,Publications,1017,38898102
Elena Colicino,40584973,Publications,1098,40584973
Megan K Horton,40584973,Publications,1104,40584973
Rosalind J Wright,40584973,Publications,1016,40584973
Triparna Sen,39657664,Publications,872,39657664
Angela Diaz,39818212,Publications,1012,39818212
Sarah Bannon,39814366,Publications,1038,39814366
Jian Jin,40252079,Publications,1023,40252079
Saurabh Mehandru,38640252,Publications,848,38640252
Yi Shi,39180400,Publications,1028,39180400
David H Bechhofer,39180400,Publications,1018,39180400
Manasi Agrawal,39757503,Publications,758,39757503
Elena Colicino,38145728,Publications,1098,38145728
Robert O Wright,38145728,Publications,1123,38145728
Rosalind J Wright,38145728,Publications,1016,38145728
Ronald Hoffman,39715853,Publications,815,39715853
Manasi Agrawal,37950021,Publications,758,37950021
Saurabh Mehandru,37950021,Publications,848,37950021
Yi Shi,39127037,Publications,1028,39127037
Ernest Turro,38211685,Publications,752,38211685
Marek Mlodzik,38870008,Publications,694,38870008
Paul J Kenny,38187775,Publications,960,38187775
Shuang Wang,40116750,Publications,895,40116750
Scott L Friedman,40116750,Publications,795,40116750
Carolina Cappi,38113811,Publications,1051,38113811
Stuart C Sealfon,38691461,Publications,926,38691461
Zhen-Qiang Pan,39983670,Publications,858,39983670
Ankit Sakhuja,39966171,Publications,869,39966171
Jake Herb,39490950,Publications,1004,39490950
Saurabh Mehandru,39490950,Publications,848,39490950
James L M Ferrara,38640195,Publications,791,38640195
Gita A Pathak,39755697,Publications,741,39755697
Florian Krammer,38395697,Publications,907,38395697
Jonathan Himmelfarb,37839688,Publications,811,37839688
Robert O Wright,38260407,Publications,1123,38260407
Jessica Robinson-Papp,39764146,Publications,925,39764146
Dmitriy Zamarin,39229105,Publications,899,39229105
Marta Filizola,38328099,Publications,1021,38328099
Gang Fang,38328099,Publications,726,38328099
Aneel K Aggarwal,38328099,Publications,1017,38328099
Gang Fang,39605700,Publications,726,39605700
Roger L Clem,38613783,Publications,941,38613783
Ernest Turro,38821540,Publications,752,38821540
Michael Schotsaert,39489918,Publications,913,39489918
Dmitriy Zamarin,39443795,Publications,899,39443795
Sven Sandin,39606368,Publications,1082,39606368
Tony Yuen,40480851,Publications,1034,40480851
Mone Zaidi,40480851,Publications,1035,40480851
Ron Do,39384761,Publications,723,39384761
Yasmin L Hurd,37643301,Publications,957,37643301
Donald K Scott,38206362,Publications,871,38206362
Susan L Teitelbaum,40373236,Publications,1119,40373236
Maayan Yitshak Sade,40373236,Publications,1124,40373236
Mary Sano,40050014,Publications,1083,40050014
Indu A Ayappa,39056328,Publications,762,39056328
Andrew W Varga,39056328,Publications,890,39056328
Hongzhen Hu,37962791,Publications,707,37962791
Paul A Slesinger,36993693,Publications,976,36993693
Yizhou Dong,40368188,Publications,724,40368188
Judy H Cho,38663404,Publications,1002,38663404
Eric J Nestler,38669575,Publications,964,38669575
Sacha Gnjatic,38277235,Publications,804,38277235
Ankit Sakhuja,40420108,Publications,869,40420108
Ronald Hoffman,39761417,Publications,815,39761417
Christine Austin,38669590,Publications,1094,38669590
Manish Arora,38669590,Publications,1092,38669590
Talia H Swartz,38529284,Publications,885,38529284
Andrew F Stewart,39301926,Publications,883,39301926
Georgios Voloudakis,38145985,Publications,1089,38145985
Lili Chan,40305113,Publications,777,40305113
Ming-Ming Zhou,39572658,Publications,1037,39572658
Emily Bernstein,39229151,Publications,766,39229151
Eric J Nestler,38343388,Publications,964,38343388
Jennifer M Reckrey,39822234,Publications,865,39822234
Robert J Klein,38978663,Publications,735,38978663
Robert S Krauss,38842166,Publications,691,38842166
Eric J Nestler,40644558,Publications,964,40644558
Lauren Petrick,38932753,Publications,1110,38932753
Michael S Breen,40166159,Publications,1049,40166159
Towfique Raj,40166159,Publications,967,40166159
Jose Javier Bravo-Cordero,38311543,Publications,771,38311543
Tatyana Kushner,39540121,Publications,834,39540121
Andrea D Branch,40221147,Publications,770,40221147
Alison M Goate,38464214,Publications,730,38464214
Prashant Rajbhandari,39358382,Publications,864,39358382
Dinesh Barupal,39899356,Publications,1095,39899356
Robert O Wright,39379499,Publications,1123,39379499
Justin Lines,38819050,Publications,961,38819050
Shuang Wang,40605063,Publications,895,40605063
Robert O Wright,40605063,Publications,1123,40605063
Joseph A Sparano,40014375,Publications,881,40014375
Andrew W Varga,40083068,Publications,890,40083068
Elvin Wagenblast,39652739,Publications,893,39652739
Ernest Turro,38969303,Publications,752,38969303
Goran Bajic,39713327,Publications,900,39713327
Justin Lines,40191899,Publications,961,40191899
Robert O Wright,39501816,Publications,1123,39501816
Rosalind J Wright,39501816,Publications,1016,39501816
Rosalind J Wright,38111349,Publications,1016,38111349
Dinesh Barupal,39700422,Publications,1095,39700422
Manasi Agrawal,38154728,Publications,758,38154728
Lauren Petrick,38154728,Publications,1110,38154728
Kristin Meliambro,38452919,Publications,849,38452919
Kirk N Campbell,38452919,Publications,776,38452919
Joseph D Buxbaum,38633780,Publications,1050,38633780
Behrang Mahjani,38633780,Publications,1070,38633780
Ankit Sakhuja,38352556,Publications,869,38352556
Alexander W Charney,38352556,Publications,983,38352556
Clara Li,38215053,Publications,1069,38215053
Nina A Bickell,36169797,Publications,1096,36169797
Sacha Gnjatic,40588371,Publications,804,40588371
Rosalind J Wright,37967704,Publications,1016,37967704
Elena Colicino,39473136,Publications,1098,39473136
Robert O Wright,39473136,Publications,1123,39473136
Rosalind J Wright,39473136,Publications,1016,39473136
Talia H Swartz,39240708,Publications,885,39240708
Carol C Gregorio,38168645,Publications,807,38168645
Veerle Bergink,39084542,Publications,1046,39084542
Eric J Nestler,38141911,Publications,964,38141911
Triparna Sen,38965396,Publications,872,38965396
Joy Jiang,39181999,Publications,820,39181999
Ron Do,39181999,Publications,723,39181999
Girish Nitin Nadkarni,39181999,Publications,856,39181999
Peng Yuan,39609651,Publications,1033,39609651
Sonali Bose,39585963,Publications,769,39585963
Evren U Azeloglu,39151003,Publications,763,39151003
James C Iatridis,38339040,Publications,999,38339040
Manasi Agrawal,39549765,Publications,758,39549765
Lauren Petrick,39549765,Publications,1110,39549765
Rosalind J Wright,39087502,Publications,1016,39087502
Xiaoting Wu,40307550,Publications,980,40307550
Sonali Bose,39187093,Publications,769,39187093
Robert S Krauss,38456551,Publications,691,38456551
Michael Schotsaert,38711520,Publications,913,38711520
Emily Bernstein,38319712,Publications,766,38319712
Dinushika Mohottige,40485706,Publications,852,40485706
Alexander W Charney,40485706,Publications,983,40485706
Lili Chan,40485706,Publications,777,40485706
Daniela Schiller,37925091,Publications,1084,37925091
Nelly Alia-Klein,37925091,Publications,1045,37925091
Maia Kayal,37975591,Publications,827,37975591
Camille Goldman,38979135,Publications,951,38979135
Robert S Krauss,39913302,Publications,691,39913302
Mary Sano,38313558,Publications,1083,38313558
Stuart C Sealfon,38634503,Publications,926,38634503
Damaskini Valvi,38685432,Publications,1121,38685432
Damaskini Valvi,38936497,Publications,1121,38936497
James J Manfredi,39875582,Publications,844,39875582
Sacha Gnjatic,38230434,Publications,804,38230434
Rosalind J Wright,39884749,Publications,1016,39884749
Amaia Lujambio,38508241,Publications,842,38508241
Shuang Wang,38508241,Publications,895,38508241
Scott L Friedman,38508241,Publications,795,38508241
Elena Colicino,38128386,Publications,1098,38128386
Robert O Wright,38128386,Publications,1123,38128386
Damaskini Valvi,38128386,Publications,1121,38128386
Rita Z Goldstein,39788040,Publications,1060,39788040
Nelly Alia-Klein,39788040,Publications,1045,39788040
Gita A Pathak,40421744,Publications,741,40421744
Georgios Voloudakis,39580497,Publications,1089,39580497
Erin A Hazlett,39658357,Publications,1062,39658357
Schahram Akbarian,38937606,Publications,1044,38937606
Jian Jin,39011107,Publications,1023,39011107
Tristan Shuman,39506117,Publications,975,39506117
Paul J Kenny,38215742,Publications,960,38215742
Stuart C Sealfon,38084892,Publications,926,38084892
Ipek Ensari,39990544,Publications,1101,39990544
Brian Kim,40166016,Publications,709,40166016
Shruti Naik,40166016,Publications,857,40166016
Hongzhen Hu,40166016,Publications,707,40166016
Eric J Nestler,39365860,Publications,964,39365860
Nan Yang,40162211,Publications,982,40162211
Zhenyu Yue,40162211,Publications,930,40162211
Jian Jin,39196923,Publications,1023,39196923
Robert O Wright,38885590,Publications,1123,38885590
Rosalind J Wright,38885590,Publications,1016,38885590
Yasmin L Hurd,38890400,Publications,957,38890400
Sacha Gnjatic,39709141,Publications,804,39709141
Augusto Villanueva,39709141,Publications,891,39709141
Josep M Llovet,39709141,Publications,840,39709141
Chitra Upadhyay,40006695,Publications,889,40006695
John Cijiang He,38837668,Publications,810,38837668
Michael Schotsaert,39975920,Publications,913,39975920
Evren U Azeloglu,37899379,Publications,763,37899379
Gita A Pathak,39558002,Publications,741,39558002
Chang Yoon Moon,39920276,Publications,853,39920276
Daniel Puleston,39920276,Publications,863,39920276
Miriam Merad,39920276,Publications,850,39920276
Michael Schotsaert,39738586,Publications,913,39738586
Manish Arora,38410473,Publications,1092,38410473
Silvia De Rubeis,39592611,Publications,1054,39592611
Paul J Kenny,39346680,Publications,960,39346680
Jessica Robinson-Papp,39464041,Publications,925,39464041
Josep M Llovet,39972137,Publications,840,39972137
Lauren Petrick,37541974,Publications,1110,37541974
Anna-Sophie Rommel,37990478,Publications,1081,37990478
Veerle Bergink,37990478,Publications,1046,37990478
Kuan-Lin Huang,40551016,Publications,733,40551016
Ron Do,40551016,Publications,723,40551016
Ankit Sakhuja,39073166,Publications,869,39073166
Tesia Bobrowski,39345453,Publications,902,39345453
Emily Bernstein,39345453,Publications,766,39345453
Brian D Brown,39345453,Publications,721,39345453
Amaia Lujambio,39345453,Publications,842,39345453
Chrystian Junqueira Alves,38802590,Publications,959,38802590
Joseph D Buxbaum,38802590,Publications,1050,38802590
Bin Zhang,38802590,Publications,756,38802590
Nan Yang,39337329,Publications,982,39337329
Ethan Abbott,39606472,Publications,710,39606472
Alexander W Charney,39606472,Publications,983,39606472
Samir Parekh,37772981,Publications,861,37772981
Yizhou Dong,38272900,Publications,724,38272900
Minal S Kale,38527820,Publications,822,38527820
Piotr Konieczny,38772365,Publications,830,38772365
Shruti Naik,38772365,Publications,857,38772365
Prashanth Rangan,38866555,Publications,696,38866555
Akbar Alipour,39517878,Publications,1126,39517878
Kurt P Schulz,38461893,Publications,1085,38461893
Laura A Berner,38461893,Publications,1047,38461893
Angela Diaz,40094146,Publications,1012,40094146
Alexander W Charney,39608761,Publications,983,39608761
Ankit Sakhuja,39608761,Publications,869,39608761
Ron Do,37503172,Publications,723,37503172
Dmitriy Zamarin,39788967,Publications,899,39788967
Jeffrey R Johnson,39253971,Publications,906,39253971
Melissa Mazor,37655715,Publications,846,37655715
Juan P Wisnivesky,37655715,Publications,896,37655715
Michael S Breen,38177352,Publications,1049,38177352
Gaurav Pandey,38177352,Publications,740,38177352
Ronald Hoffman,39148820,Publications,815,39148820
Daniela Schiller,40502785,Publications,1084,40502785
Michael Schotsaert,39464067,Publications,913,39464067
Vaishnavi Kundel,39758351,Publications,833,39758351
Scott L Friedman,38273792,Publications,795,38273792
Yizhou Dong,38979204,Publications,724,38979204
Jeffrey R Johnson,38979204,Publications,906,38979204
Jian Jin,38469801,Publications,1023,38469801
Matthew J Evans,38926343,Publications,903,38926343
Donald K Scott,40054060,Publications,871,40054060
Supinda Bunyavanich,38295882,Publications,722,38295882
Gang Fang,38295882,Publications,726,38295882
Ankit Sakhuja,40522118,Publications,869,40522118
Ivan Soler,38559224,Publications,977,38559224
Tristan Shuman,38559224,Publications,975,38559224
Andrew W Varga,39989096,Publications,890,39989096
Eric J Nestler,39394974,Publications,964,39394974
Eric J Nestler,40133300,Publications,964,40133300
R Sean Morrison,39797781,Publications,854,39797781
Samir Parekh,39283238,Publications,861,39283238
Maia Kayal,38521548,Publications,827,38521548
Florian Krammer,39300090,Publications,907,39300090
Michael Schotsaert,39300090,Publications,913,39300090
Nelly Alia-Klein,40441339,Publications,1045,40441339
Rita Z Goldstein,40441339,Publications,1060,40441339
Chung Yin Kong,38321314,Publications,829,38321314
Bachir Taouli,39184540,Publications,1133,39184540
Scott L Friedman,39404414,Publications,795,39404414
Fei Fang,39833191,Publications,996,39833191
Tony Yuen,38463956,Publications,1034,38463956
Mone Zaidi,38463956,Publications,1035,38463956
Manasi Agrawal,39179372,Publications,758,39179372
Faith Adams,39697392,Publications,1043,39697392
Harold W Koenigsberg,39697392,Publications,1067,39697392
Niamh Mullins,39979244,Publications,1072,39979244
Tony Yuen,39394788,Publications,1034,39394788
Mone Zaidi,39394788,Publications,1035,39394788
Jian Jin,40214647,Publications,1023,40214647
Anna-Sophie Rommel,38158849,Publications,1081,38158849
Veerle Bergink,38158849,Publications,1046,38158849
Panagiotis Roussos,38821194,Publications,744,38821194
Thomas P Zwaka,39365995,Publications,702,39365995
Michael Schotsaert,39580470,Publications,913,39580470
Manasi Agrawal,38729392,Publications,758,38729392
Leigh Goedeke,39190492,Publications,805,39190492
Emanuela Taioli,39254646,Publications,1118,39254646
Eric J Nestler,40562842,Publications,964,40562842
Elza Rechtman,38802534,Publications,1112,38802534
Robert O Wright,38802534,Publications,1123,38802534
Megan K Horton,38802534,Publications,1104,38802534
Robert P Fisher,39211083,Publications,793,39211083
Dinushika Mohottige,40175035,Publications,852,40175035
Michael S Breen,39537590,Publications,1049,39537590
Eric J Nestler,38559084,Publications,964,38559084
Manasi Agrawal,39425738,Publications,758,39425738
Ron Do,40272416,Publications,723,40272416
Alexander W Charney,39423850,Publications,983,39423850
Ron Do,38906208,Publications,723,38906208
Goran Bajic,38054729,Publications,900,38054729
Domenico Tortorella,38054729,Publications,915,38054729
Cardinale B Smith,40252859,Publications,879,40252859
R Sean Morrison,40252859,Publications,854,40252859
James C Iatridis,39319260,Publications,999,39319260
Guy H Montgomery,40163666,Publications,1107,40163666
Carol R Horowitz,39879098,Publications,818,39879098
Dinushika Mohottige,39879098,Publications,852,39879098
Lili Chan,39879098,Publications,777,39879098
Georgios Voloudakis,39867394,Publications,1089,39867394
Albert L Siu,39797574,Publications,878,39797574
Mary Sano,36880250,Publications,1083,36880250
Alexander Tepper,39763802,Publications,886,39763802
Jalal Ahmed,39763802,Publications,1125,39763802
Nina Bhardwaj,39763802,Publications,768,39763802
Amaia Lujambio,39763802,Publications,842,39763802
Joshua D Brody,39763802,Publications,772,39763802
Michael Schotsaert,39763802,Publications,913,39763802
Sacha Gnjatic,39763802,Publications,804,39763802
Brian D Brown,39763802,Publications,721,39763802
Miriam Merad,39763802,Publications,850,39763802
Robert O Wright,39536662,Publications,1123,39536662
Rosalind J Wright,39536662,Publications,1016,39536662
Julie B Schnur,40179354,Publications,1115,40179354
Guy H Montgomery,40179354,Publications,1107,40179354
Veerle Bergink,40311333,Publications,1046,40311333
Anna-Sophie Rommel,40311333,Publications,1081,40311333
Nelly Alia-Klein,37434487,Publications,1045,37434487
Rita Z Goldstein,37434487,Publications,1060,37434487
Elena Colicino,40056412,Publications,1098,40056412
Susan L Teitelbaum,40056412,Publications,1119,40056412
Robert O Wright,37981721,Publications,1123,37981721
Rosalind J Wright,37981721,Publications,1016,37981721
Elena Colicino,37981721,Publications,1098,37981721
Georgios Voloudakis,39388546,Publications,1089,39388546
Panagiotis Roussos,39388546,Publications,744,39388546
Schahram Akbarian,39388546,Publications,1044,39388546
Jennifer M Reckrey,40645235,Publications,865,40645235
Kyung Lee,39382984,Publications,836,39382984
John Cijiang He,39382984,Publications,810,39382984
Jessica Robinson-Papp,39399020,Publications,925,39399020
Joseph A Sparano,37962072,Publications,881,37962072
Eric J Nestler,40494620,Publications,964,40494620
Rachel Litke,39352664,Publications,962,39352664
Rosalind J Wright,39447895,Publications,1016,39447895
Elza Rechtman,39653783,Publications,1112,39653783
Elena Colicino,39653783,Publications,1098,39653783
Susan L Teitelbaum,39653783,Publications,1119,39653783
Megan K Horton,39653783,Publications,1104,39653783
Carina Seah,39649609,Publications,747,39649609
Lakshmi A Devi,39103231,Publications,1020,39103231
Stuart C Sealfon,39366377,Publications,926,39366377
Paolo Cravedi,39044331,Publications,783,39044331
Tristan Shuman,36945605,Publications,975,36945605
Denise Jade Cai,36945605,Publications,936,36945605
Sacha Gnjatic,40120123,Publications,804,40120123
Peng Yuan,38890331,Publications,1033,38890331
Paolo Cravedi,37923131,Publications,783,37923131
Evren U Azeloglu,37923131,Publications,763,37923131
Emily Jane Gallagher,39110275,Publications,799,39110275
Joseph A Sparano,39110275,Publications,881,39110275
Sarah E Millar,39149265,Publications,693,39149265
Elena Colicino,39809980,Publications,1098,39809980
Rachel Litke,39809980,Publications,962,39809980
Maayan Yitshak Sade,39809980,Publications,1124,39809980
Jennifer M Reckrey,38346312,Publications,865,38346312
Eric J Nestler,38795707,Publications,964,38795707
Evren U Azeloglu,38443711,Publications,763,38443711
Manasi Agrawal,38128971,Publications,758,38128971
Triparna Sen,40198901,Publications,872,40198901
Anna Chorniy,40458769,Publications,1009,40458769
Elvin Wagenblast,40287957,Publications,893,40287957
Elza Rechtman,40533471,Publications,1112,40533471
Bin Zhang,39973082,Publications,756,39973082
Alexander Tepper,39481380,Publications,886,39481380
Dmitriy Zamarin,39481380,Publications,899,39481380
Miriam Merad,39481380,Publications,850,39481380
Brian D Brown,39481380,Publications,721,39481380
Erin A Hazlett,40117765,Publications,1062,40117765
Damaskini Valvi,38537583,Publications,1121,38537583
Scott L Friedman,40166940,Publications,795,40166940
Miriam Merad,38386728,Publications,850,38386728
Robert M Samstein,38386728,Publications,870,38386728
Poulikos I Poulikakos,38731852,Publications,862,38731852
Ernest Turro,40210679,Publications,752,40210679
Nelly Alia-Klein,39842704,Publications,1045,39842704
Rita Z Goldstein,39842704,Publications,1060,39842704
Laura A Berner,38583931,Publications,1047,38583931
Robert O Wright,39904821,Publications,1123,39904821
Rosalind J Wright,39904821,Publications,1016,39904821
Amy R Kontorovich,38947032,Publications,831,38947032
Andrew W Varga,40019824,Publications,890,40019824
Stuart C Sealfon,37961197,Publications,926,37961197
Emanuela Taioli,37977487,Publications,1118,37977487
Jian Jin,40202531,Publications,1023,40202531
Marta Luksza,38745695,Publications,843,38745695
Yasmin L Hurd,38706340,Publications,957,38706340
R Sean Morrison,39167541,Publications,854,39167541
Bin Zhang,40481857,Publications,756,40481857
Patrick R Hof,40481857,Publications,955,40481857
Ana C Pereira,40481857,Publications,924,40481857
Andrew F Stewart,40516534,Publications,883,40516534
Paul A Slesinger,40516534,Publications,976,40516534
Anna-Sophie Rommel,39342040,Publications,1081,39342040
Veerle Bergink,39342040,Publications,1046,39342040
Alberto Corona,38843332,Publications,942,38843332
Paul J Kenny,38843332,Publications,960,38843332
Amir Horowitz,38847806,Publications,1139,38847806
Nina Bhardwaj,38847806,Publications,768,38847806
Ron Do,38095106,Publications,723,38095106
Joan Shang,39666007,Publications,874,39666007
Sacha Gnjatic,39666007,Publications,804,39666007
Gaurav Pandey,39046952,Publications,740,39046952
Avner Schlessinger,39046952,Publications,1027,39046952
Gita A Pathak,38355787,Publications,741,38355787
Varun Kumar,39819808,Publications,994,39819808
Emily Jane Gallagher,38775155,Publications,799,38775155
Kuan-Lin Huang,39992227,Publications,733,39992227
Andrea D Branch,38230878,Publications,770,38230878
Tristan Shuman,39868201,Publications,975,39868201
Guy H Montgomery,40531062,Publications,1107,40531062
Alison M Goate,38812061,Publications,730,38812061
Daniela Sia,39606444,Publications,875,39606444
Jian Jin,38602846,Publications,1023,38602846
Gang Fang,37961635,Publications,726,37961635
Paul A Slesinger,37961635,Publications,976,37961635
David J Volsky,37951088,Publications,892,37951088
Sacha Gnjatic,39010877,Publications,804,39010877
Aneel K Aggarwal,38844755,Publications,1017,38844755
Sarah E Millar,39955307,Publications,693,39955307
Kuan-Lin Huang,40240324,Publications,733,40240324
Paul A Slesinger,39103320,Publications,976,39103320
Rosalind J Wright,39265426,Publications,1016,39265426
Robert O Wright,39265426,Publications,1123,39265426
Juan P Wisnivesky,40652447,Publications,896,40652447
Carol R Horowitz,40357666,Publications,818,40357666
Damaskini Valvi,40522222,Publications,1121,40522222
Gita A Pathak,39380377,Publications,741,39380377
Yi Shi,39447570,Publications,1028,39447570
Gaurav Pandey,38387571,Publications,740,38387571
Shuang Wang,40015280,Publications,895,40015280
Scott L Friedman,40015280,Publications,795,40015280
Bishuang Cai,40015280,Publications,774,40015280
Tatyana Kushner,38273801,Publications,834,38273801
Rosalind J Wright,38122928,Publications,1016,38122928
Towfique Raj,40502140,Publications,967,40502140
Varun Kumar,39569143,Publications,994,39569143
Zahi A Fayad,38218349,Publications,1129,38218349
Pei Wang,38981438,Publications,753,38981438
Talia H Swartz,39529883,Publications,885,39529883
Robert J Klein,38359819,Publications,735,38359819
Pei Wang,38359819,Publications,753,38359819
Pei Wang,39127042,Publications,753,39127042
Tristan Shuman,38327536,Publications,975,38327536
Melissa Mazor,38957483,Publications,846,38957483
Maia Kayal,38976322,Publications,827,38976322
Elizabeth Spencer,38976322,Publications,1015,38976322
Daniela Schiller,39372931,Publications,1084,39372931
Erin L Rich,38940740,Publications,968,38940740
Samuel Sidi,39448602,Publications,876,39448602
Joy Jiang,40080690,Publications,820,40080690
Neomi A Shah,40080690,Publications,873,40080690
Carol C Gregorio,38478604,Publications,807,38478604
Bruce D Gelb,40155050,Publications,1013,40155050
Poulikos I Poulikakos,40282469,Publications,862,40282469
Patrick R Hof,37917117,Publications,955,37917117
Avner Schlessinger,38597304,Publications,1027,38597304
Robert J Klein,38845201,Publications,735,38845201
Hirofumi Morishita,38377990,Publications,1071,38377990
Evren U Azeloglu,38247039,Publications,763,38247039
Kyung Lee,38247039,Publications,836,38247039
Vaishnavi Kundel,37904574,Publications,833,37904574
R Sean Morrison,39264625,Publications,854,39264625
Veerle Bergink,38134722,Publications,1046,38134722
Anna-Sophie Rommel,38134722,Publications,1081,38134722
Jian Jin,39905966,Publications,1023,39905966
Robert J Klein,37961155,Publications,735,37961155
Lauren Petrick,37676269,Publications,1110,37676269
Robert P Fisher,40250441,Publications,793,40250441
Antonio V Aubry,38326622,Publications,931,38326622
Eric J Nestler,38326622,Publications,964,38326622
Miriam Merad,38326622,Publications,850,38326622
Gita A Pathak,38454550,Publications,741,38454550
Alison M Goate,40033057,Publications,730,40033057
Towfique Raj,40033057,Publications,967,40033057
Kyung Lee,39704174,Publications,836,39704174
John Cijiang He,39704174,Publications,810,39704174
Samir Parekh,40436855,Publications,861,40436855
Yizhou Dong,40349174,Publications,724,40349174
Eric J Nestler,40506501,Publications,964,40506501
Paul A Slesinger,39662702,Publications,976,39662702
Anna-Sophie Rommel,38504979,Publications,1081,38504979
Veerle Bergink,38504979,Publications,1046,38504979
Gita A Pathak,39294497,Publications,741,39294497
Jerry Edward Chipuk,39378840,Publications,780,39378840
Eric J Nestler,37940687,Publications,964,37940687
Roger L Clem,39425930,Publications,941,39425930
Daniela Schiller,40084231,Publications,1084,40084231
Bruce D Gelb,39827879,Publications,1013,39827879
Carol R Horowitz,39827879,Publications,818,39827879
Bin Zhang,38637154,Publications,756,38637154
Eric J Nestler,38637154,Publications,964,38637154
Lauren Petrick,39147228,Publications,1110,39147228
Maia Kayal,39038228,Publications,827,39038228
Prashant Rajbhandari,39921241,Publications,864,39921241
Silvia De Rubeis,39605424,Publications,1054,39605424
Ronald Hoffman,38824647,Publications,815,38824647
Eric J Nestler,38959894,Publications,964,38959894
Emanuela Taioli,40152257,Publications,1118,40152257
Marta Filizola,39713468,Publications,1021,39713468
Robert O Wright,39762643,Publications,1123,39762643
Hirofumi Morishita,40615554,Publications,1071,40615554
Robert O Wright,39528036,Publications,1123,39528036
Mone Zaidi,38718755,Publications,1035,38718755
Tony Yuen,38718755,Publications,1034,38718755
Shuang Wang,38278187,Publications,895,38278187
R Sean Morrison,38278187,Publications,854,38278187
Tony Yuen,39548323,Publications,1034,39548323
Mone Zaidi,39548323,Publications,1035,39548323
Ronald Hoffman,38720070,Publications,815,38720070
Youssef Oulhote,39412272,Publications,1109,39412272
Daniel Wacker,38720072,Publications,1030,38720072
Rosalind J Wright,38431121,Publications,1016,38431121
Veerle Bergink,38892704,Publications,1046,38892704
Rosalind J Wright,38892704,Publications,1016,38892704
Robert O Wright,39478741,Publications,1123,39478741
Yael Jacob,40348910,Publications,1064,40348910
Georgios Voloudakis,40480991,Publications,1089,40480991
Brian D Brown,38979166,Publications,721,38979166
Miriam Merad,38979166,Publications,850,38979166
Maia Kayal,39418122,Publications,827,39418122
Lili Chan,38329973,Publications,777,38329973
Lynne D Richardson,40165309,Publications,717,40165309
Behrang Mahjani,39830258,Publications,1070,39830258
Silvia De Rubeis,39830258,Publications,1054,39830258
Joseph D Buxbaum,39830258,Publications,1050,39830258
Isaac Marin-Valencia,39935824,Publications,922,39935824
Daniela Schiller,40343025,Publications,1084,40343025
Nelly Alia-Klein,40343025,Publications,1045,40343025
Rita Z Goldstein,40343025,Publications,1060,40343025
Ronald Hoffman,39114884,Publications,815,39114884
Huihui Li,39116219,Publications,714,39116219
Sergio A Lira,38490347,Publications,839,38490347
Michael Schotsaert,38416036,Publications,913,38416036
Rita Z Goldstein,37693420,Publications,1060,37693420
Donald K Scott,40025013,Publications,871,40025013
Veerle Bergink,40593436,Publications,1046,40593436
Patrick R Hof,40095078,Publications,955,40095078
Jian Jin,40610428,Publications,1023,40610428
John Levine,39670843,Publications,838,39670843
Alison M Goate,40055946,Publications,730,40055946
Carol C Gregorio,39992031,Publications,807,39992031
Joseph D Buxbaum,39386704,Publications,1050,39386704
Josep M Llovet,39717507,Publications,840,39717507
Miriam Merad,38687639,Publications,850,38687639
Joseph A Sparano,39835789,Publications,881,39835789
Ankit Sakhuja,40398851,Publications,869,40398851
Joy Jiang,39148827,Publications,820,39148827
Neomi A Shah,39148827,Publications,873,39148827
Joseph A Sparano,40646161,Publications,881,40646161
Stuart C Sealfon,38697122,Publications,926,38697122
Domenico Tortorella,38832789,Publications,915,38832789
Maia Kayal,40334111,Publications,827,40334111
Vaishnavi Kundel,39513996,Publications,833,39513996
Neomi A Shah,39513996,Publications,873,39513996
Lynne D Richardson,39475815,Publications,717,39475815
Lili Chan,39475815,Publications,777,39475815
Georgia Panagiotakos,39019006,Publications,1074,39019006
Rosalind J Wright,38640989,Publications,1016,38640989
Towfique Raj,38405768,Publications,967,38405768
Niamh Mullins,38405768,Publications,1072,38405768
Florian Krammer,39071292,Publications,907,39071292
Goran Bajic,39071292,Publications,900,39071292
Patrick R Hof,38964318,Publications,955,38964318
Roger L Clem,38964318,Publications,941,38964318
Carolina Cappi,38997333,Publications,1051,38997333
Damaskini Valvi,40092438,Publications,1121,40092438
Bin Zhang,38765961,Publications,756,38765961
Alexander W Charney,38765961,Publications,983,38765961
Michael S Breen,38765961,Publications,1049,38765961
Eric J Nestler,37517704,Publications,964,37517704
Insup Choi,38198537,Publications,919,38198537
Bin Zhang,38198537,Publications,756,38198537
Zhenyu Yue,38198537,Publications,930,38198537
Sacha Gnjatic,38609316,Publications,804,38609316
Samir Parekh,38609316,Publications,861,38609316
Vaishnavi Kundel,39385622,Publications,833,39385622
Bishuang Cai,38712196,Publications,774,38712196
Vaishnavi Kundel,39817189,Publications,833,39817189
Lea K Davis,38408933,Publications,1099,38408933
Georgios Voloudakis,39024449,Publications,1089,39024449
Avner Schlessinger,38172303,Publications,1027,38172303
Ron Do,38172303,Publications,723,38172303
Kuan-Lin Huang,39775839,Publications,733,39775839
Robert P Fisher,39565872,Publications,793,39565872
Lea K Davis,39475956,Publications,1099,39475956
Julie B Schnur,38185918,Publications,1115,38185918
Guy H Montgomery,38185918,Publications,1107,38185918
Cardinale B Smith,38985468,Publications,879,38985468
Jerry Edward Chipuk,38531973,Publications,780,38531973
Robert M Samstein,40027748,Publications,870,40027748
Nina Bhardwaj,40027748,Publications,768,40027748
Poulikos I Poulikakos,38168366,Publications,862,38168366
Nina Bhardwaj,38459027,Publications,768,38459027
Miguel Fribourg,39427763,Publications,794,39427763
John Cijiang He,39427763,Publications,810,39427763
Paolo Cravedi,39427763,Publications,783,39427763
Maia Kayal,37611086,Publications,827,37611086
Ya-Wen Chen,39700136,Publications,1000,39700136
Dinushika Mohottige,39345710,Publications,852,39345710
Robert O Wright,40089117,Publications,1123,40089117
Rosalind J Wright,40089117,Publications,1016,40089117
Florian Krammer,38935072,Publications,907,38935072
Ronald Hoffman,40505637,Publications,815,40505637
Nina A Bickell,38381324,Publications,1096,38381324
Carol R Horowitz,38381324,Publications,818,38381324
Jennifer M Reckrey,40371672,Publications,865,40371672
Anna-Sophie Rommel,39806199,Publications,1081,39806199
Veerle Bergink,39806199,Publications,1046,39806199
Rosalind J Wright,38460460,Publications,1016,38460460
Susanna Curtis,38592713,Publications,784,38592713
Sarah J Miller,39321451,Publications,720,39321451
Lea K Davis,39611256,Publications,1099,39611256
Tristan Shuman,39427320,Publications,975,39427320
Joshua D Brody,39763831,Publications,772,39763831
Yizhou Dong,39763831,Publications,724,39763831
Brian D Brown,39763831,Publications,721,39763831
Ki Sueng Choi,38141909,Publications,1127,38141909
Jonathan Himmelfarb,40417545,Publications,811,40417545
Damaskini Valvi,39512894,Publications,1121,39512894
Nelly Alia-Klein,39530592,Publications,1045,39530592
Rita Z Goldstein,39530592,Publications,1060,39530592
Michael Schotsaert,38198521,Publications,913,38198521
Sacha Gnjatic,39625409,Publications,804,39625409
Emanuela Taioli,39625409,Publications,1118,39625409
Dinesh Barupal,38221536,Publications,1095,38221536
Rosalind J Wright,39648751,Publications,1016,39648751
Zhen-Qiang Pan,38354782,Publications,858,38354782
Veerle Bergink,38489019,Publications,1046,38489019
Shuang Wang,40122413,Publications,895,40122413
R Sean Morrison,40122413,Publications,854,40122413
Rosalind J Wright,39786706,Publications,1016,39786706
Elena Colicino,40203750,Publications,1098,40203750
Robert O Wright,38660759,Publications,1123,38660759
Rosalind J Wright,38309331,Publications,1016,38309331
Robert O Wright,38309331,Publications,1123,38309331
Jennifer M Reckrey,40037553,Publications,865,40037553
Chitra Upadhyay,39380992,Publications,889,39380992
Catarina E Hioe,39380992,Publications,812,39380992
Scott L Friedman,39002533,Publications,795,39002533
Rita Z Goldstein,39020140,Publications,1060,39020140
Kuan-Lin Huang,38845745,Publications,733,38845745
Dmitriy Zamarin,39630912,Publications,899,39630912
Dinesh Barupal,37034715,Publications,1095,37034715
Kyung Lee,38031730,Publications,836,38031730
John Cijiang He,38031730,Publications,810,38031730
Dinushika Mohottige,39851186,Publications,852,39851186
Tristan Shuman,39508007,Publications,975,39508007
Elena Colicino,39293757,Publications,1098,39293757
Robert O Wright,39293757,Publications,1123,39293757
Rosalind J Wright,39293757,Publications,1016,39293757
Maria Jose Rosa,39293757,Publications,1114,39293757
Talia H Swartz,39889907,Publications,885,39889907
Benjamin K Chen,39889907,Publications,778,39889907
Elena Colicino,40385409,Publications,1098,40385409
Schahram Akbarian,39974894,Publications,1044,39974894
Sarah J Miller,38783890,Publications,720,38783890
Augusto Villanueva,38783890,Publications,891,38783890
Melissa Mazor,38783890,Publications,846,38783890
Cardinale B Smith,38783890,Publications,879,38783890
Emanuela Taioli,38783890,Publications,1118,38783890
Pooja Flora,37615890,Publications,689,37615890
Elena Ezhkova,37615890,Publications,688,37615890
Jennifer M Reckrey,37931897,Publications,865,37931897
Dolores Hambardzumyan,39395421,Publications,984,39395421
Manish Arora,39674324,Publications,1092,39674324
Youssef Oulhote,39674324,Publications,1109,39674324
Ryan W Walker,39674324,Publications,1122,39674324
Robert O Wright,39674324,Publications,1123,39674324
Elena Colicino,39674324,Publications,1098,39674324
Damaskini Valvi,39674324,Publications,1121,39674324
Sacha Gnjatic,38934093,Publications,804,38934093
Georgios Voloudakis,38745458,Publications,1089,38745458
Hirofumi Morishita,38839538,Publications,1071,38839538
Leslee J Shaw,39247957,Publications,992,39247957
Scott L Friedman,38916482,Publications,795,38916482
Uraina S Clark,39582260,Publications,920,39582260
Rosalind J Wright,39582260,Publications,1016,39582260
Reymundo Lozano,36441429,Publications,737,36441429
Elena Colicino,39867416,Publications,1098,39867416
Andrew F Stewart,39345578,Publications,883,39345578
Ki Sueng Choi,39198580,Publications,1127,39198580
Peter Rudebeck,39198580,Publications,970,39198580
Won-Min Song,39764102,Publications,748,39764102
Bin Zhang,39764102,Publications,756,39764102
Georgios Voloudakis,39974071,Publications,1089,39974071
Susan L Teitelbaum,40152856,Publications,1119,40152856
Manish Arora,40152856,Publications,1092,40152856
Robert O Wright,40152856,Publications,1123,40152856
Ignacio Saez,39952668,Publications,987,39952668
Bin Zhang,40491569,Publications,756,40491569
Cardinale B Smith,38975667,Publications,879,38975667
Goran Bajic,39854479,Publications,900,39854479
Poulikos I Poulikakos,39885369,Publications,862,39885369
Susanna Curtis,39969536,Publications,784,39969536
Andrew F Stewart,38042369,Publications,883,38042369
Donald K Scott,38042369,Publications,871,38042369
Towfique Raj,40502569,Publications,967,40502569
Wenyan Jiang,39506104,Publications,734,39506104
Stella Dracheva,39962241,Publications,1055,39962241
Schahram Akbarian,39962241,Publications,1044,39962241
Schahram Akbarian,39378335,Publications,1044,39378335
Tony Yuen,39713333,Publications,1034,39713333
Mone Zaidi,39713333,Publications,1035,39713333
Robert O Wright,40544343,Publications,1123,40544343
Rosalind J Wright,40544343,Publications,1016,40544343
Elena Colicino,40544343,Publications,1098,40544343
Isaac Marin-Valencia,38838644,Publications,922,38838644
Behrang Mahjani,39072027,Publications,1070,39072027
Abraham Reichenberg,39072027,Publications,1078,39072027
Rebecca Birnbaum,39072027,Publications,1048,39072027
Megan K Horton,39640590,Publications,1104,39640590
Robert O Wright,39640590,Publications,1123,39640590
Manish Arora,39640590,Publications,1092,39640590
Manasi Agrawal,39954693,Publications,758,39954693
Florian Krammer,39367276,Publications,907,39367276
Silvia De Rubeis,38976626,Publications,1054,38976626
Inga Peter,38741190,Publications,743,38741190
Damaskini Valvi,39986430,Publications,1121,39986430
Robert O Wright,39986430,Publications,1123,39986430
Elena Colicino,39986430,Publications,1098,39986430
Niamh Mullins,39843750,Publications,1072,39843750
Benjamin K Chen,36824869,Publications,778,36824869
Catarina E Hioe,36824869,Publications,812,36824869
Mary Sano,38287720,Publications,1083,38287720
Daniela Sia,39341365,Publications,875,39341365
Alison M Goate,38234807,Publications,730,38234807
Dinushika Mohottige,38973768,Publications,852,38973768
Gita A Pathak,38366106,Publications,741,38366106
Ron Do,38737007,Publications,723,38737007
James L M Ferrara,38320730,Publications,791,38320730
Thalia K Robakis,37546727,Publications,1080,37546727
Veerle Bergink,37546727,Publications,1046,37546727
Behrang Mahjani,37546727,Publications,1070,37546727
Jennifer M Reckrey,39374687,Publications,865,39374687
Sacha Gnjatic,38519056,Publications,804,38519056
Florian Krammer,38112467,Publications,907,38112467
Jessica Robinson-Papp,40585261,Publications,925,40585261
Georgios Voloudakis,39763727,Publications,1089,39763727
Ron Do,38652672,Publications,723,38652672
Triparna Sen,38533509,Publications,872,38533509
Emanuela Taioli,37496127,Publications,1118,37496127
Andrew W Varga,40039669,Publications,890,40039669
Schahram Akbarian,39911537,Publications,1044,39911537
Antonio V Aubry,39939764,Publications,931,39939764
Hirofumi Morishita,39939764,Publications,1071,39939764
Sacha Gnjatic,39461879,Publications,804,39461879
Miguel Fribourg,40588817,Publications,794,40588817
Alison G Lee,39647686,Publications,835,39647686
Michael Schotsaert,38953250,Publications,913,38953250
Saghi Ghaffari,38946206,Publications,690,38946206
Dinushika Mohottige,37594625,Publications,852,37594625
Maria Giovanna Trivieri,38753456,Publications,1134,38753456
Zahi A Fayad,38753456,Publications,1129,38753456
Silvia De Rubeis,39878593,Publications,1054,39878593
Veerle Bergink,39441185,Publications,1046,39441185
Sarah J Miller,38888723,Publications,720,38888723
Dinesh Barupal,38984754,Publications,1095,38984754
Manish Arora,38839205,Publications,1092,38839205
Ron Do,39799755,Publications,723,39799755
Gang Fang,39436220,Publications,726,39436220
Jerry Edward Chipuk,39324415,Publications,780,39324415
James L M Ferrara,38640197,Publications,791,38640197
Alison G Lee,37798345,Publications,835,37798345
Kuan-Lin Huang,39484366,Publications,733,39484366
Robert O Wright,38101622,Publications,1123,38101622
Rosalind J Wright,38101622,Publications,1016,38101622
Toni Stern,38522364,Publications,1117,38522364
Florian Krammer,38522364,Publications,907,38522364
Veerle Bergink,38522364,Publications,1046,38522364
Anna-Sophie Rommel,38522364,Publications,1081,38522364
Pei Wang,38364782,Publications,753,38364782
Manish Arora,38839204,Publications,1092,38839204
Georgios Voloudakis,39252912,Publications,1089,39252912
Talia H Swartz,39599911,Publications,885,39599911
Alexander Tepper,39236155,Publications,886,39236155
Brian D Brown,39236155,Publications,721,39236155
Miriam Merad,39236155,Publications,850,39236155
Robert O Wright,37774885,Publications,1123,37774885
Susan L Teitelbaum,38548252,Publications,1119,38548252
Robert O Wright,38548252,Publications,1123,38548252
Rosalind J Wright,38548252,Publications,1016,38548252
Sacha Gnjatic,38798338,Publications,804,38798338
Bruce D Gelb,39566494,Publications,1013,39566494
Carol R Horowitz,39566494,Publications,818,39566494
Michael Schotsaert,38293047,Publications,913,38293047
Rita Z Goldstein,39362849,Publications,1060,39362849
Nelly Alia-Klein,39362849,Publications,1045,39362849
Bin Zhang,40188314,Publications,756,40188314
Eric J Nestler,40188314,Publications,964,40188314
Eric A Sobie,39259757,Publications,1029,39259757
Carina Seah,39484441,Publications,747,39484441
Eric J Nestler,39484441,Publications,964,39484441
Jonathan Himmelfarb,40198127,Publications,811,40198127
Pei Wang,38177134,Publications,753,38177134
Prashanth Rangan,40161787,Publications,696,40161787
Antonio V Aubry,39730457,Publications,931,39730457
Eric J Nestler,39730457,Publications,964,39730457
Nicole Zatorski,39310778,Publications,1036,39310778
Kuan-Lin Huang,39310778,Publications,733,39310778
Avner Schlessinger,39310778,Publications,1027,39310778
Sacha Gnjatic,38339227,Publications,804,38339227
Bin Zhang,38339227,Publications,756,38339227
Jian Jin,38464025,Publications,1023,38464025
Dinushika Mohottige,38654119,Publications,852,38654119
Towfique Raj,40557710,Publications,967,40557710
David J Volsky,38793575,Publications,892,38793575
James C Iatridis,38312949,Publications,999,38312949
Ron Do,39006413,Publications,723,39006413
Kuan-Lin Huang,39006413,Publications,733,39006413
Marek Mlodzik,38885804,Publications,694,38885804
Robert O Wright,38964580,Publications,1123,38964580
Jian Jin,38796700,Publications,1023,38796700
Rosalind J Wright,40386437,Publications,1016,40386437
Jia Fu,38816950,Publications,796,38816950
Kyung Lee,38816950,Publications,836,38816950
John Cijiang He,38816950,Publications,810,38816950
Elza Rechtman,39358346,Publications,1112,39358346
Abraham Reichenberg,39358346,Publications,1078,39358346
Robert O Wright,39358346,Publications,1123,39358346
Megan K Horton,39358346,Publications,1104,39358346
Robert O Wright,38363634,Publications,1123,38363634
Ankit Sakhuja,39742871,Publications,869,39742871
Christopher F Basler,38617272,Publications,901,38617272
Patrick R Hof,39868756,Publications,955,39868756
Triparna Sen,39331709,Publications,872,39331709
Erin A Hazlett,40483322,Publications,1062,40483322
Magdalena Janecka,39371166,Publications,1065,39371166
Luz Claudio,37933143,Publications,1097,37933143
Jaymin J Kathiriya,38117250,Publications,825,38117250
Susanna Curtis,38746469,Publications,784,38746469
Nilsson Holguin,38706880,Publications,998,38706880
Emily Bernstein,40252649,Publications,766,40252649
Zahi A Fayad,39147201,Publications,1129,39147201
Bishuang Cai,37934943,Publications,774,37934943
Minal S Kale,38450056,Publications,822,38450056
Chung Yin Kong,38450056,Publications,829,38450056
Gang Fang,38177508,Publications,726,38177508
Zhenyu Yue,38395968,Publications,930,38395968
Daniela Schiller,38187737,Publications,1084,38187737
Jennifer M Reckrey,38715236,Publications,865,38715236
Lea K Davis,39744833,Publications,1099,39744833
Robert O Wright,38157961,Publications,1123,38157961
Lauren Petrick,39047923,Publications,1110,39047923
Nelly Alia-Klein,39693067,Publications,1045,39693067
Rita Z Goldstein,39693067,Publications,1060,39693067
Robert P Fisher,39097586,Publications,793,39097586
Avner Schlessinger,39406732,Publications,1027,39406732
Ron Do,39406732,Publications,723,39406732
Saurabh Mehandru,39937896,Publications,848,39937896
Manasi Agrawal,39461465,Publications,758,39461465
Clara Li,39658879,Publications,1069,39658879
Robert O Wright,40426716,Publications,1123,40426716
Rosalind J Wright,39283628,Publications,1016,39283628
Robert O Wright,39283628,Publications,1123,39283628
Dolores Hambardzumyan,38811170,Publications,984,38811170
James L M Ferrara,38548227,Publications,791,38548227
Gita A Pathak,38562880,Publications,741,38562880
Pei Wang,38703764,Publications,753,38703764
Ming-Ming Zhou,40044670,Publications,1037,40044670
Sacha Gnjatic,40010771,Publications,804,40010771
Eric J Nestler,38293227,Publications,964,38293227
Lili Chan,38730421,Publications,777,38730421
Ira Hofer,38730421,Publications,703,38730421
Monica Kraft,38730421,Publications,832,38730421
Ankit Sakhuja,38730421,Publications,869,38730421
Gang Fang,40473611,Publications,726,40473611
Aneel K Aggarwal,40473611,Publications,1017,40473611
Sacha Gnjatic,38057662,Publications,804,38057662
Brian D Brown,38057662,Publications,721,38057662
Fred R Hirsch,38057662,Publications,813,38057662
Miriam Merad,38057662,Publications,850,38057662
Pei Wang,40062614,Publications,753,40062614
Damaskini Valvi,38316574,Publications,1121,38316574
Andrew W Varga,38271706,Publications,890,38271706
Camille Goldman,40612515,Publications,951,40612515
Christopher F Basler,38559040,Publications,901,38559040
Damaskini Valvi,39733956,Publications,1121,39733956
Youssef Oulhote,39733956,Publications,1109,39733956
Ryan Ungaro,39080486,Publications,888,39080486
R Sean Morrison,40566741,Publications,854,40566741
Georgios Voloudakis,39658624,Publications,1089,39658624
Florian Krammer,39921982,Publications,907,39921982
Maria Giovanna Trivieri,38078997,Publications,1134,38078997
Lili Chan,39137050,Publications,777,39137050
Miriam Merad,39378878,Publications,850,39378878
Ankit Sakhuja,37962879,Publications,869,37962879
Carol R Horowitz,37962879,Publications,818,37962879
Ron Do,37962879,Publications,723,37962879
Marta Filizola,40274765,Publications,1021,40274765
Mary Sano,36876335,Publications,1083,36876335
Florian Krammer,38889725,Publications,907,38889725
Aneel K Aggarwal,38889725,Publications,1017,38889725
James C Iatridis,39702607,Publications,999,39702607
Carol C Gregorio,39285234,Publications,807,39285234
Bin Zhang,39677706,Publications,756,39677706
Kiyotake Ishikawa,37022610,Publications,819,37022610
Josep M Llovet,39131140,Publications,840,39131140
Silvia De Rubeis,40374608,Publications,1054,40374608
Michael Schotsaert,38648902,Publications,913,38648902
Eric J Nestler,38626009,Publications,964,38626009
Rosalind J Wright,37973264,Publications,1016,37973264
Amaia Lujambio,39560425,Publications,842,39560425
Aneel K Aggarwal,40186057,Publications,1017,40186057
Miriam Merad,38776911,Publications,850,38776911
Samir Parekh,38776911,Publications,861,38776911
Jose Javier Bravo-Cordero,39837324,Publications,771,39837324
R Sean Morrison,38822734,Publications,854,38822734
Rita Z Goldstein,38746340,Publications,1060,38746340
Nelly Alia-Klein,38746340,Publications,1045,38746340
Elena Colicino,39329068,Publications,1098,39329068
Yael Jacob,40049579,Publications,1064,40049579
Daniel Wacker,38168118,Publications,1030,38168118
Elena Colicino,38506828,Publications,1098,38506828
Alison G Lee,38506828,Publications,835,38506828
Michael Schotsaert,38289826,Publications,913,38289826
David J Volsky,39459844,Publications,892,39459844
Kuan-Lin Huang,38418871,Publications,733,38418871
Shuang Wang,39447848,Publications,895,39447848
R Sean Morrison,39447848,Publications,854,39447848
Bishuang Cai,39864129,Publications,774,39864129
Hongzhen Hu,38134932,Publications,707,38134932
Yi Shi,39716936,Publications,1028,39716936
Jian Jin,39716936,Publications,1023,39716936
Alexander W Charney,38156471,Publications,983,38156471
Ankit Sakhuja,38156471,Publications,869,38156471
Bruce D Gelb,38156471,Publications,1013,38156471
Ron Do,38156471,Publications,723,38156471
Anne Schaefer,38370645,Publications,973,38370645
Jia Fu,38697478,Publications,796,38697478
Kyung Lee,38697478,Publications,836,38697478
Samir Parekh,38285963,Publications,861,38285963
Josep M Llovet,38424197,Publications,840,38424197
Alison M Goate,39554174,Publications,730,39554174
R Sean Morrison,39812182,Publications,854,39812182
Judy H Cho,38969076,Publications,1002,38969076
Yael Jacob,39726173,Publications,1064,39726173
Jose Javier Bravo-Cordero,39037651,Publications,771,39037651
Miriam Merad,38771877,Publications,850,38771877
Brian D Brown,38771877,Publications,721,38771877
Yizhou Dong,38771877,Publications,724,38771877
Florian Krammer,39303682,Publications,907,39303682
Kiyotake Ishikawa,39617804,Publications,819,39617804
Lili Chan,40377180,Publications,777,40377180
Ankit Sakhuja,40377180,Publications,869,40377180
Clara Li,38333772,Publications,1069,38333772
Damaskini Valvi,38056610,Publications,1121,38056610
James L M Ferrara,39961646,Publications,791,39961646
Ronald Hoffman,39961646,Publications,815,39961646
Behrang Mahjani,40360802,Publications,1070,40360802
Joseph D Buxbaum,40360802,Publications,1050,40360802
Carolina Cappi,40360802,Publications,1051,40360802
Magdalena Janecka,40360802,Publications,1065,40360802
Abraham Reichenberg,40360802,Publications,1078,40360802
Sven Sandin,40360802,Publications,1082,40360802
Dorothy E Grice,40360802,Publications,1061,40360802
Lea K Davis,40360802,Publications,1099,40360802
Andrew W Varga,38937887,Publications,890,38937887
Damaskini Valvi,39649614,Publications,1121,39649614
Robert O Wright,39649614,Publications,1123,39649614
Elena Colicino,39649614,Publications,1098,39649614
Elena Colicino,39281765,Publications,1098,39281765
Robert J Klein,39505858,Publications,735,39505858
Michael Schotsaert,40475560,Publications,913,40475560
Goutam Chakraborty,39396849,Publications,1138,39396849
Rosalind J Wright,40495250,Publications,1016,40495250
Jennifer M Reckrey,38647702,Publications,865,38647702
R Sean Morrison,38647702,Publications,854,38647702
Kristen Whitney,39648200,Publications,1007,39648200
Won-Min Song,39648200,Publications,748,39648200
Bin Zhang,39648200,Publications,756,39648200
Ana C Pereira,39648200,Publications,924,39648200
Kiyotake Ishikawa,38457313,Publications,819,38457313
Homero Harari,38343740,Publications,1103,38343740
Rosalind J Wright,38343740,Publications,1016,38343740
Robert O Wright,38343740,Publications,1123,38343740
Nelly Alia-Klein,37961156,Publications,1045,37961156
Rita Z Goldstein,37961156,Publications,1060,37961156
Jonathan Himmelfarb,38838223,Publications,811,38838223
Towfique Raj,39677477,Publications,967,39677477
O'Jay Stewart,39743591,Publications,884,39743591
Prashant Rajbhandari,39748048,Publications,864,39748048
Jian Jin,40328756,Publications,1023,40328756
Elena Colicino,40401624,Publications,1098,40401624
Richard Silvera,38630441,Publications,1041,38630441
Pei Wang,39565691,Publications,753,39565691
Zahi A Fayad,37951322,Publications,1129,37951322
Maria Giovanna Trivieri,37951322,Publications,1134,37951322
Nicholas Chun,39615218,Publications,781,39615218
Towfique Raj,40562893,Publications,967,40562893
Niamh Mullins,40562893,Publications,1072,40562893
Anne Schaefer,38766127,Publications,973,38766127
Goran Bajic,39036987,Publications,900,39036987
Bin Zhang,39006222,Publications,756,39006222
Stephen R Salton,39006222,Publications,972,39006222
Eric J Nestler,39369762,Publications,964,39369762
Bin Zhang,39089348,Publications,756,39089348
Nicole Dubois,39836238,Publications,687,39836238
Leah Blank,35512185,Publications,918,35512185
Dinushika Mohottige,39240790,Publications,852,39240790
Carol C Gregorio,38748723,Publications,807,38748723
Stuart C Sealfon,40393809,Publications,926,40393809
Gaurav Pandey,38666756,Publications,740,38666756
Veerle Bergink,39491788,Publications,1046,39491788
Elena Colicino,39589192,Publications,1098,39589192
Maayan Yitshak Sade,39589192,Publications,1124,39589192
Yi Shi,39763924,Publications,1028,39763924
Inga Peter,39345948,Publications,743,39345948
Lili Chan,37851423,Publications,777,37851423
O'Jay Stewart,38563820,Publications,884,38563820
Georgios Voloudakis,36993704,Publications,1089,36993704
Zahi A Fayad,38765879,Publications,1129,38765879
Hirofumi Morishita,39292771,Publications,1071,39292771
Juan P Wisnivesky,39867702,Publications,896,39867702
Towfique Raj,39154163,Publications,967,39154163
Jian Jin,40199995,Publications,1023,40199995
Daniela Sia,38373106,Publications,875,38373106
Shuang Wang,38373106,Publications,895,38373106
Scott L Friedman,38373106,Publications,795,38373106
Elena Colicino,40074732,Publications,1098,40074732
Rosalind J Wright,40074732,Publications,1016,40074732
Prashant Rajbhandari,39010139,Publications,864,39010139
Abha K Rajbhandari,39010139,Publications,1077,39010139
Roland C Merchant,40503872,Publications,716,40503872
Silvia De Rubeis,39167997,Publications,1054,39167997
Leigh Goedeke,39304473,Publications,805,39304473
Fei Fang,40214977,Publications,996,40214977
Tatyana Kushner,37031718,Publications,834,37031718
Robert J Klein,39930085,Publications,735,39930085
Leigh Goedeke,39630236,Publications,805,39630236
Marta Filizola,40056143,Publications,1021,40056143
Cecilia Sara Alcala,39117147,Publications,1091,39117147
Robert O Wright,39117147,Publications,1123,39117147
Rosalind J Wright,39117147,Publications,1016,39117147
Patrick R Hof,38256223,Publications,955,38256223
Emanuela Taioli,40098842,Publications,1118,40098842
Lahouaria Hadri,39732652,Publications,1022,39732652
Silvia De Rubeis,39828505,Publications,1054,39828505
Alexander W Charney,40425725,Publications,983,40425725
Ira Hofer,40425725,Publications,703,40425725
Lili Chan,40425725,Publications,777,40425725
Monica Kraft,40425725,Publications,832,40425725
Ankit Sakhuja,40425725,Publications,869,40425725
Ankit Sakhuja,38407240,Publications,869,38407240
Maria Jose Rosa,38796021,Publications,1114,38796021
Robert O Wright,38796021,Publications,1123,38796021
Manish Arora,38796021,Publications,1092,38796021
Christine Austin,38796021,Publications,1094,38796021
Rosalind J Wright,38796021,Publications,1016,38796021
Rosalind J Wright,38354885,Publications,1016,38354885
Robert O Wright,38354885,Publications,1123,38354885
Carolina Cappi,40122455,Publications,1051,40122455
Mary Sano,39013750,Publications,1083,39013750
Florian Krammer,40161664,Publications,907,40161664
Goran Bajic,40161664,Publications,900,40161664
Elvin Wagenblast,39478230,Publications,893,39478230
Pei Wang,38327830,Publications,753,38327830
Zahi A Fayad,39085390,Publications,1129,39085390
Zhen-Qiang Pan,38354780,Publications,858,38354780
Michael Schotsaert,40378209,Publications,913,40378209
Alison M Goate,39737785,Publications,730,39737785
Eric J Nestler,39026727,Publications,964,39026727
Brian D Brown,40038251,Publications,721,40038251
Miriam Merad,40038251,Publications,850,40038251
Yizhou Dong,40038251,Publications,724,40038251
Towfique Raj,38343831,Publications,967,38343831
Georgios Voloudakis,38343831,Publications,1089,38343831
Tony Yuen,39096452,Publications,1034,39096452
Mone Zaidi,39096452,Publications,1035,39096452
Carol R Horowitz,38461101,Publications,818,38461101
Lynne D Richardson,38461101,Publications,717,38461101
Behrang Mahjani,38712091,Publications,1070,38712091
Joseph D Buxbaum,38712091,Publications,1050,38712091
Carolina Cappi,38712091,Publications,1051,38712091
Magdalena Janecka,38712091,Publications,1065,38712091
Abraham Reichenberg,38712091,Publications,1078,38712091
Sven Sandin,38712091,Publications,1082,38712091
Dorothy E Grice,38712091,Publications,1061,38712091
Lea K Davis,38712091,Publications,1099,38712091
Robert O Wright,38382019,Publications,1123,38382019
Rosalind J Wright,38382019,Publications,1016,38382019
Manasi Agrawal,39474439,Publications,758,39474439
Inga Peter,39474439,Publications,743,39474439
Manish Arora,39474439,Publications,1092,39474439
Robert O Wright,39474439,Publications,1123,39474439
Youssef Oulhote,40137527,Publications,1109,40137527
Alexander W Charney,39962245,Publications,983,39962245
Eric J Nestler,39962245,Publications,964,39962245
Yizhou Dong,39962245,Publications,724,39962245
Jennifer M Reckrey,38280225,Publications,865,38280225
Madison Weber,38971398,Publications,700,38971398
Pooja Flora,38971398,Publications,689,38971398
Elena Ezhkova,38971398,Publications,688,38971398
James L M Ferrara,38324721,Publications,791,38324721
Elena Colicino,40288741,Publications,1098,40288741
Sonali Bose,40288741,Publications,769,40288741
Robert O Wright,40288741,Publications,1123,40288741
Rosalind J Wright,40288741,Publications,1016,40288741
Eric J Nestler,38351270,Publications,964,38351270
Justin Lines,39680037,Publications,961,39680037
Bin Zhang,39168984,Publications,756,39168984
Brian D Brown,39988560,Publications,721,39988560
Anna Chorniy,38408083,Publications,1009,38408083
Rita Z Goldstein,38850196,Publications,1060,38850196
Manasi Agrawal,39572132,Publications,758,39572132
Florian Krammer,39066351,Publications,907,39066351
Fred R Hirsch,39066351,Publications,813,39066351
Patrick R Hof,37341072,Publications,955,37341072
Amy R Kontorovich,39698805,Publications,831,39698805
Eric J Nestler,38671178,Publications,964,38671178
Daniela Schiller,38671178,Publications,1084,38671178
Leigh Goedeke,39680452,Publications,805,39680452
Hongzhen Hu,40132579,Publications,707,40132579
Aneel K Aggarwal,38798402,Publications,1017,38798402
Damaskini Valvi,38061983,Publications,1121,38061983
Ron Do,38862854,Publications,723,38862854
Ernest Turro,39039281,Publications,752,39039281
Eric J Nestler,38332016,Publications,964,38332016
Schahram Akbarian,38332016,Publications,1044,38332016
Min Xue,38170904,Publications,1031,38170904
Elena Colicino,38719081,Publications,1098,38719081
Robert O Wright,38719081,Publications,1123,38719081
Rosalind J Wright,38719081,Publications,1016,38719081
Lahouaria Hadri,39966642,Publications,1022,39966642
Manasi Agrawal,39270875,Publications,758,39270875
Inga Peter,39270875,Publications,743,39270875
O'Jay Stewart,38709237,Publications,884,38709237
Anna Chorniy,38565809,Publications,1009,38565809
Jian Jin,38295690,Publications,1023,38295690
Abraham Reichenberg,38354871,Publications,1078,38354871
39017846,5R01DK046865-31,Awards,39017846,1
38971398,1F31AR082689-01A1,Awards,38971398,4
39836238,1R01HL173318-01,Awards,39836238,5
39836238,1R01HL175488-01,Awards,39836238,6
40166016,1R01AG089916-01,Awards,40166016,7
40252649,5P30AR079200-04,Awards,40252649,8
40139648,5P30AR079200-04,Awards,40139648,8
39975057,5P30AR079200-04,Awards,39975057,8
39955307,5P30AR079200-04,Awards,39955307,8
39229151,5P30AR079200-04,Awards,39229151,8
39149265,5P30AR079200-04,Awards,39149265,8
38971398,5P30AR079200-04,Awards,38971398,8
38814244,5P30AR079200-04,Awards,38814244,8
38772365,5P30AR079200-04,Awards,38772365,8
38744503,5P30AR079200-04,Awards,38744503,8
38679196,5P30AR079200-04,Awards,38679196,8
38375886,5P30AR079200-04,Awards,38375886,8
38319712,5P30AR079200-04,Awards,38319712,8
38241368,5P30AR079200-04,Awards,38241368,8
38194909,5P30AR079200-04,Awards,38194909,8
38134932,5P30AR079200-04,Awards,38134932,8
38049071,5P30AR079200-04,Awards,38049071,8
37984799,5P30AR079200-04,Awards,37984799,8
37742913,5P30AR079200-04,Awards,37742913,8
37615890,5P30AR079200-04,Awards,37615890,8
38971398,3R01AR069078-10S1,Awards,38971398,9
38194909,3R01AR069078-10S1,Awards,38194909,9
37615890,3R01AR069078-10S1,Awards,37615890,9
38971398,5K99AR082956-02,Awards,38971398,10
38946206,5R01CA205975-08,Awards,38946206,11
38946206,5R01HL136255-06,Awards,38946206,12
38946206,5R01HL161567-03,Awards,38946206,13
39913302,5R01AR070231-09,Awards,39913302,14
38842166,5R01AR070231-09,Awards,38842166,14
38456551,5R01AR070231-09,Awards,38456551,14
39913302,1R21AR084632-01,Awards,39913302,15
39913302,3R01DE024748-08S1,Awards,39913302,16
39955307,5R01AR081322-03,Awards,39955307,18
39149265,5R01AR081322-03,Awards,39149265,18
38679196,5R01AR081322-03,Awards,38679196,18
38885804,5R35GM127103-07,Awards,38885804,21
38870008,5R35GM127103-07,Awards,38870008,21
40161787,1R35GM152236-01,Awards,40161787,23
39951022,5R35GM122492-08,Awards,39951022,27
39868253,5R35GM122492-08,Awards,39868253,27
39652739,1R01HL172940-01,Awards,39652739,28
39652739,1R01EB035491-01,Awards,39652739,29
38971398,1F31CA280993-01A1,Awards,38971398,30
38898112,5F31HD112158-02,Awards,38898112,31
38328218,5F31HD112158-02,Awards,38328218,31
39365995,5R21AI169516-02,Awards,39365995,32
39365995,5R01HD100518-05,Awards,39365995,33
39820689,5K01HL150318-05,Awards,39820689,34
39284154,5K01HL150318-05,Awards,39284154,34
38215713,5K01HL150318-05,Awards,38215713,34
37883900,5K01HL150318-05,Awards,37883900,34
40166016,7R01DK134773-02,Awards,40166016,40
40132579,7R01DK134773-02,Awards,40132579,40
38134932,7R01DK134773-02,Awards,38134932,40
40166016,5R01AR077183-06,Awards,40166016,41
40132579,5R01AR077183-06,Awards,40132579,41
38134932,5R01AR077183-06,Awards,38134932,41
37962791,5R01AR077183-06,Awards,37962791,41
40267702,5K08CA263187-04,Awards,40267702,43
40037497,5K08CA263187-04,Awards,40037497,43
39225095,5K08CA263187-04,Awards,39225095,43
37984799,5K08CA263187-04,Awards,37984799,43
40166016,1R01DK141106-01,Awards,40166016,44
40132579,1R01DK141106-01,Awards,40132579,44
40326866,5R01AR077007-04,Awards,40326866,45
40166016,5R01AR077007-04,Awards,40166016,45
40132579,5R01AR077007-04,Awards,40132579,45
39989951,5R01AR077007-04,Awards,39989951,45
39968019,5R01AR077007-04,Awards,39968019,45
38712036,5R01AR077007-04,Awards,38712036,45
38134932,5R01AR077007-04,Awards,38134932,45
37984799,5R01AR077007-04,Awards,37984799,45
39003573,5T32AR082315-02,Awards,39003573,46
40165309,1K08HL169980-01A1,Awards,40165309,47
39993863,1K08HL169980-01A1,Awards,39993863,47
39968791,1K08HL169980-01A1,Awards,39968791,47
39675178,1K08HL169980-01A1,Awards,39675178,47
39475815,1K08HL169980-01A1,Awards,39475815,47
40272393,3U54CA267776-03S1,Awards,40272393,48
40237455,3U54CA267776-03S1,Awards,40237455,48
40216768,3U54CA267776-03S1,Awards,40216768,48
40161664,3U54CA267776-03S1,Awards,40161664,48
39835789,3U54CA267776-03S1,Awards,39835789,48
39652739,3U54CA267776-03S1,Awards,39652739,48
39071292,3U54CA267776-03S1,Awards,39071292,48
39036987,3U54CA267776-03S1,Awards,39036987,48
38853915,3U54CA267776-03S1,Awards,38853915,48
38641749,3U54CA267776-03S1,Awards,38641749,48
38746469,5U01HL167036-02,Awards,38746469,49
39854010,5R01HL159116-03,Awards,39854010,50
39553865,5R01HL159116-03,Awards,39553865,50
38746469,5R01HL159116-03,Awards,38746469,50
39116219,5K01DK131401-03,Awards,39116219,52
40662447,3R01DA048009-05S1,Awards,40662447,53
40492421,3R01DA048009-05S1,Awards,40492421,53
40288941,3R01DA048009-05S1,Awards,40288941,53
39904921,3R01DA048009-05S1,Awards,39904921,53
39729684,3R01DA048009-05S1,Awards,39729684,53
39668570,3R01DA048009-05S1,Awards,39668570,53
39270332,3R01DA048009-05S1,Awards,39270332,53
39194962,3R01DA048009-05S1,Awards,39194962,53
39161754,3R01DA048009-05S1,Awards,39161754,53
38863233,3R01DA048009-05S1,Awards,38863233,53
39134444,5R01DA055533-03,Awards,39134444,54
40402351,5T32HL160513-03,Awards,40402351,55
40377768,5T32HL160513-03,Awards,40377768,55
39992036,5T32HL160513-03,Awards,39992036,55
38890400,5T32HL160513-03,Awards,38890400,55
38078994,5T32HL160513-03,Awards,38078994,55
40503872,1K23MH136923-01,Awards,40503872,57
39990586,1K23MH136923-01,Awards,39990586,57
39321451,5R01CA248981-04,Awards,39321451,59
39481380,5R01AT011326-05,Awards,39481380,60
39378878,5R01AT011326-05,Awards,39378878,60
40038251,1R01DK138025-01,Awards,40038251,61
39763831,1R01DK138025-01,Awards,39763831,61
39530396,5UM1AI173380-02,Awards,39530396,62
38295882,5UM1AI173380-02,Awards,38295882,62
38284919,5UM1AI173380-02,Awards,38284919,62
40551016,5R35GM124836-07,Awards,40551016,63
40272416,5R35GM124836-07,Awards,40272416,63
40065360,5R35GM124836-07,Awards,40065360,63
39982391,5R35GM124836-07,Awards,39982391,63
39896457,5R35GM124836-07,Awards,39896457,63
39799755,5R35GM124836-07,Awards,39799755,63
39657681,5R35GM124836-07,Awards,39657681,63
39406732,5R35GM124836-07,Awards,39406732,63
39384761,5R35GM124836-07,Awards,39384761,63
39233338,5R35GM124836-07,Awards,39233338,63
39185915,5R35GM124836-07,Awards,39185915,63
38906208,5R35GM124836-07,Awards,38906208,63
38862854,5R35GM124836-07,Awards,38862854,63
38737007,5R35GM124836-07,Awards,38737007,63
38642551,5R35GM124836-07,Awards,38642551,63
38172303,5R35GM124836-07,Awards,38172303,63
38095106,5R35GM124836-07,Awards,38095106,63
40481318,3R01HL155915-04S1,Awards,40481318,64
39558090,3R01HL155915-04S1,Awards,39558090,64
39384761,3R01HL155915-04S1,Awards,39384761,64
39233338,3R01HL155915-04S1,Awards,39233338,64
39181999,3R01HL155915-04S1,Awards,39181999,64
38925729,3R01HL155915-04S1,Awards,38925729,64
38862854,3R01HL155915-04S1,Awards,38862854,64
38737007,3R01HL155915-04S1,Awards,38737007,64
38687616,3R01HL155915-04S1,Awards,38687616,64
38172303,3R01HL155915-04S1,Awards,38172303,64
38156471,3R01HL155915-04S1,Awards,38156471,64
40368188,3R35GM144117-04S1,Awards,40368188,65
40349174,3R35GM144117-04S1,Awards,40349174,65
40317512,3R35GM144117-04S1,Awards,40317512,65
40038251,3R35GM144117-04S1,Awards,40038251,65
39962245,3R35GM144117-04S1,Awards,39962245,65
38771877,3R35GM144117-04S1,Awards,38771877,65
38272900,3R35GM144117-04S1,Awards,38272900,65
39951545,3R01AI174902-02S1,Awards,39951545,66
39868147,3R01DK112978-06S1,Awards,39868147,68
39666007,3R01DK112978-06S1,Awards,39666007,68
39604726,3R01DK112978-06S1,Awards,39604726,68
39868147,2R01DK124133-05,Awards,39868147,69
39604726,2R01DK124133-05,Awards,39604726,69
39436220,5R01MH125579-04,Awards,39436220,70
39388546,5R01MH125579-04,Awards,39388546,70
37961635,5R01MH125579-04,Awards,37961635,70
40473611,5R35GM139655-04,Awards,40473611,71
39829898,5R35GM139655-04,Awards,39829898,71
39605700,5R35GM139655-04,Awards,39605700,71
39244607,5R35GM139655-04,Awards,39244607,71
38177508,5R35GM139655-04,Awards,38177508,71
39764102,5R01AI170112-03,Awards,39764102,72
39089348,5R01AI170112-03,Awards,39089348,72
40425378,1K99HG013547-01,Awards,40425378,73
38947033,1K99HG013547-01,Awards,38947033,73
39031528,5F32AG082483-02,Awards,39031528,74
40592257,5U54NS123746-04,Awards,40592257,75
40585105,5U54NS123746-04,Awards,40585105,75
40344390,5U54NS123746-04,Awards,40344390,75
40055946,5U54NS123746-04,Awards,40055946,75
39990495,5U54NS123746-04,Awards,39990495,75
39814010,5U54NS123746-04,Awards,39814010,75
39251599,5U54NS123746-04,Awards,39251599,75
39236079,5U54NS123746-04,Awards,39236079,75
39183196,5U54NS123746-04,Awards,39183196,75
39032719,5U54NS123746-04,Awards,39032719,75
38895329,5U54NS123746-04,Awards,38895329,75
38812061,5U54NS123746-04,Awards,38812061,75
38464214,5U54NS123746-04,Awards,38464214,75
38424454,5U54NS123746-04,Awards,38424454,75
38419122,5U54NS123746-04,Awards,38419122,75
38234807,5U54NS123746-04,Awards,38234807,75
38195580,5U54NS123746-04,Awards,38195580,75
37873080,5U54NS123746-04,Awards,37873080,75
37398204,5U54NS123746-04,Awards,37398204,75
37163077,5U54NS123746-04,Awards,37163077,75
40609535,5R01AG072489-03,Awards,40609535,76
39939753,5R01AG072489-03,Awards,39939753,76
39843911,5R01AG072489-03,Awards,39843911,76
39281867,5R01AG072489-03,Awards,39281867,76
38766127,5R01AG072489-03,Awards,38766127,76
38370645,5R01AG072489-03,Awards,38370645,76
39345948,5R01DE030596-04,Awards,39345948,77
38915184,5R01HD112518-02,Awards,38915184,78
38370847,5R01HD112518-02,Awards,38370847,78
39992227,5R35GM138113-05,Awards,39992227,79
39775839,5R35GM138113-05,Awards,39775839,79
39605415,5R35GM138113-05,Awards,39605415,79
39484404,5R35GM138113-05,Awards,39484404,79
39484366,5R35GM138113-05,Awards,39484366,79
39006413,5R35GM138113-05,Awards,39006413,79
39000484,5R35GM138113-05,Awards,39000484,79
38845745,5R35GM138113-05,Awards,38845745,79
38418871,5R35GM138113-05,Awards,38418871,79
39506104,5R00AI153530-04,Awards,39506104,80
39930085,3R01CA244948-04S1,Awards,39930085,81
39505858,3R01CA244948-04S1,Awards,39505858,81
38978663,3R01CA244948-04S1,Awards,38978663,81
38845201,3R01CA244948-04S1,Awards,38845201,81
38772787,3R01CA244948-04S1,Awards,38772787,81
37961155,3R01CA244948-04S1,Awards,37961155,81
36441429,5K01NS126736-03,Awards,36441429,83
40211055,5R01HG012773-02,Awards,40211055,85
39605697,5R01HG012773-02,Awards,39605697,85
38123642,5R01HG012773-02,Awards,38123642,85
39633571,5R01MH122866-05,Awards,39633571,86
39605697,5R01MH122866-05,Awards,39605697,86
38947033,5R01MH122866-05,Awards,38947033,86
38123642,5R01MH122866-05,Awards,38123642,86
38834572,5R01HG011407-04,Awards,38834572,87
38666756,5R01HG011407-04,Awards,38666756,87
38387571,5R01HG011407-04,Awards,38387571,87
38177352,5R01HG011407-04,Awards,38177352,87
40595462,4R00AG078503-03,Awards,40595462,88
40533324,4R00AG078503-03,Awards,40533324,88
40421744,4R00AG078503-03,Awards,40421744,88
39755697,4R00AG078503-03,Awards,39755697,88
39558002,4R00AG078503-03,Awards,39558002,88
39380377,4R00AG078503-03,Awards,39380377,88
39294497,4R00AG078503-03,Awards,39294497,88
39228734,4R00AG078503-03,Awards,39228734,88
38562880,4R00AG078503-03,Awards,38562880,88
38454550,4R00AG078503-03,Awards,38454550,88
38366106,4R00AG078503-03,Awards,38366106,88
38355787,4R00AG078503-03,Awards,38355787,88
38335780,4R00AG078503-03,Awards,38335780,88
37910111,4R00AG078503-03,Awards,37910111,88
40084623,5R00LM012992-05,Awards,40084623,89
39345488,5R00LM012992-05,Awards,39345488,89
39030733,5R00LM012992-05,Awards,39030733,89
38685113,5R00LM012992-05,Awards,38685113,89
38496501,5R00LM012992-05,Awards,38496501,89
38389099,5R00LM012992-05,Awards,38389099,89
40603300,5R01AG082185-02,Awards,40603300,92
40480991,5R01AG082185-02,Awards,40480991,92
40246882,5R01AG082185-02,Awards,40246882,92
40060050,5R01AG082185-02,Awards,40060050,92
39975411,5R01AG082185-02,Awards,39975411,92
39974071,5R01AG082185-02,Awards,39974071,92
39962241,5R01AG082185-02,Awards,39962241,92
39855972,5R01AG082185-02,Awards,39855972,92
39711543,5R01AG082185-02,Awards,39711543,92
39677435,5R01AG082185-02,Awards,39677435,92
39528718,5R01AG082185-02,Awards,39528718,92
39478215,5R01AG082185-02,Awards,39478215,92
39232162,5R01AG082185-02,Awards,39232162,92
39010139,5R01AG082185-02,Awards,39010139,92
38343831,5R01AG082185-02,Awards,38343831,92
40623285,5F30MH132324-02,Awards,40623285,95
39484441,5F30MH132324-02,Awards,39484441,95
38826319,5F30MH132324-02,Awards,38826319,95
39764102,5R35GM142918-04,Awards,39764102,96
39229156,5F31MH130122-03,Awards,39229156,98
39026810,5F31MH130122-03,Awards,39026810,98
40345666,5R01HL161365-02,Awards,40345666,100
40210679,5R01HL161365-02,Awards,40210679,100
39256359,5R01HL161365-02,Awards,39256359,100
39039281,5R01HL161365-02,Awards,39039281,100
38969303,5R01HL161365-02,Awards,38969303,100
38821540,5R01HL161365-02,Awards,38821540,100
38211685,5R01HL161365-02,Awards,38211685,100
40210679,5R03HD111492-02,Awards,40210679,101
39039281,5R03HD111492-02,Awards,39039281,101
38821540,5R03HD111492-02,Awards,38821540,101
38211685,5R03HD111492-02,Awards,38211685,101
40501705,5U24CA271114-03,Awards,40501705,102
40308216,5U24CA271114-03,Awards,40308216,102
40133794,5U24CA271114-03,Awards,40133794,102
40062614,5U24CA271114-03,Awards,40062614,102
39569206,5U24CA271114-03,Awards,39569206,102
39565691,5U24CA271114-03,Awards,39565691,102
39127042,5U24CA271114-03,Awards,39127042,102
38981438,5U24CA271114-03,Awards,38981438,102
38703764,5U24CA271114-03,Awards,38703764,102
38645198,5U24CA271114-03,Awards,38645198,102
38412834,5U24CA271114-03,Awards,38412834,102
38364782,5U24CA271114-03,Awards,38364782,102
38359819,5U24CA271114-03,Awards,38359819,102
38327830,5U24CA271114-03,Awards,38327830,102
38177134,5U24CA271114-03,Awards,38177134,102
39700288,5R01DK134783-02,Awards,39700288,105
38888238,5R01DK134783-02,Awards,38888238,105
37823037,5R01DK134783-02,Awards,37823037,105
40502140,5R01AG068030-05,Awards,40502140,106
40491569,5R01AG068030-05,Awards,40491569,106
40065072,5R01AG068030-05,Awards,40065072,106
39973082,5R01AG068030-05,Awards,39973082,106
39713290,5R01AG068030-05,Awards,39713290,106
39168984,5R01AG068030-05,Awards,39168984,106
38802590,5R01AG068030-05,Awards,38802590,106
38496619,5R01AG068030-05,Awards,38496619,106
38462606,5R01AG068030-05,Awards,38462606,106
38254666,5R01AG068030-05,Awards,38254666,106
40491569,1R01AG085182-01A1,Awards,40491569,107
40491569,4R01AG074010-02,Awards,40491569,108
39973082,4R01AG074010-02,Awards,39973082,108
39764102,4R01AG074010-02,Awards,39764102,108
39677706,4R01AG074010-02,Awards,39677706,108
38462606,4R01AG074010-02,Awards,38462606,108
38254666,4R01AG074010-02,Awards,38254666,108
40252079,5T32CA078207-25,Awards,40252079,109
40232306,5T32CA078207-25,Awards,40232306,109
40214647,5T32CA078207-25,Awards,40214647,109
39905966,5T32CA078207-25,Awards,39905966,109
39856363,5T32CA078207-25,Awards,39856363,109
39853278,5T32CA078207-25,Awards,39853278,109
39716936,5T32CA078207-25,Awards,39716936,109
39560425,5T32CA078207-25,Awards,39560425,109
39378878,5T32CA078207-25,Awards,39378878,109
38812546,5T32CA078207-25,Awards,38812546,109
38802590,5T32CA078207-25,Awards,38802590,109
38614269,5T32CA078207-25,Awards,38614269,109
38602846,5T32CA078207-25,Awards,38602846,109
38508241,5T32CA078207-25,Awards,38508241,109
38464025,5T32CA078207-25,Awards,38464025,109
38459027,5T32CA078207-25,Awards,38459027,109
38311543,5T32CA078207-25,Awards,38311543,109
38295690,5T32CA078207-25,Awards,38295690,109
38230954,5T32CA078207-25,Awards,38230954,109
38184712,5T32CA078207-25,Awards,38184712,109
37919548,5T32CA078207-25,Awards,37919548,109
40645392,5K23DK129762-04,Awards,40645392,110
39954693,5K23DK129762-04,Awards,39954693,110
39856480,5K23DK129762-04,Awards,39856480,110
39657593,5K23DK129762-04,Awards,39657593,110
39572132,5K23DK129762-04,Awards,39572132,110
39549765,5K23DK129762-04,Awards,39549765,110
39461465,5K23DK129762-04,Awards,39461465,110
39425738,5K23DK129762-04,Awards,39425738,110
39403049,5K23DK129762-04,Awards,39403049,110
39270875,5K23DK129762-04,Awards,39270875,110
39179372,5K23DK129762-04,Awards,39179372,110
39054059,5K23DK129762-04,Awards,39054059,110
38729392,5K23DK129762-04,Awards,38729392,110
38495524,5K23DK129762-04,Awards,38495524,110
38154728,5K23DK129762-04,Awards,38154728,110
38128971,5K23DK129762-04,Awards,38128971,110
38123972,5K23DK129762-04,Awards,38123972,110
38008228,5K23DK129762-04,Awards,38008228,110
37950021,5K23DK129762-04,Awards,37950021,110
40566741,5R33AG065726-05,Awards,40566741,111
40252859,5R33AG065726-05,Awards,40252859,111
40122413,5R33AG065726-05,Awards,40122413,111
39812182,5R33AG065726-05,Awards,39812182,111
39447848,5R33AG065726-05,Awards,39447848,111
38278187,5R33AG065726-05,Awards,38278187,111
38206362,5K01DK128387-03,Awards,38206362,112
39720848,5K76AG064427-05,Awards,39720848,113
38822746,5K76AG064427-05,Awards,38822746,113
38819620,5K76AG064427-05,Awards,38819620,113
38597342,5K76AG064427-05,Awards,38597342,113
38506841,5K76AG064427-05,Awards,38506841,113
38152855,5K76AG064427-05,Awards,38152855,113
39528718,5T32HL160511-02,Awards,39528718,114
39499779,5T32HL160511-02,Awards,39499779,114
38937887,5T32HL160511-02,Awards,38937887,114
38443711,5R25DK124917-05,Awards,38443711,115
37923131,5R25DK124917-05,Awards,37923131,115
37899379,5R25DK124917-05,Awards,37899379,115
39835789,5R00CA263033-04,Awards,39835789,116
39892705,5R01NS110837-05,Awards,39892705,119
38205242,1R03DK138492-01,Awards,38205242,120
38064570,1R03DK138492-01,Awards,38064570,120
40505637,5K12CA270375-03,Awards,40505637,121
40436855,5K12CA270375-03,Awards,40436855,121
39383457,5K12CA270375-03,Awards,39383457,121
40221147,5U01CA288425-02,Awards,40221147,124
40018369,5U01CA288425-02,Awards,40018369,124
38373106,5U01CA288425-02,Awards,38373106,124
38230878,5U01CA288425-02,Awards,38230878,124
39837324,5R01CA244780-05,Awards,39837324,125
39037651,5R01CA244780-05,Awards,39037651,125
38311543,5R01CA244780-05,Awards,38311543,125
38184712,5R01CA244780-05,Awards,38184712,125
39837324,5R61CA278402-02,Awards,39837324,126
39037651,5R61CA278402-02,Awards,39037651,126
38311543,5R61CA278402-02,Awards,38311543,126
38184712,5R61CA278402-02,Awards,38184712,126
39838105,5U01CA282114-02,Awards,39838105,128
39762425,5U01CA282114-02,Awards,39762425,128
39481380,5U01CA282114-02,Awards,39481380,128
39236155,5U01CA282114-02,Awards,39236155,128
38057662,5U01CA282114-02,Awards,38057662,128
39530396,5U01AI160082-04,Awards,39530396,129
40015280,5R35GM147269-03,Awards,40015280,130
39864129,5R35GM147269-03,Awards,39864129,130
38712196,5R35GM147269-03,Awards,38712196,130
37934943,5R35GM147269-03,Awards,37934943,130
40015280,5R01DK134610-02,Awards,40015280,131
39864129,5R01DK134610-02,Awards,39864129,131
38712196,5R01DK134610-02,Awards,38712196,131
38237590,5R01DK134610-02,Awards,38237590,131
37934943,5R01DK134610-02,Awards,37934943,131
40015280,5R01HL167107-02,Awards,40015280,132
38712196,5R01HL167107-02,Awards,38712196,132
38237590,5R01HL167107-02,Awards,38237590,132
37934943,5R01HL167107-02,Awards,37934943,132
40196696,5R21HL165298-02,Awards,40196696,133
38452919,2R01DK122807-06A1,Awards,38452919,134
40417545,5U01DK133093-03,Awards,40417545,135
40358510,5U01DK133093-03,Awards,40358510,135
40235211,5U01DK133093-03,Awards,40235211,135
40198127,5U01DK133093-03,Awards,40198127,135
39332674,5U01DK133093-03,Awards,39332674,135
39137050,5U01DK133093-03,Awards,39137050,135
38904098,5U01DK133093-03,Awards,38904098,135
38474316,5U01DK133093-03,Awards,38474316,135
38429282,5U01DK133093-03,Awards,38429282,135
38394643,5U01DK133093-03,Awards,38394643,135
38287344,5U01DK133093-03,Awards,38287344,135
38199997,5U01DK133093-03,Awards,38199997,135
38154558,5U01DK133093-03,Awards,38154558,135
37871973,5U01DK133093-03,Awards,37871973,135
37533147,5U01DK133093-03,Awards,37533147,135
40305113,5K23DK124645-04,Awards,40305113,136
39879098,5K23DK124645-04,Awards,39879098,136
39851186,5K23DK124645-04,Awards,39851186,136
39137050,5K23DK124645-04,Awards,39137050,136
38730421,5K23DK124645-04,Awards,38730421,136
38329973,5K23DK124645-04,Awards,38329973,136
37851423,5K23DK124645-04,Awards,37851423,136
40459949,5U01DK137259-02,Awards,40459949,137
39137050,5U01DK137259-02,Awards,39137050,137
39088407,5U01DK137259-02,Awards,39088407,137
40609533,5R01MH134319-02,Awards,40609533,138
39599911,5R01MH134319-02,Awards,39599911,138
38529284,5R01MH134319-02,Awards,38529284,138
40044684,5R01AI162223-04,Awards,40044684,139
40548379,1R38AI181012-01,Awards,40548379,140
39889907,5R37AI148064-13,Awards,39889907,142
39108723,5R37AI148064-13,Awards,39108723,142
36824869,5R37AI148064-13,Awards,36824869,142
39868147,5F30DK131862-03,Awards,39868147,143
39763924,5R01CA267696-03,Awards,39763924,144
39378840,5R01CA267696-03,Awards,39378840,144
39324415,5R01CA267696-03,Awards,39324415,144
38531973,5R01CA267696-03,Awards,38531973,144
38486272,5R01CA267696-03,Awards,38486272,144
38194271,5R01CA267696-03,Awards,38194271,144
40166161,5R01CA237264-05,Awards,40166161,145
39863913,5R01CA237264-05,Awards,39863913,145
39835789,5R01CA237264-05,Awards,39835789,145
39763924,5R01CA237264-05,Awards,39763924,145
39716936,5R01CA237264-05,Awards,39716936,145
39378840,5R01CA237264-05,Awards,39378840,145
38531973,5R01CA237264-05,Awards,38531973,145
38486272,5R01CA237264-05,Awards,38486272,145
38194271,5R01CA237264-05,Awards,38194271,145
39763924,5R01CA271346-02,Awards,39763924,146
39378840,5R01CA271346-02,Awards,39378840,146
39324415,5R01CA271346-02,Awards,39324415,146
38531973,5R01CA271346-02,Awards,38531973,146
38486272,5R01CA271346-02,Awards,38486272,146
38194271,5R01CA271346-02,Awards,38194271,146
39615218,5R01AI172899-03,Awards,39615218,147
39388279,5R01AI172899-03,Awards,39388279,147
39810769,2R56AI132949-06,Awards,39810769,150
39044331,2R56AI132949-06,Awards,39044331,150
39969536,5K23HL151884-04,Awards,39969536,151
38746469,5K23HL151884-04,Awards,38746469,151
38639326,5K23HL151884-04,Awards,38639326,151
38592713,5K23HL151884-04,Awards,38592713,151
38554715,5K23HL151884-04,Awards,38554715,151
39706169,1R01DK139395-01,Awards,39706169,152
39207847,1R01DK139395-01,Awards,39207847,152
39174195,1R01DK139395-01,Awards,39174195,152
38929151,1R01DK139395-01,Awards,38929151,152
40044684,5F30AI162222-03,Awards,40044684,153
40588371,3P30CA196521-10S1,Awards,40588371,154
40585213,3P30CA196521-10S1,Awards,40585213,154
40566742,3P30CA196521-10S1,Awards,40566742,154
40536340,3P30CA196521-10S1,Awards,40536340,154
40436855,3P30CA196521-10S1,Awards,40436855,154
40429725,3P30CA196521-10S1,Awards,40429725,154
40252649,3P30CA196521-10S1,Awards,40252649,154
40166940,3P30CA196521-10S1,Awards,40166940,154
40166299,3P30CA196521-10S1,Awards,40166299,154
40166161,3P30CA196521-10S1,Awards,40166161,154
40161787,3P30CA196521-10S1,Awards,40161787,154
40152257,3P30CA196521-10S1,Awards,40152257,154
40014375,3P30CA196521-10S1,Awards,40014375,154
40010771,3P30CA196521-10S1,Awards,40010771,154
39994175,3P30CA196521-10S1,Awards,39994175,154
39975057,3P30CA196521-10S1,Awards,39975057,154
39930084,3P30CA196521-10S1,Awards,39930084,154
39907729,3P30CA196521-10S1,Awards,39907729,154
39896259,3P30CA196521-10S1,Awards,39896259,154
39875582,3P30CA196521-10S1,Awards,39875582,154
39837324,3P30CA196521-10S1,Awards,39837324,154
39835789,3P30CA196521-10S1,Awards,39835789,154
39823183,3P30CA196521-10S1,Awards,39823183,154
39763924,3P30CA196521-10S1,Awards,39763924,154
39763802,3P30CA196521-10S1,Awards,39763802,154
39762425,3P30CA196521-10S1,Awards,39762425,154
39667999,3P30CA196521-10S1,Awards,39667999,154
39666007,3P30CA196521-10S1,Awards,39666007,154
39657664,3P30CA196521-10S1,Awards,39657664,154
39625409,3P30CA196521-10S1,Awards,39625409,154
39560425,3P30CA196521-10S1,Awards,39560425,154
39542655,3P30CA196521-10S1,Awards,39542655,154
39524206,3P30CA196521-10S1,Awards,39524206,154
39509704,3P30CA196521-10S1,Awards,39509704,154
39481380,3P30CA196521-10S1,Awards,39481380,154
39478230,3P30CA196521-10S1,Awards,39478230,154
39454027,3P30CA196521-10S1,Awards,39454027,154
39388279,3P30CA196521-10S1,Awards,39388279,154
39384951,3P30CA196521-10S1,Awards,39384951,154
39383457,3P30CA196521-10S1,Awards,39383457,154
39378878,3P30CA196521-10S1,Awards,39378878,154
39378840,3P30CA196521-10S1,Awards,39378840,154
39331709,3P30CA196521-10S1,Awards,39331709,154
39321451,3P30CA196521-10S1,Awards,39321451,154
39283238,3P30CA196521-10S1,Awards,39283238,154
39282294,3P30CA196521-10S1,Awards,39282294,154
39254646,3P30CA196521-10S1,Awards,39254646,154
39236155,3P30CA196521-10S1,Awards,39236155,154
39229151,3P30CA196521-10S1,Awards,39229151,154
39222793,3P30CA196521-10S1,Awards,39222793,154
39177280,3P30CA196521-10S1,Awards,39177280,154
39151003,3P30CA196521-10S1,Awards,39151003,154
39150898,3P30CA196521-10S1,Awards,39150898,154
39106432,3P30CA196521-10S1,Awards,39106432,154
39080486,3P30CA196521-10S1,Awards,39080486,154
39037651,3P30CA196521-10S1,Awards,39037651,154
39010877,3P30CA196521-10S1,Awards,39010877,154
38985468,3P30CA196521-10S1,Awards,38985468,154
38968143,3P30CA196521-10S1,Awards,38968143,154
38937606,3P30CA196521-10S1,Awards,38937606,154
38934093,3P30CA196521-10S1,Awards,38934093,154
38888723,3P30CA196521-10S1,Awards,38888723,154
38885804,3P30CA196521-10S1,Awards,38885804,154
38874815,3P30CA196521-10S1,Awards,38874815,154
38870008,3P30CA196521-10S1,Awards,38870008,154
38867022,3P30CA196521-10S1,Awards,38867022,154
38866556,3P30CA196521-10S1,Awards,38866556,154
38866555,3P30CA196521-10S1,Awards,38866555,154
38847806,3P30CA196521-10S1,Awards,38847806,154
38834239,3P30CA196521-10S1,Awards,38834239,154
38798338,3P30CA196521-10S1,Awards,38798338,154
38783890,3P30CA196521-10S1,Awards,38783890,154
38782828,3P30CA196521-10S1,Awards,38782828,154
38776911,3P30CA196521-10S1,Awards,38776911,154
38744503,3P30CA196521-10S1,Awards,38744503,154
38630441,3P30CA196521-10S1,Awards,38630441,154
38609316,3P30CA196521-10S1,Awards,38609316,154
38602846,3P30CA196521-10S1,Awards,38602846,154
38597345,3P30CA196521-10S1,Awards,38597345,154
38508241,3P30CA196521-10S1,Awards,38508241,154
38464025,3P30CA196521-10S1,Awards,38464025,154
38457262,3P30CA196521-10S1,Awards,38457262,154
38456551,3P30CA196521-10S1,Awards,38456551,154
38431550,3P30CA196521-10S1,Awards,38431550,154
38430535,3P30CA196521-10S1,Awards,38430535,154
38405698,3P30CA196521-10S1,Awards,38405698,154
38373106,3P30CA196521-10S1,Awards,38373106,154
38339227,3P30CA196521-10S1,Awards,38339227,154
38319712,3P30CA196521-10S1,Awards,38319712,154
38311543,3P30CA196521-10S1,Awards,38311543,154
38277235,3P30CA196521-10S1,Awards,38277235,154
38242983,3P30CA196521-10S1,Awards,38242983,154
38230434,3P30CA196521-10S1,Awards,38230434,154
38184712,3P30CA196521-10S1,Awards,38184712,154
38162407,3P30CA196521-10S1,Awards,38162407,154
38134932,3P30CA196521-10S1,Awards,38134932,154
38134422,3P30CA196521-10S1,Awards,38134422,154
38082068,3P30CA196521-10S1,Awards,38082068,154
38057662,3P30CA196521-10S1,Awards,38057662,154
37772981,3P30CA196521-10S1,Awards,37772981,154
37728489,3P30CA196521-10S1,Awards,37728489,154
36169797,3P30CA196521-10S1,Awards,36169797,154
38753423,5R01HD100812-05,Awards,38753423,155
38408933,5R01HD100812-05,Awards,38408933,155
39930084,2T32AI078892-16A1,Awards,39930084,156
39763831,2T32AI078892-16A1,Awards,39763831,156
39630912,2T32AI078892-16A1,Awards,39630912,156
39560425,2T32AI078892-16A1,Awards,39560425,156
39478215,2T32AI078892-16A1,Awards,39478215,156
39388279,2T32AI078892-16A1,Awards,39388279,156
38563820,2T32AI078892-16A1,Awards,38563820,156
38459027,2T32AI078892-16A1,Awards,38459027,156
38386728,2T32AI078892-16A1,Awards,38386728,156
38324641,2T32AI078892-16A1,Awards,38324641,156
38168662,2T32AI078892-16A1,Awards,38168662,156
40516033,5T32AG066598-05,Awards,40516033,158
40473975,5T32AG066598-05,Awards,40473975,158
39825782,5T32AG066598-05,Awards,39825782,158
39797574,5T32AG066598-05,Awards,39797574,158
39576984,5T32AG066598-05,Awards,39576984,158
39340471,5T32AG066598-05,Awards,39340471,158
39260438,5T32AG066598-05,Awards,39260438,158
39120095,5T32AG066598-05,Awards,39120095,158
38777615,5T32AG066598-05,Awards,38777615,158
38696169,5T32AG066598-05,Awards,38696169,158
38193960,5T32AG066598-05,Awards,38193960,158
38039805,5T32AG066598-05,Awards,38039805,158
37777171,5T32AG066598-05,Awards,37777171,158
37418698,5T32AG066598-05,Awards,37418698,158
40233955,5R01AG066471-05,Awards,40233955,159
40123552,5P01CA039542-35,Awards,40123552,160
39670843,5P01CA039542-35,Awards,39670843,160
39667999,5P01CA039542-35,Awards,39667999,160
39232559,5P01CA039542-35,Awards,39232559,160
39222793,5P01CA039542-35,Awards,39222793,160
38968143,5P01CA039542-35,Awards,38968143,160
38640197,5P01CA039542-35,Awards,38640197,160
38640195,5P01CA039542-35,Awards,38640195,160
38548227,5P01CA039542-35,Awards,38548227,160
38324721,5P01CA039542-35,Awards,38324721,160
38320730,5P01CA039542-35,Awards,38320730,160
40250441,3R35GM127289-07S1,Awards,40250441,162
39565872,3R35GM127289-07S1,Awards,39565872,162
39211083,3R35GM127289-07S1,Awards,39211083,162
39147127,3R35GM127289-07S1,Awards,39147127,162
39097586,3R35GM127289-07S1,Awards,39097586,162
38405971,3R35GM127289-07S1,Awards,38405971,162
40588817,1R21AI183028-01,Awards,40588817,163
40166940,5R01DK128289-04,Awards,40166940,164
39972137,5R01DK128289-04,Awards,39972137,164
39911942,5R01DK128289-04,Awards,39911942,164
39717507,5R01DK128289-04,Awards,39717507,164
39404414,5R01DK128289-04,Awards,39404414,164
39354161,5R01DK128289-04,Awards,39354161,164
39131140,5R01DK128289-04,Awards,39131140,164
39002533,5R01DK128289-04,Awards,39002533,164
38916482,5R01DK128289-04,Awards,38916482,164
38867022,5R01DK128289-04,Awards,38867022,164
38712196,5R01DK128289-04,Awards,38712196,164
38508241,5R01DK128289-04,Awards,38508241,164
38430535,5R01DK128289-04,Awards,38430535,164
38424197,5R01DK128289-04,Awards,38424197,164
38373106,5R01DK128289-04,Awards,38373106,164
38273792,5R01DK128289-04,Awards,38273792,164
38159678,5R01DK128289-04,Awards,38159678,164
37879461,5R01DK128289-04,Awards,37879461,164
37535375,5R01DK128289-04,Awards,37535375,164
40116750,5T32DK131953-02,Awards,40116750,165
39490950,5T32DK131953-02,Awards,39490950,165
38910328,5K01DK125614-04,Awards,38910328,166
38816950,5K01DK125614-04,Awards,38816950,166
40240324,5R01LM013766-03,Awards,40240324,167
40098842,5R25CA281789-02,Awards,40098842,168
39624951,5R25CA281789-02,Awards,39624951,168
39222793,5R25CA281789-02,Awards,39222793,168
37977487,5R25CA281789-02,Awards,37977487,168
40087845,5TL1TR004420-03,Awards,40087845,169
39799755,5TL1TR004420-03,Awards,39799755,169
39553797,5TL1TR004420-03,Awards,39553797,169
39260536,5TL1TR004420-03,Awards,39260536,169
39184540,5TL1TR004420-03,Awards,39184540,169
39181999,5TL1TR004420-03,Awards,39181999,169
39133553,5TL1TR004420-03,Awards,39133553,169
38703709,5TL1TR004420-03,Awards,38703709,169
38597600,5TL1TR004420-03,Awards,38597600,169
38565563,5TL1TR004420-03,Awards,38565563,169
38432086,5TL1TR004420-03,Awards,38432086,169
38431513,5TL1TR004420-03,Awards,38431513,169
38403568,5TL1TR004420-03,Awards,38403568,169
38319985,5TL1TR004420-03,Awards,38319985,169
38319958,5TL1TR004420-03,Awards,38319958,169
38262614,5TL1TR004420-03,Awards,38262614,169
38216374,5TL1TR004420-03,Awards,38216374,169
38117050,5TL1TR004420-03,Awards,38117050,169
38117041,5TL1TR004420-03,Awards,38117041,169
37983817,5TL1TR004420-03,Awards,37983817,169
37699114,5TL1TR004420-03,Awards,37699114,169
37610319,5TL1TR004420-03,Awards,37610319,169
37486364,5TL1TR004420-03,Awards,37486364,169
39151003,5R37CA266853-03,Awards,39151003,170
39110275,5R37CA266853-03,Awards,39110275,170
38775155,5R37CA266853-03,Awards,38775155,170
37772981,5R37CA266853-03,Awards,37772981,170
40568360,3U01HL088942-17S1,Awards,40568360,172
40116009,3U01HL088942-17S1,Awards,40116009,172
39830255,3U01HL088942-17S1,Awards,39830255,172
39437132,3U01HL088942-17S1,Awards,39437132,172
38815595,3U01HL088942-17S1,Awards,38815595,172
38776106,3U01HL088942-17S1,Awards,38776106,172
38658105,3U01HL088942-17S1,Awards,38658105,172
38627112,3U01HL088942-17S1,Awards,38627112,172
38522771,3U01HL088942-17S1,Awards,38522771,172
38376212,3U01HL088942-17S1,Awards,38376212,172
38324729,3U01HL088942-17S1,Awards,38324729,172
38155462,3U01HL088942-17S1,Awards,38155462,172
38103765,3U01HL088942-17S1,Awards,38103765,172
37948759,3U01HL088942-17S1,Awards,37948759,172
37931426,3U01HL088942-17S1,Awards,37931426,172
36669972,3U01HL088942-17S1,Awards,36669972,172
36494209,3U01HL088942-17S1,Awards,36494209,172
35483981,3U01HL088942-17S1,Awards,35483981,172
39606444,5R01AG075589-02,Awards,39606444,174
40645964,5R21CA270702-02,Awards,40645964,175
38978600,5R21CA270702-02,Awards,38978600,175
38963696,5R01DK107670-08,Awards,38963696,176
38861356,5R01DK107670-08,Awards,38861356,176
38718755,5R01DK107670-08,Awards,38718755,176
38370676,5R01DK107670-08,Awards,38370676,176
38232308,5R01DK107670-08,Awards,38232308,176
40588371,5U24CA224319-03,Awards,40588371,177
40585213,5U24CA224319-03,Awards,40585213,177
40166299,5U24CA224319-03,Awards,40166299,177
40120123,5U24CA224319-03,Awards,40120123,177
40010771,5U24CA224319-03,Awards,40010771,177
39896259,5U24CA224319-03,Awards,39896259,177
39763802,5U24CA224319-03,Awards,39763802,177
39762425,5U24CA224319-03,Awards,39762425,177
39709141,5U24CA224319-03,Awards,39709141,177
39666007,5U24CA224319-03,Awards,39666007,177
39625409,5U24CA224319-03,Awards,39625409,177
39542655,5U24CA224319-03,Awards,39542655,177
39461879,5U24CA224319-03,Awards,39461879,177
39454027,5U24CA224319-03,Awards,39454027,177
39236287,5U24CA224319-03,Awards,39236287,177
39236155,5U24CA224319-03,Awards,39236155,177
39010877,5U24CA224319-03,Awards,39010877,177
38934093,5U24CA224319-03,Awards,38934093,177
38798338,5U24CA224319-03,Awards,38798338,177
38609316,5U24CA224319-03,Awards,38609316,177
38519056,5U24CA224319-03,Awards,38519056,177
38431550,5U24CA224319-03,Awards,38431550,177
38339227,5U24CA224319-03,Awards,38339227,177
38277235,5U24CA224319-03,Awards,38277235,177
38242983,5U24CA224319-03,Awards,38242983,177
38230434,5U24CA224319-03,Awards,38230434,177
38167262,5U24CA224319-03,Awards,38167262,177
38057662,5U24CA224319-03,Awards,38057662,177
37961528,5U24CA224319-03,Awards,37961528,177
40588371,5U01DK124165-05,Awards,40588371,178
40585213,5U01DK124165-05,Awards,40585213,178
40166299,5U01DK124165-05,Awards,40166299,178
40010771,5U01DK124165-05,Awards,40010771,178
39896259,5U01DK124165-05,Awards,39896259,178
39763802,5U01DK124165-05,Awards,39763802,178
39762425,5U01DK124165-05,Awards,39762425,178
39709141,5U01DK124165-05,Awards,39709141,178
39666007,5U01DK124165-05,Awards,39666007,178
39625409,5U01DK124165-05,Awards,39625409,178
39542655,5U01DK124165-05,Awards,39542655,178
39461879,5U01DK124165-05,Awards,39461879,178
39454027,5U01DK124165-05,Awards,39454027,178
39010877,5U01DK124165-05,Awards,39010877,178
38934093,5U01DK124165-05,Awards,38934093,178
38798338,5U01DK124165-05,Awards,38798338,178
38609316,5U01DK124165-05,Awards,38609316,178
38339227,5U01DK124165-05,Awards,38339227,178
38277235,5U01DK124165-05,Awards,38277235,178
38242983,5U01DK124165-05,Awards,38242983,178
38230434,5U01DK124165-05,Awards,38230434,178
38057662,5U01DK124165-05,Awards,38057662,178
39680452,5R00HL150234-05,Awards,39680452,179
39630236,5R00HL150234-05,Awards,39630236,179
39304473,5R00HL150234-05,Awards,39304473,179
39190492,5R00HL150234-05,Awards,39190492,179
38461101,5K23HL161316-02,Awards,38461101,180
39285234,5R01HL164644-03,Awards,39285234,181
38168645,5R01HL164644-03,Awards,38168645,181
39992031,5R01HL123078-09,Awards,39992031,182
39285234,5R01HL123078-09,Awards,39285234,182
38748723,5R01HL123078-09,Awards,38748723,182
38478604,5R01HL123078-09,Awards,38478604,182
38168645,5R01HL123078-09,Awards,38168645,182
39384951,5R01CA249204-05,Awards,39384951,183
39994175,5R01HD102385-04,Awards,39994175,184
40226336,5R01CA256480-04,Awards,40226336,185
39560425,5R01CA256480-04,Awards,39560425,185
38508241,5R01CA256480-04,Awards,38508241,185
37919548,5R01CA256480-04,Awards,37919548,185
38609316,4UH3CA271390-02,Awards,38609316,186
37772981,4UH3CA271390-02,Awards,37772981,186
38912583,5R01DK131047-04,Awards,38912583,189
38247039,5R01DK131047-04,Awards,38247039,189
38153852,5R01DK131047-04,Awards,38153852,189
39704174,5R01DK122980-05,Awards,39704174,190
39382984,5R01DK122980-05,Awards,39382984,190
38981608,5R01DK122980-05,Awards,38981608,190
38910328,5R01DK122980-05,Awards,38910328,190
38837668,5R01DK122980-05,Awards,38837668,190
38816950,5R01DK122980-05,Awards,38816950,190
38697478,5R01DK122980-05,Awards,38697478,190
38512421,5R01DK122980-05,Awards,38512421,190
38159678,5R01DK122980-05,Awards,38159678,190
38031730,5R01DK122980-05,Awards,38031730,190
40501705,5R01DK131525-03,Awards,40501705,192
40308216,5R01DK131525-03,Awards,40308216,192
40133794,5R01DK131525-03,Awards,40133794,192
39569206,5R01DK131525-03,Awards,39569206,192
39565691,5R01DK131525-03,Awards,39565691,192
39565209,5R01DK131525-03,Awards,39565209,192
39127042,5R01DK131525-03,Awards,39127042,192
38910328,5R01DK131525-03,Awards,38910328,192
38645198,5R01DK131525-03,Awards,38645198,192
38159678,5R01DK131525-03,Awards,38159678,192
40592888,7U24DK114886-08,Awards,40592888,193
40417545,7U24DK114886-08,Awards,40417545,193
40386414,7U24DK114886-08,Awards,40386414,193
40358510,7U24DK114886-08,Awards,40358510,193
40235211,7U24DK114886-08,Awards,40235211,193
40198127,7U24DK114886-08,Awards,40198127,193
40106489,7U24DK114886-08,Awards,40106489,193
40082611,7U24DK114886-08,Awards,40082611,193
40062478,7U24DK114886-08,Awards,40062478,193
39934102,7U24DK114886-08,Awards,39934102,193
39764400,7U24DK114886-08,Awards,39764400,193
39764040,7U24DK114886-08,Awards,39764040,193
39763856,7U24DK114886-08,Awards,39763856,193
39746157,7U24DK114886-08,Awards,39746157,193
39516256,7U24DK114886-08,Awards,39516256,193
39332674,7U24DK114886-08,Awards,39332674,193
39253466,7U24DK114886-08,Awards,39253466,193
39228698,7U24DK114886-08,Awards,39228698,193
39113274,7U24DK114886-08,Awards,39113274,193
39070623,7U24DK114886-08,Awards,39070623,193
38904098,7U24DK114886-08,Awards,38904098,193
38855868,7U24DK114886-08,Awards,38855868,193
38834597,7U24DK114886-08,Awards,38834597,193
38826261,7U24DK114886-08,Awards,38826261,193
38771634,7U24DK114886-08,Awards,38771634,193
38705774,7U24DK114886-08,Awards,38705774,193
38640019,7U24DK114886-08,Awards,38640019,193
38621633,7U24DK114886-08,Awards,38621633,193
38570905,7U24DK114886-08,Awards,38570905,193
38570632,7U24DK114886-08,Awards,38570632,193
38512380,7U24DK114886-08,Awards,38512380,193
38474316,7U24DK114886-08,Awards,38474316,193
38429282,7U24DK114886-08,Awards,38429282,193
38394643,7U24DK114886-08,Awards,38394643,193
38341135,7U24DK114886-08,Awards,38341135,193
38287344,7U24DK114886-08,Awards,38287344,193
38199997,7U24DK114886-08,Awards,38199997,193
38196777,7U24DK114886-08,Awards,38196777,193
38168661,7U24DK114886-08,Awards,38168661,193
38154558,7U24DK114886-08,Awards,38154558,193
38069999,7U24DK114886-08,Awards,38069999,193
37947085,7U24DK114886-08,Awards,37947085,193
37871973,7U24DK114886-08,Awards,37871973,193
37839688,7U24DK114886-08,Awards,37839688,193
37657635,7U24DK114886-08,Awards,37657635,193
37533147,7U24DK114886-08,Awards,37533147,193
39855202,7U2CTR004867-02,Awards,39855202,194
38959889,7U2CTR004867-02,Awards,38959889,194
38838223,7U2CTR004867-02,Awards,38838223,194
38579684,7U2CTR004867-02,Awards,38579684,194
39380992,5R01AI148327-04,Awards,39380992,195
39108723,5R01AI148327-04,Awards,39108723,195
36824869,5R01AI148327-04,Awards,36824869,195
40483399,3U54CA260560-02S3,Awards,40483399,196
40434103,3U54CA260560-02S3,Awards,40434103,196
40145745,3U54CA260560-02S3,Awards,40145745,196
39711546,3U54CA260560-02S3,Awards,39711546,196
39558820,3U54CA260560-02S3,Awards,39558820,196
39384042,3U54CA260560-02S3,Awards,39384042,196
39367276,3U54CA260560-02S3,Awards,39367276,196
39303682,3U54CA260560-02S3,Awards,39303682,196
39147210,3U54CA260560-02S3,Awards,39147210,196
39122606,3U54CA260560-02S3,Awards,39122606,196
39066351,3U54CA260560-02S3,Awards,39066351,196
38768348,3U54CA260560-02S3,Awards,38768348,196
38507240,3U54CA260560-02S3,Awards,38507240,196
37436465,3U54CA260560-02S3,Awards,37436465,196
39826619,5K23DK129835-04,Awards,39826619,197
39033864,5K23DK129835-04,Awards,39033864,197
38663011,5K23DK129835-04,Awards,38663011,197
38317723,5K23DK129835-04,Awards,38317723,197
38310197,5K23DK129835-04,Awards,38310197,197
40643151,5P01CA108671-16,Awards,40643151,198
40490510,5P01CA108671-16,Awards,40490510,198
39715853,5P01CA108671-16,Awards,39715853,198
39556352,5P01CA108671-16,Awards,39556352,198
39532065,5P01CA108671-16,Awards,39532065,198
39114884,5P01CA108671-16,Awards,39114884,198
39110040,5P01CA108671-16,Awards,39110040,198
39062946,5P01CA108671-16,Awards,39062946,198
38824647,5P01CA108671-16,Awards,38824647,198
38819218,5P01CA108671-16,Awards,38819218,198
38772686,5P01CA108671-16,Awards,38772686,198
38720070,5P01CA108671-16,Awards,38720070,198
38672425,5P01CA108671-16,Awards,38672425,198
38370646,5P01CA108671-16,Awards,38370646,198
38230747,5P01CA108671-16,Awards,38230747,198
38117649,5P01CA108671-16,Awards,38117649,198
37992313,5P01CA108671-16,Awards,37992313,198
37871309,5P01CA108671-16,Awards,37871309,198
39772994,5R01HL164821-03,Awards,39772994,200
38426500,5R01HL164821-03,Awards,38426500,200
38343548,5R01HL164821-03,Awards,38343548,200
39088407,3U01HG010248-05S3,Awards,39088407,201
39716867,1R01HL173593-01,Awards,39716867,202
39617804,1R01HL173593-01,Awards,39617804,202
39716867,5R01HL139963-07,Awards,39716867,203
39617804,5R01HL139963-07,Awards,39617804,203
38676896,5R01HL139963-07,Awards,38676896,203
38676894,5R01HL139963-07,Awards,38676894,203
38457313,5R01HL139963-07,Awards,38457313,203
37022610,5R01HL139963-07,Awards,37022610,203
39918855,5R01MD014890-04,Awards,39918855,206
38820185,5R01MD014890-04,Awards,38820185,206
38450056,5R01MD014890-04,Awards,38450056,206
39763802,5R01AI153363-04,Awards,39763802,207
39345453,5R01AI153363-04,Awards,39345453,207
38448581,5R01AI153363-04,Awards,38448581,207
39626675,5K01DK128378-04,Awards,39626675,208
38117250,5R00HL155785-04,Awards,38117250,209
40334111,5K23DK127241-03,Awards,40334111,212
39418122,5K23DK127241-03,Awards,39418122,212
39207312,5K23DK127241-03,Awards,39207312,212
39038228,5K23DK127241-03,Awards,39038228,212
38976322,5K23DK127241-03,Awards,38976322,212
38521548,5K23DK127241-03,Awards,38521548,212
37975591,5K23DK127241-03,Awards,37975591,212
37611086,5K23DK127241-03,Awards,37611086,212
40391568,5U01HG011176-05,Awards,40391568,213
40236425,5U01HG011176-05,Awards,40236425,213
39913582,5U01HG011176-05,Awards,39913582,213
39764105,5U01HG011176-05,Awards,39764105,213
39606329,5U01HG011176-05,Awards,39606329,213
39080328,5U01HG011176-05,Awards,39080328,213
38688278,5U01HG011176-05,Awards,38688278,213
38374346,5U01HG011176-05,Awards,38374346,213
40392085,5R01CA260889-04,Awards,40392085,214
39958214,5R01CA260889-04,Awards,39958214,214
39863408,5R01CA260889-04,Awards,39863408,214
38945743,5R01CA260889-04,Awards,38945743,214
38454761,5R01CA260889-04,Awards,38454761,214
38323785,5R01CA260889-04,Awards,38323785,214
38300115,5R01CA260889-04,Awards,38300115,214
38095275,5R01CA260889-04,Awards,38095275,214
38772365,7K99AR083536-02,Awards,38772365,215
39698805,5R01HL155356-04,Awards,39698805,217
39348455,5R01HL155356-04,Awards,39348455,217
40548379,1R38HL172261-01,Awards,40548379,219
38775155,1R38HL172261-01,Awards,38775155,219
39817189,5K23HL161324-03,Awards,39817189,220
39758351,5K23HL161324-03,Awards,39758351,220
39513996,5K23HL161324-03,Awards,39513996,220
39385622,5K23HL161324-03,Awards,39385622,220
38592223,5K23HL161324-03,Awards,38592223,220
38358332,5K23HL161324-03,Awards,38358332,220
37904574,5K23HL161324-03,Awards,37904574,220
39540121,5K23HL163486-02,Awards,39540121,222
38626448,5K23HL163486-02,Awards,38626448,222
38273801,5K23HL163486-02,Awards,38273801,222
37031718,5K23HL163486-02,Awards,37031718,222
39893911,5R01ES034433-03,Awards,39893911,224
39867416,5R01ES034433-03,Awards,39867416,224
39647686,5R01ES034433-03,Awards,39647686,224
38506828,5R01ES034433-03,Awards,38506828,224
38016085,5R01ES034433-03,Awards,38016085,224
37798345,5R01ES034433-03,Awards,37798345,224
39647686,1U24ES036007-01,Awards,39647686,225
39704174,5R01DK133912-03,Awards,39704174,226
39382984,5R01DK133912-03,Awards,39382984,226
38981608,5R01DK133912-03,Awards,38981608,226
38910328,5R01DK133912-03,Awards,38910328,226
38816950,5R01DK133912-03,Awards,38816950,226
38697478,5R01DK133912-03,Awards,38697478,226
38512421,5R01DK133912-03,Awards,38512421,226
38159678,5R01DK133912-03,Awards,38159678,226
38031730,5R01DK133912-03,Awards,38031730,226
39704174,5R01DK129467-04,Awards,39704174,227
39382984,5R01DK129467-04,Awards,39382984,227
38981608,5R01DK129467-04,Awards,38981608,227
38910328,5R01DK129467-04,Awards,38910328,227
38837668,5R01DK129467-04,Awards,38837668,227
38816950,5R01DK129467-04,Awards,38816950,227
38697478,5R01DK129467-04,Awards,38697478,227
38512421,5R01DK129467-04,Awards,38512421,227
38159678,5R01DK129467-04,Awards,38159678,227
38031730,5R01DK129467-04,Awards,38031730,227
39568566,1K08DK137022-01A1,Awards,39568566,228
40503168,2UG1HL138645-08,Awards,40503168,229
39752608,2UG1HL138645-08,Awards,39752608,229
39471440,2UG1HL138645-08,Awards,39471440,229
39374573,2UG1HL138645-08,Awards,39374573,229
39167766,2UG1HL138645-08,Awards,39167766,229
38801746,2UG1HL138645-08,Awards,38801746,229
38746469,2UG1HL138645-08,Awards,38746469,229
38471061,2UG1HL138645-08,Awards,38471061,229
38458478,2UG1HL138645-08,Awards,38458478,229
38343182,2UG1HL138645-08,Awards,38343182,229
38261970,2UG1HL138645-08,Awards,38261970,229
38110620,2UG1HL138645-08,Awards,38110620,229
38490347,5R01DK110352-08,Awards,38490347,230
39972137,5R01CA273932-02,Awards,39972137,231
39911942,5R01CA273932-02,Awards,39911942,231
39709141,5R01CA273932-02,Awards,39709141,231
39524206,5R01CA273932-02,Awards,39524206,231
39354161,5R01CA273932-02,Awards,39354161,231
38424197,5R01CA273932-02,Awards,38424197,231
39763802,5R37CA230636-07,Awards,39763802,233
39560425,5R37CA230636-07,Awards,39560425,233
38508241,5R37CA230636-07,Awards,38508241,233
38507413,5R37CA230636-07,Awards,38507413,233
38746108,5R01AI165820-03,Awards,38746108,234
38745695,5R01AI165820-03,Awards,38745695,234
39875582,5R01CA257548-04,Awards,39875582,235
38720070,5K08HL163489-02,Awards,38720070,236
38957483,5K08CA267309-03,Awards,38957483,237
40246882,5R01HL158534-04,Awards,40246882,238
39528718,5R01HL158534-04,Awards,39528718,238
39478215,5R01HL158534-04,Awards,39478215,238
39232162,5R01HL158534-04,Awards,39232162,238
39086175,5R01HL158534-04,Awards,39086175,238
39010139,5R01HL158534-04,Awards,39010139,238
39937896,5R01DK123749-05,Awards,39937896,239
39868147,5R01DK123749-05,Awards,39868147,239
39454027,5R01DK123749-05,Awards,39454027,239
38640252,5R01DK123749-05,Awards,38640252,239
39920276,5R01CA277479-02,Awards,39920276,241
39838105,5R01CA277479-02,Awards,39838105,241
39481380,5R01CA277479-02,Awards,39481380,241
39236155,5R01CA277479-02,Awards,39236155,241
38979166,5R01CA277479-02,Awards,38979166,241
39763802,5R01CA154947-13,Awards,39763802,242
38687639,5R01CA154947-13,Awards,38687639,242
38501390,5R01CA154947-13,Awards,38501390,242
38501389,5R01CA154947-13,Awards,38501389,242
38057662,5R01CA154947-13,Awards,38057662,242
39988560,5R01CA254104-04,Awards,39988560,243
39838105,5R01CA254104-04,Awards,39838105,243
39763802,5R01CA254104-04,Awards,39763802,243
39481380,5R01CA254104-04,Awards,39481380,243
39378878,5R01CA254104-04,Awards,39378878,243
39236155,5R01CA254104-04,Awards,39236155,243
38057662,5R01CA254104-04,Awards,38057662,243
39763802,5R01CA257195-04,Awards,39763802,244
39481380,5R01CA257195-04,Awards,39481380,244
39378878,5R01CA257195-04,Awards,39378878,244
39236155,5R01CA257195-04,Awards,39236155,244
38057662,5R01CA257195-04,Awards,38057662,244
40175035,1K23DK139454-01,Awards,40175035,246
39851186,1K23DK139454-01,Awards,39851186,246
39654970,1K23DK139454-01,Awards,39654970,246
39345710,1K23DK139454-01,Awards,39345710,246
39240790,1K23DK139454-01,Awards,39240790,246
39088407,1K23DK139454-01,Awards,39088407,246
38973768,1K23DK139454-01,Awards,38973768,246
38851444,1K23DK139454-01,Awards,38851444,246
38654119,1K23DK139454-01,Awards,38654119,246
37594625,1K23DK139454-01,Awards,37594625,246
40503752,5P01AG066605-05,Awards,40503752,248
40168549,5P01AG066605-05,Awards,40168549,248
39812182,5P01AG066605-05,Awards,39812182,248
39797726,5P01AG066605-05,Awards,39797726,248
39720848,5P01AG066605-05,Awards,39720848,248
39585693,5P01AG066605-05,Awards,39585693,248
39542075,5P01AG066605-05,Awards,39542075,248
39530148,5P01AG066605-05,Awards,39530148,248
39495506,5P01AG066605-05,Awards,39495506,248
39447848,5P01AG066605-05,Awards,39447848,248
39404637,5P01AG066605-05,Awards,39404637,248
39367289,5P01AG066605-05,Awards,39367289,248
39349038,5P01AG066605-05,Awards,39349038,248
39312220,5P01AG066605-05,Awards,39312220,248
39264625,5P01AG066605-05,Awards,39264625,248
39212987,5P01AG066605-05,Awards,39212987,248
39167541,5P01AG066605-05,Awards,39167541,248
39155601,5P01AG066605-05,Awards,39155601,248
39115063,5P01AG066605-05,Awards,39115063,248
39056523,5P01AG066605-05,Awards,39056523,248
39056184,5P01AG066605-05,Awards,39056184,248
38980644,5P01AG066605-05,Awards,38980644,248
38976269,5P01AG066605-05,Awards,38976269,248
38941059,5P01AG066605-05,Awards,38941059,248
38885931,5P01AG066605-05,Awards,38885931,248
38822746,5P01AG066605-05,Awards,38822746,248
38819620,5P01AG066605-05,Awards,38819620,248
38805226,5P01AG066605-05,Awards,38805226,248
38687764,5P01AG066605-05,Awards,38687764,248
38663339,5P01AG066605-05,Awards,38663339,248
38648065,5P01AG066605-05,Awards,38648065,248
38647702,5P01AG066605-05,Awards,38647702,248
38599615,5P01AG066605-05,Awards,38599615,248
38597793,5P01AG066605-05,Awards,38597793,248
38597342,5P01AG066605-05,Awards,38597342,248
38554545,5P01AG066605-05,Awards,38554545,248
38547357,5P01AG066605-05,Awards,38547357,248
38431550,5P01AG066605-05,Awards,38431550,248
38346312,5P01AG066605-05,Awards,38346312,248
38263877,5P01AG066605-05,Awards,38263877,248
38259161,5P01AG066605-05,Awards,38259161,248
38206864,5P01AG066605-05,Awards,38206864,248
38152855,5P01AG066605-05,Awards,38152855,248
38071603,5P01AG066605-05,Awards,38071603,248
38048097,5P01AG066605-05,Awards,38048097,248
38032070,5P01AG066605-05,Awards,38032070,248
37963605,5P01AG066605-05,Awards,37963605,248
37931897,5P01AG066605-05,Awards,37931897,248
37863109,5P01AG066605-05,Awards,37863109,248
37862570,5P01AG066605-05,Awards,37862570,248
37699248,5P01AG066605-05,Awards,37699248,248
37615482,5P01AG066605-05,Awards,37615482,248
38822734,5R01AG067045-03,Awards,38822734,249
38777615,5R01AG067045-03,Awards,38777615,249
39930084,1R01CA292376-01,Awards,39930084,250
39920269,1R01CA292376-01,Awards,39920269,250
40459949,5R01HL167050-02,Awards,40459949,251
39137050,5R01HL167050-02,Awards,39137050,251
38925729,5R01HL167050-02,Awards,38925729,251
40485706,5R01DK127139-04,Awards,40485706,252
40459949,5R01DK127139-04,Awards,40459949,252
39899385,5R01DK127139-04,Awards,39899385,252
38730421,5R01DK127139-04,Awards,38730421,252
38205827,5R01DK127139-04,Awards,38205827,252
37962879,5R01DK127139-04,Awards,37962879,252
38772365,7R01AI168462-04,Awards,38772365,253
39983670,5R01CA251425-05,Awards,39983670,254
39856363,5R01CA251425-05,Awards,39856363,254
39345578,5R01CA251425-05,Awards,39345578,254
38354782,5R01CA251425-05,Awards,38354782,254
38354780,5R01CA251425-05,Awards,38354780,254
38265261,5R01CA251425-05,Awards,38265261,254
40609533,5R01CA271331-03,Awards,40609533,255
39652739,5R01CA271331-03,Awards,39652739,255
39478230,5R01CA271331-03,Awards,39478230,255
38096361,5R01CA271331-03,Awards,38096361,255
37967363,5R01CA271331-03,Awards,37967363,255
40609533,5R01CA271418-02,Awards,40609533,256
39652739,5R01CA271418-02,Awards,39652739,256
39478230,5R01CA271418-02,Awards,39478230,256
38096361,5R01CA271418-02,Awards,38096361,256
37967363,5R01CA271418-02,Awards,37967363,256
40609533,5R01CA260711-03,Awards,40609533,257
39652739,5R01CA260711-03,Awards,39652739,257
39478230,5R01CA260711-03,Awards,39478230,257
39316766,5R01CA260711-03,Awards,39316766,257
38819218,5R01CA260711-03,Awards,38819218,257
38558935,5R01CA260711-03,Awards,38558935,257
38096361,5R01CA260711-03,Awards,38096361,257
37967363,5R01CA260711-03,Awards,37967363,257
40083068,1R21HL173733-01,Awards,40083068,258
40080690,1R21HL173733-01,Awards,40080690,258
40039669,1R21HL173733-01,Awards,40039669,258
39989096,1R21HL173733-01,Awards,39989096,258
39945146,1R21HL173733-01,Awards,39945146,258
39903530,1R21HL173733-01,Awards,39903530,258
39894601,1R21HL173733-01,Awards,39894601,258
39786322,1R21HL173733-01,Awards,39786322,258
39499779,1R21HL173733-01,Awards,39499779,258
39229876,1R21HL173733-01,Awards,39229876,258
39056328,1R21HL173733-01,Awards,39056328,258
38937887,1R21HL173733-01,Awards,38937887,258
38798432,1R21HL173733-01,Awards,38798432,258
40083068,1R01HL171813-01,Awards,40083068,259
40080690,1R01HL171813-01,Awards,40080690,259
40039669,1R01HL171813-01,Awards,40039669,259
39989096,1R01HL171813-01,Awards,39989096,259
39945146,1R01HL171813-01,Awards,39945146,259
39903530,1R01HL171813-01,Awards,39903530,259
39894601,1R01HL171813-01,Awards,39894601,259
39786322,1R01HL171813-01,Awards,39786322,259
39499779,1R01HL171813-01,Awards,39499779,259
39229876,1R01HL171813-01,Awards,39229876,259
39056328,1R01HL171813-01,Awards,39056328,259
38937887,1R01HL171813-01,Awards,38937887,259
38798432,1R01HL171813-01,Awards,38798432,259
38271706,1R01HL171813-01,Awards,38271706,259
40083068,5K25HL151912-04,Awards,40083068,260
40080690,5K25HL151912-04,Awards,40080690,260
40039669,5K25HL151912-04,Awards,40039669,260
39989096,5K25HL151912-04,Awards,39989096,260
39945146,5K25HL151912-04,Awards,39945146,260
39903530,5K25HL151912-04,Awards,39903530,260
39894601,5K25HL151912-04,Awards,39894601,260
39786322,5K25HL151912-04,Awards,39786322,260
39499779,5K25HL151912-04,Awards,39499779,260
39229876,5K25HL151912-04,Awards,39229876,260
38937887,5K25HL151912-04,Awards,38937887,260
38798432,5K25HL151912-04,Awards,38798432,260
38271706,5K25HL151912-04,Awards,38271706,260
40436855,5R01CA252222-05,Awards,40436855,261
39383457,5R01CA252222-05,Awards,39383457,261
39283238,5R01CA252222-05,Awards,39283238,261
38776911,5R01CA252222-05,Awards,38776911,261
38609316,5R01CA252222-05,Awards,38609316,261
38376944,5R01CA252222-05,Awards,38376944,261
38285963,5R01CA252222-05,Awards,38285963,261
37772981,5R01CA252222-05,Awards,37772981,261
40436855,5R01CA244899-05,Awards,40436855,262
39383457,5R01CA244899-05,Awards,39383457,262
39283238,5R01CA244899-05,Awards,39283238,262
38776911,5R01CA244899-05,Awards,38776911,262
38609316,5R01CA244899-05,Awards,38609316,262
37772981,5R01CA244899-05,Awards,37772981,262
40627353,5KL2TR004421-03,Awards,40627353,263
40373236,5KL2TR004421-03,Awards,40373236,263
40280474,5KL2TR004421-03,Awards,40280474,263
40065360,5KL2TR004421-03,Awards,40065360,263
39799755,5KL2TR004421-03,Awards,39799755,263
39657681,5KL2TR004421-03,Awards,39657681,263
39454027,5KL2TR004421-03,Awards,39454027,263
39406732,5KL2TR004421-03,Awards,39406732,263
39383457,5KL2TR004421-03,Awards,39383457,263
39343496,5KL2TR004421-03,Awards,39343496,263
39316396,5KL2TR004421-03,Awards,39316396,263
39283238,5KL2TR004421-03,Awards,39283238,263
38862854,5KL2TR004421-03,Awards,38862854,263
37975497,5KL2TR004421-03,Awards,37975497,263
37933635,5KL2TR004421-03,Awards,37933635,263
37585681,5KL2TR004421-03,Awards,37585681,263
37577721,5KL2TR004421-03,Awards,37577721,263
40282469,5R01CA240362-05,Awards,40282469,264
39885369,5R01CA240362-05,Awards,39885369,264
38168366,5R01CA240362-05,Awards,38168366,264
40282469,1R01CA285713-01,Awards,40282469,265
39885369,1R01CA285713-01,Awards,39885369,265
38731852,1R01CA285713-01,Awards,38731852,265
38168366,1R01CA285713-01,Awards,38168366,265
39748048,1DP1DK140003-01,Awards,39748048,267
39358382,1DP1DK140003-01,Awards,39358382,267
39921241,1R01DK136035-01A1,Awards,39921241,268
39748048,1R01DK136035-01A1,Awards,39748048,268
39358382,1R01DK136035-01A1,Awards,39358382,268
40645235,5K23AG066930-05,Awards,40645235,269
40371672,5K23AG066930-05,Awards,40371672,269
40037553,5K23AG066930-05,Awards,40037553,269
39822234,5K23AG066930-05,Awards,39822234,269
39120095,5K23AG066930-05,Awards,39120095,269
38794947,5K23AG066930-05,Awards,38794947,269
38715236,5K23AG066930-05,Awards,38715236,269
38647702,5K23AG066930-05,Awards,38647702,269
38280225,5K23AG066930-05,Awards,38280225,269
38324641,5F31AI172404-03,Awards,38324641,272
40522118,5K08DK131286-04,Awards,40522118,274
40425725,5K08DK131286-04,Awards,40425725,274
40420108,5K08DK131286-04,Awards,40420108,274
40398851,5K08DK131286-04,Awards,40398851,274
40377180,5K08DK131286-04,Awards,40377180,274
39966171,5K08DK131286-04,Awards,39966171,274
39742871,5K08DK131286-04,Awards,39742871,274
39608761,5K08DK131286-04,Awards,39608761,274
39592855,5K08DK131286-04,Awards,39592855,274
39148835,5K08DK131286-04,Awards,39148835,274
39073166,5K08DK131286-04,Awards,39073166,274
38730421,5K08DK131286-04,Awards,38730421,274
38407240,5K08DK131286-04,Awards,38407240,274
38352556,5K08DK131286-04,Awards,38352556,274
38156471,5K08DK131286-04,Awards,38156471,274
37962879,5K08DK131286-04,Awards,37962879,274
37885206,5K08DK131286-04,Awards,37885206,274
39962082,1R01CA283469-01A1,Awards,39962082,275
39762425,1R01CA283469-01A1,Awards,39762425,275
39632211,1R01CA283469-01A1,Awards,39632211,275
38386728,1R01CA283469-01A1,Awards,38386728,275
40025013,5R01DK130300-04,Awards,40025013,276
38405965,5R01DK130300-04,Awards,38405965,276
38206362,5R01DK130300-04,Awards,38206362,276
40198901,5R01CA258784-04,Awards,40198901,278
39657664,5R01CA258784-04,Awards,39657664,278
39331709,5R01CA258784-04,Awards,39331709,278
38965396,5R01CA258784-04,Awards,38965396,278
38533509,5R01CA258784-04,Awards,38533509,278
39817189,1R01HL168897-01A1,Awards,39817189,279
39148827,1R01HL168897-01A1,Awards,39148827,279
39137050,1R01HL168897-01A1,Awards,39137050,279
38358332,1R01HL168897-01A1,Awards,38358332,279
39666007,5F30CA261144-04,Awards,39666007,280
39341365,1R01CA285580-01A1,Awards,39341365,281
39448602,2R01GM135301-05A1,Awards,39448602,282
39624951,5R01CA285342-02,Awards,39624951,283
38837335,5R01CA256660-04,Awards,38837335,284
37728489,5R01CA256660-04,Awards,37728489,284
40566741,5P30AG028741-15,Awards,40566741,285
40371672,5P30AG028741-15,Awards,40371672,285
40357666,5P30AG028741-15,Awards,40357666,285
40252859,5P30AG028741-15,Awards,40252859,285
40122413,5P30AG028741-15,Awards,40122413,285
40037553,5P30AG028741-15,Awards,40037553,285
39825782,5P30AG028741-15,Awards,39825782,285
39812182,5P30AG028741-15,Awards,39812182,285
39809980,5P30AG028741-15,Awards,39809980,285
39797781,5P30AG028741-15,Awards,39797781,285
39797574,5P30AG028741-15,Awards,39797574,285
39557333,5P30AG028741-15,Awards,39557333,285
39503943,5P30AG028741-15,Awards,39503943,285
39447848,5P30AG028741-15,Awards,39447848,285
39340471,5P30AG028741-15,Awards,39340471,285
39264625,5P30AG028741-15,Awards,39264625,285
39247957,5P30AG028741-15,Awards,39247957,285
39207322,5P30AG028741-15,Awards,39207322,285
39006519,5P30AG028741-15,Awards,39006519,285
38975667,5P30AG028741-15,Awards,38975667,285
38943488,5P30AG028741-15,Awards,38943488,285
38866115,5P30AG028741-15,Awards,38866115,285
38822734,5P30AG028741-15,Awards,38822734,285
38647702,5P30AG028741-15,Awards,38647702,285
38518887,5P30AG028741-15,Awards,38518887,285
38437944,5P30AG028741-15,Awards,38437944,285
38431550,5P30AG028741-15,Awards,38431550,285
38377231,5P30AG028741-15,Awards,38377231,285
38354281,5P30AG028741-15,Awards,38354281,285
38346312,5P30AG028741-15,Awards,38346312,285
38278187,5P30AG028741-15,Awards,38278187,285
38039805,5P30AG028741-15,Awards,38039805,285
37496127,5P30AG028741-15,Awards,37496127,285
39867702,5T35AG067578-05,Awards,39867702,287
39154163,5T35AG067578-05,Awards,39154163,287
38280225,5T35AG067578-05,Awards,38280225,287
38039805,5T35AG067578-05,Awards,38039805,287
37096420,5T35AG067578-05,Awards,37096420,287
40646161,5UM1CA121947-18,Awards,40646161,288
40415574,5UM1CA121947-18,Awards,40415574,288
40237497,5UM1CA121947-18,Awards,40237497,288
40168402,5UM1CA121947-18,Awards,40168402,288
40149339,5UM1CA121947-18,Awards,40149339,288
40048673,5UM1CA121947-18,Awards,40048673,288
39930489,5UM1CA121947-18,Awards,39930489,288
39924174,5UM1CA121947-18,Awards,39924174,288
39883059,5UM1CA121947-18,Awards,39883059,288
39539035,5UM1CA121947-18,Awards,39539035,288
39431505,5UM1CA121947-18,Awards,39431505,288
39368095,5UM1CA121947-18,Awards,39368095,288
39334203,5UM1CA121947-18,Awards,39334203,288
39031851,5UM1CA121947-18,Awards,39031851,288
38635762,5UM1CA121947-18,Awards,38635762,288
38504387,5UM1CA121947-18,Awards,38504387,288
38431550,5UM1CA121947-18,Awards,38431550,288
38190392,5UM1CA121947-18,Awards,38190392,288
37962072,5UM1CA121947-18,Awards,37962072,288
37805952,5UM1CA121947-18,Awards,37805952,288
40631185,5R01DK124461-04,Awards,40631185,289
39010249,5R01DK124461-04,Awards,39010249,289
38585822,5R01DK124461-04,Awards,38585822,289
37786709,5R01DK124461-04,Awards,37786709,289
39626675,5R01DK129196-04,Awards,39626675,290
39301926,5R01DK129196-04,Awards,39301926,290
38985854,5R01DK129196-04,Awards,38985854,290
38042369,5R01DK129196-04,Awards,38042369,290
39301926,5R01DK105015-08,Awards,39301926,291
38985854,5R01DK105015-08,Awards,38985854,291
39743591,5F31AI174808-02,Awards,39743591,292
40239213,5T32GM146636-03,Awards,40239213,293
40034107,5T32GM146636-03,Awards,40034107,293
39838110,5T32GM146636-03,Awards,39838110,293
39700136,5T32GM146636-03,Awards,39700136,293
39365860,5T32GM146636-03,Awards,39365860,293
39240708,5T32GM146636-03,Awards,39240708,293
39191393,5T32GM146636-03,Awards,39191393,293
39181999,5T32GM146636-03,Awards,39181999,293
39156641,5T32GM146636-03,Awards,39156641,293
39062017,5T32GM146636-03,Awards,39062017,293
39006413,5T32GM146636-03,Awards,39006413,293
38979204,5T32GM146636-03,Awards,38979204,293
38979166,5T32GM146636-03,Awards,38979166,293
38979135,5T32GM146636-03,Awards,38979135,293
38860401,5T32GM146636-03,Awards,38860401,293
38847806,5T32GM146636-03,Awards,38847806,293
38812546,5T32GM146636-03,Awards,38812546,293
38812061,5T32GM146636-03,Awards,38812061,293
38802590,5T32GM146636-03,Awards,38802590,293
38793132,5T32GM146636-03,Awards,38793132,293
38766086,5T32GM146636-03,Awards,38766086,293
38746439,5T32GM146636-03,Awards,38746439,293
38737007,5T32GM146636-03,Awards,38737007,293
38709237,5T32GM146636-03,Awards,38709237,293
38663404,5T32GM146636-03,Awards,38663404,293
38642551,5T32GM146636-03,Awards,38642551,293
38585822,5T32GM146636-03,Awards,38585822,293
38585716,5T32GM146636-03,Awards,38585716,293
38563820,5T32GM146636-03,Awards,38563820,293
38529284,5T32GM146636-03,Awards,38529284,293
38515122,5T32GM146636-03,Awards,38515122,293
38508241,5T32GM146636-03,Awards,38508241,293
38426726,5T32GM146636-03,Awards,38426726,293
38426105,5T32GM146636-03,Awards,38426105,293
38359819,5T32GM146636-03,Awards,38359819,293
38352556,5T32GM146636-03,Awards,38352556,293
38319712,5T32GM146636-03,Awards,38319712,293
38295690,5T32GM146636-03,Awards,38295690,293
38260368,5T32GM146636-03,Awards,38260368,293
38095106,5T32GM146636-03,Awards,38095106,293
38057662,5T32GM146636-03,Awards,38057662,293
38054729,5T32GM146636-03,Awards,38054729,293
37425718,5T32GM146636-03,Awards,37425718,293
37389976,5T32GM146636-03,Awards,37389976,293
35969028,5T32GM146636-03,Awards,35969028,293
39599911,5R01DA052255-05,Awards,39599911,294
39529883,5R01DA052255-05,Awards,39529883,294
38529284,5R01DA052255-05,Awards,38529284,294
39599911,1R01DA059876-01,Awards,39599911,295
39529883,1R01DA059876-01,Awards,39529883,295
38847806,5F30CA275269-03,Awards,38847806,297
38812546,5F30CA275269-03,Awards,38812546,297
40382782,5R03DK132440-02,Awards,40382782,298
39757503,5R03DK132440-02,Awards,39757503,298
39591878,5R03DK132440-02,Awards,39591878,298
38154728,5R03DK132440-02,Awards,38154728,298
40006695,1R01AI179427-01A1,Awards,40006695,299
40083068,5R01AG066870-05,Awards,40083068,300
40019824,5R01AG066870-05,Awards,40019824,300
38937887,5R01AG066870-05,Awards,38937887,300
39459844,5R01DA052844-05,Awards,39459844,302
38793575,5R01DA052844-05,Awards,38793575,302
40287957,1R01CA290681-01,Awards,40287957,303
40166161,1R01CA290681-01,Awards,40166161,303
39652739,1R01CA290681-01,Awards,39652739,303
40287957,1R01CA292503-01,Awards,40287957,304
40166161,1R01CA292503-01,Awards,40166161,304
39652739,1R01CA292503-01,Awards,39652739,304
39650260,1K08CA283362-01A1,Awards,39650260,305
38867022,5R01DK136016-02,Awards,38867022,306
38508241,5R01DK136016-02,Awards,38508241,306
38373106,5R01DK136016-02,Awards,38373106,306
40374891,5R01CA264995-04,Awards,40374891,308
38321314,5R01CA264995-04,Awards,38321314,308
40652447,5T32CA225617-07,Awards,40652447,309
40505637,5T32CA225617-07,Awards,40505637,309
40500246,5T32CA225617-07,Awards,40500246,309
40500244,5T32CA225617-07,Awards,40500244,309
40179354,5T32CA225617-07,Awards,40179354,309
39823183,5T32CA225617-07,Awards,39823183,309
39761417,5T32CA225617-07,Awards,39761417,309
39706803,5T32CA225617-07,Awards,39706803,309
39650260,5T32CA225617-07,Awards,39650260,309
39148820,5T32CA225617-07,Awards,39148820,309
39131721,5T32CA225617-07,Awards,39131721,309
39042489,5T32CA225617-07,Awards,39042489,309
38991177,5T32CA225617-07,Awards,38991177,309
38834911,5T32CA225617-07,Awards,38834911,309
38604244,5T32CA225617-07,Awards,38604244,309
38601955,5T32CA225617-07,Awards,38601955,309
38498290,5T32CA225617-07,Awards,38498290,309
38185918,5T32CA225617-07,Awards,38185918,309
37655715,5T32CA225617-07,Awards,37655715,309
36169797,5T32CA225617-07,Awards,36169797,309
39568566,5R01CA271604-02,Awards,39568566,310
40175028,3K08DK132501-02S1,Awards,40175028,312
40127865,3K08DK132501-02S1,Awards,40127865,312
39427763,3K08DK132501-02S1,Awards,39427763,312
39004461,3K08DK132501-02S1,Awards,39004461,312
39630912,5R01CA269382-03,Awards,39630912,313
39443795,5R01CA269382-03,Awards,39443795,313
39229105,5R01CA269382-03,Awards,39229105,313
40358209,5R01AI168178-03,Awards,40358209,314
40161664,5R01AI168178-03,Awards,40161664,314
39713327,5R01AI168178-03,Awards,39713327,314
39504245,5R01AI168178-03,Awards,39504245,314
39071292,5R01AI168178-03,Awards,39071292,314
38935072,5R01AI168178-03,Awards,38935072,314
38464151,5R01AI168178-03,Awards,38464151,314
38103991,5R01AI168178-03,Awards,38103991,314
38054729,5R01AI168178-03,Awards,38054729,314
38617272,5R01AI148663-06,Awards,38617272,315
38559040,5R01AI148663-06,Awards,38559040,315
38926343,5R01AI175303-02,Awards,38926343,317
40161664,3U19AI168631-03S2,Awards,40161664,318
40145745,3U19AI168631-03S2,Awards,40145745,318
39558820,3U19AI168631-03S2,Awards,39558820,318
39367276,3U19AI168631-03S2,Awards,39367276,318
39303682,3U19AI168631-03S2,Awards,39303682,318
39089348,3U19AI168631-03S2,Awards,39089348,318
39071292,3U19AI168631-03S2,Awards,39071292,318
39009691,3U19AI168631-03S2,Awards,39009691,318
38917323,3U19AI168631-03S2,Awards,38917323,318
38464151,3U19AI168631-03S2,Awards,38464151,318
38433913,3U19AI168631-03S2,Awards,38433913,318
38416036,3U19AI168631-03S2,Awards,38416036,318
38395697,3U19AI168631-03S2,Awards,38395697,318
38112467,3U19AI168631-03S2,Awards,38112467,318
37436465,3U19AI168631-03S2,Awards,37436465,318
40631320,5U19AI135972-07,Awards,40631320,319
40504864,5U19AI135972-07,Awards,40504864,319
40434103,5U19AI135972-07,Awards,40434103,319
40378209,5U19AI135972-07,Awards,40378209,319
40163530,5U19AI135972-07,Awards,40163530,319
39580470,5U19AI135972-07,Awards,39580470,319
39571001,5U19AI135972-07,Awards,39571001,319
39558820,5U19AI135972-07,Awards,39558820,319
39547210,5U19AI135972-07,Awards,39547210,319
39484236,5U19AI135972-07,Awards,39484236,319
39488529,5U19AI135972-07,Awards,39488529,319
39464067,5U19AI135972-07,Awards,39464067,319
39365995,5U19AI135972-07,Awards,39365995,319
39067667,5U19AI135972-07,Awards,39067667,319
39026801,5U19AI135972-07,Awards,39026801,319
39020164,5U19AI135972-07,Awards,39020164,319
38800652,5U19AI135972-07,Awards,38800652,319
38768348,5U19AI135972-07,Awards,38768348,319
38648902,5U19AI135972-07,Awards,38648902,319
38433913,5U19AI135972-07,Awards,38433913,319
38424040,5U19AI135972-07,Awards,38424040,319
38416036,5U19AI135972-07,Awards,38416036,319
38289826,5U19AI135972-07,Awards,38289826,319
38198521,5U19AI135972-07,Awards,38198521,319
38112266,5U19AI135972-07,Awards,38112266,319
39831303,5R01AI167691-02,Awards,39831303,320
40145745,5R25GM150146-02,Awards,40145745,322
39367276,5R25GM150146-02,Awards,39367276,322
39303682,5R25GM150146-02,Awards,39303682,322
38809027,5R25GM150146-02,Awards,38809027,322
40042313,5R61DA058294-02,Awards,40042313,326
39743591,5R01AI151029-05,Awards,39743591,329
39353439,5R01AI151029-05,Awards,39353439,329
38563820,5R01AI151029-05,Awards,38563820,329
40475560,5R21AI176069-02,Awards,40475560,330
39975920,5R21AI176069-02,Awards,39975920,330
39738586,5R21AI176069-02,Awards,39738586,330
39489918,5R21AI176069-02,Awards,39489918,330
39300090,5R21AI176069-02,Awards,39300090,330
38953250,5R21AI176069-02,Awards,38953250,330
38848648,5R21AI176069-02,Awards,38848648,330
38711520,5R21AI176069-02,Awards,38711520,330
38648902,5R21AI176069-02,Awards,38648902,330
38586014,5R21AI176069-02,Awards,38586014,330
38293047,5R21AI176069-02,Awards,38293047,330
38289826,5R21AI176069-02,Awards,38289826,330
39975920,1R21AI180874-01,Awards,39975920,331
39738586,1R21AI180874-01,Awards,39738586,331
40042313,5P01AI172531-02,Awards,40042313,334
39921982,5P01AI172531-02,Awards,39921982,334
39713327,5P01AI172531-02,Awards,39713327,334
39504245,5P01AI172531-02,Awards,39504245,334
39303682,5P01AI172531-02,Awards,39303682,334
39091730,5P01AI172531-02,Awards,39091730,334
39071292,5P01AI172531-02,Awards,39071292,334
38464151,5P01AI172531-02,Awards,38464151,334
38395697,5P01AI172531-02,Awards,38395697,334
38112467,5P01AI172531-02,Awards,38112467,334
40475560,5T32AI007647-25,Awards,40475560,335
40447571,5T32AI007647-25,Awards,40447571,335
40299764,5T32AI007647-25,Awards,40299764,335
40118521,5T32AI007647-25,Awards,40118521,335
40027748,5T32AI007647-25,Awards,40027748,335
39580470,5T32AI007647-25,Awards,39580470,335
39494910,5T32AI007647-25,Awards,39494910,335
39484455,5T32AI007647-25,Awards,39484455,335
39345144,5T32AI007647-25,Awards,39345144,335
39282406,5T32AI007647-25,Awards,39282406,335
39253971,5T32AI007647-25,Awards,39253971,335
39108723,5T32AI007647-25,Awards,39108723,335
38926343,5T32AI007647-25,Awards,38926343,335
38832789,5T32AI007647-25,Awards,38832789,335
38746439,5T32AI007647-25,Awards,38746439,335
38659760,5T32AI007647-25,Awards,38659760,335
38577999,5T32AI007647-25,Awards,38577999,335
38559040,5T32AI007647-25,Awards,38559040,335
38426726,5T32AI007647-25,Awards,38426726,335
38289826,5T32AI007647-25,Awards,38289826,335
38054729,5T32AI007647-25,Awards,38054729,335
36824869,5T32AI007647-25,Awards,36824869,335
40299764,1R56AI175974-01A1,Awards,40299764,336
40516033,5K23AG080163-02,Awards,40516033,339
40503752,5K23AG080163-02,Awards,40503752,339
39825782,5K23AG080163-02,Awards,39825782,339
39340471,5K23AG080163-02,Awards,39340471,339
38198537,5K01AG078442-02,Awards,38198537,340
39935824,1R21NS133826-01A1,Awards,39935824,343
38838644,1R21NS133826-01A1,Awards,38838644,343
39935824,1R03NS137124-01A1,Awards,39935824,344
38123901,1R03NS137124-01A1,Awards,38123901,344
40481857,5R01AG063819-05,Awards,40481857,346
39648200,5R01AG063819-05,Awards,39648200,346
40347412,5R01DK122853-05,Awards,40347412,348
39764146,5R01DK122853-05,Awards,39764146,348
39763802,5R01DK122853-05,Awards,39763802,348
39464041,5R01DK122853-05,Awards,39464041,348
39399020,5R01DK122853-05,Awards,39399020,348
40475656,2U24DK112331-07,Awards,40475656,349
40078573,2U24DK112331-07,Awards,40078573,349
39933702,2U24DK112331-07,Awards,39933702,349
39606465,2U24DK112331-07,Awards,39606465,349
39149399,2U24DK112331-07,Awards,39149399,349
38984994,2U24DK112331-07,Awards,38984994,349
38701776,2U24DK112331-07,Awards,38701776,349
38697122,2U24DK112331-07,Awards,38697122,349
38693412,2U24DK112331-07,Awards,38693412,349
38693320,2U24DK112331-07,Awards,38693320,349
38693125,2U24DK112331-07,Awards,38693125,349
38691461,2U24DK112331-07,Awards,38691461,349
38634503,2U24DK112331-07,Awards,38634503,349
36711841,2U24DK112331-07,Awards,36711841,349
39818879,2R56DK046943-28,Awards,39818879,350
39366377,2R56DK046943-28,Awards,39366377,350
38084892,2R56DK046943-28,Awards,38084892,350
37961197,2R56DK046943-28,Awards,37961197,350
39974136,5R01HD082176-09,Awards,39974136,351
38486679,5R01DC019928-03,Awards,38486679,353
40162211,5R01NS117590-05,Awards,40162211,354
38600097,5R01NS117590-05,Awards,38600097,354
38600097,5R01AG072520-04,Awards,38600097,355
38198537,5R01AG072520-04,Awards,38198537,355
40162211,5R01NS060123-17,Awards,40162211,356
38600097,5R01NS060123-17,Awards,38600097,356
38198537,5R01NS060123-17,Awards,38198537,356
39939764,5K99DA058213-02,Awards,39939764,357
38326622,5K99DA058213-02,Awards,38326622,357
40612515,3R01NS114239-05S1,Awards,40612515,360
39975381,3R01NS114239-05S1,Awards,39975381,360
38979135,3R01NS114239-05S1,Awards,38979135,360
38198537,3R01NS114239-05S1,Awards,38198537,360
38852158,5K01MH125144-05,Awards,38852158,361
40601747,5R01MH120162-05,Awards,40601747,363
39868201,5R01MH120162-05,Awards,39868201,363
39847482,5R01MH120162-05,Awards,39847482,363
39651295,5R01MH120162-05,Awards,39651295,363
39554090,5R01MH120162-05,Awards,39554090,363
39506117,5R01MH120162-05,Awards,39506117,363
39427320,5R01MH120162-05,Awards,39427320,363
39300271,5R01MH120162-05,Awards,39300271,363
39005306,5R01MH120162-05,Awards,39005306,363
38712831,5R01MH120162-05,Awards,38712831,363
38559224,5R01MH120162-05,Awards,38559224,363
38141911,5R01MH120162-05,Awards,38141911,363
36945605,5R01MH120162-05,Awards,36945605,363
40601747,5R56MH132959-02,Awards,40601747,364
40216771,5R56MH132959-02,Awards,40216771,364
39868201,5R56MH132959-02,Awards,39868201,364
39847482,5R56MH132959-02,Awards,39847482,364
39651295,5R56MH132959-02,Awards,39651295,364
39554090,5R56MH132959-02,Awards,39554090,364
39506117,5R56MH132959-02,Awards,39506117,364
39427320,5R56MH132959-02,Awards,39427320,364
39300271,5R56MH132959-02,Awards,39300271,364
39005306,5R56MH132959-02,Awards,39005306,364
38712831,5R56MH132959-02,Awards,38712831,364
38559224,5R56MH132959-02,Awards,38559224,364
38141911,5R56MH132959-02,Awards,38141911,364
36945605,5R56MH132959-02,Awards,36945605,364
40475629,4R01AG072300-02,Awards,40475629,365
39006413,4R01AG072300-02,Awards,39006413,365
39000484,4R01AG072300-02,Awards,39000484,365
37945435,4R01AG072300-02,Awards,37945435,365
40475629,5R01AG061382-05,Awards,40475629,366
39689057,5R01AG061382-05,Awards,39689057,366
37945435,5R01AG061382-05,Awards,37945435,366
39939764,5K99DK137037-02,Awards,39939764,368
38326622,5K99DK137037-02,Awards,38326622,368
39425930,5R01MH124880-05,Awards,39425930,370
38964318,5R01MH124880-05,Awards,38964318,370
38613783,5R01MH124880-05,Awards,38613783,370
39425930,5R01MH132224-02,Awards,39425930,371
40060435,5F31NS132558-02,Awards,40060435,375
38266980,5F31NS132558-02,Awards,38266980,375
40060435,1F99NS139541-01A1,Awards,40060435,376
39235942,5R01AT011697-04,Awards,39235942,377
39121857,5R01AT011697-04,Awards,39121857,377
40262615,5R35NS111600-06,Awards,40262615,379
39886589,5R35NS111600-06,Awards,39886589,379
39058595,5R35NS111600-06,Awards,39058595,379
38329885,5R35NS111600-06,Awards,38329885,379
40566742,1R21NS134158-01A1,Awards,40566742,381
39747004,1R21NS134158-01A1,Awards,39747004,381
38979135,5F31NS130909-02,Awards,38979135,382
40524640,5F31MH133297-02,Awards,40524640,383
38671178,5F31MH133297-02,Awards,38671178,383
37349475,5F31MH133297-02,Awards,37349475,383
40475629,5F31AG079604-02,Awards,40475629,385
37945435,5F31AG079604-02,Awards,37945435,385
40589943,1R01AG087945-01,Awards,40589943,386
40631185,5T32AG049688-10,Awards,40631185,387
40475629,5T32AG049688-10,Awards,40475629,387
39868201,5T32AG049688-10,Awards,39868201,387
39328984,5T32AG049688-10,Awards,39328984,387
38559224,5T32AG049688-10,Awards,38559224,387
38395968,5T32AG049688-10,Awards,38395968,387
38370645,5T32AG049688-10,Awards,38370645,387
38200091,5T32AG049688-10,Awards,38200091,387
38198537,5T32AG049688-10,Awards,38198537,387
38187737,5T32AG049688-10,Awards,38187737,387
37945435,5T32AG049688-10,Awards,37945435,387
37777848,5T32AG049688-10,Awards,37777848,387
39689057,5T32MH087004-15,Awards,39689057,388
39658624,5T32MH087004-15,Awards,39658624,388
39328984,5T32MH087004-15,Awards,39328984,388
38968112,5T32MH087004-15,Awards,38968112,388
38915600,5T32MH087004-15,Awards,38915600,388
38843332,5T32MH087004-15,Awards,38843332,388
38671178,5T32MH087004-15,Awards,38671178,388
38198537,5T32MH087004-15,Awards,38198537,388
37349475,5T32MH087004-15,Awards,37349475,388
39328984,1R01NS135728-01,Awards,39328984,389
38968112,1R01NS135728-01,Awards,38968112,389
39843911,5F31AG074652-03,Awards,39843911,391
39747004,5K01NS127948-02,Awards,39747004,392
40343025,5T32DA053558-04,Awards,40343025,393
40133300,5T32DA053558-04,Awards,40133300,393
39838110,5T32DA053558-04,Awards,39838110,393
39693067,5T32DA053558-04,Awards,39693067,393
39606326,5T32DA053558-04,Awards,39606326,393
39530592,5T32DA053558-04,Awards,39530592,393
39345578,5T32DA053558-04,Awards,39345578,393
39026727,5T32DA053558-04,Awards,39026727,393
39020140,5T32DA053558-04,Awards,39020140,393
38946983,5T32DA053558-04,Awards,38946983,393
38843332,5T32DA053558-04,Awards,38843332,393
38720072,5T32DA053558-04,Awards,38720072,393
38630816,5T32DA053558-04,Awards,38630816,393
38168118,5T32DA053558-04,Awards,38168118,393
38141605,5T32DA053558-04,Awards,38141605,393
37961156,5T32DA053558-04,Awards,37961156,393
37940687,5T32DA053558-04,Awards,37940687,393
37434487,5T32DA053558-04,Awards,37434487,393
38879719,5U01DA053629-04,Awards,38879719,394
38843332,5U01DA053629-04,Awards,38843332,394
38793575,5U01DA053629-04,Awards,38793575,394
38559273,5U01DA053629-04,Awards,38559273,394
37951088,5U01DA053629-04,Awards,37951088,394
40191899,1K99AG084853-01,Awards,40191899,396
39680037,1K99AG084853-01,Awards,39680037,396
38819050,1K99AG084853-01,Awards,38819050,396
39352664,5R03AG078953-02,Awards,39352664,397
40160416,5R01DA056595-03,Awards,40160416,398
39779849,5R01DA056595-03,Awards,39779849,398
39345578,5R01DA056595-03,Awards,39345578,398
39019389,5R01DA056595-03,Awards,39019389,398
40160416,2R01HD097088-06,Awards,40160416,399
40516534,2R01MH116900-06A1,Awards,40516534,400
40160416,2R01MH116900-06A1,Awards,40160416,400
40060435,2R01MH116900-06A1,Awards,40060435,400
39779849,2R01MH116900-06A1,Awards,39779849,400
39345578,2R01MH116900-06A1,Awards,39345578,400
38871707,2R01MH116900-06A1,Awards,38871707,400
38848464,2R01MH116900-06A1,Awards,38848464,400
38266980,2R01MH116900-06A1,Awards,38266980,400
36945605,2R01MH116900-06A1,Awards,36945605,400
40609535,2P01DA047233-06A1,Awards,40609535,401
40603300,2P01DA047233-06A1,Awards,40603300,401
40506501,2P01DA047233-06A1,Awards,40506501,401
40494620,2P01DA047233-06A1,Awards,40494620,401
40317512,2P01DA047233-06A1,Awards,40317512,401
40188314,2P01DA047233-06A1,Awards,40188314,401
40133300,2P01DA047233-06A1,Awards,40133300,401
39962245,2P01DA047233-06A1,Awards,39962245,401
39843911,2P01DA047233-06A1,Awards,39843911,401
39779849,2P01DA047233-06A1,Awards,39779849,401
39730457,2P01DA047233-06A1,Awards,39730457,401
39587295,2P01DA047233-06A1,Awards,39587295,401
39394974,2P01DA047233-06A1,Awards,39394974,401
39365860,2P01DA047233-06A1,Awards,39365860,401
39346680,2P01DA047233-06A1,Awards,39346680,401
39281867,2P01DA047233-06A1,Awards,39281867,401
39026727,2P01DA047233-06A1,Awards,39026727,401
39012593,2P01DA047233-06A1,Awards,39012593,401
38843332,2P01DA047233-06A1,Awards,38843332,401
38766127,2P01DA047233-06A1,Awards,38766127,401
38669575,2P01DA047233-06A1,Awards,38669575,401
38637154,2P01DA047233-06A1,Awards,38637154,401
38626009,2P01DA047233-06A1,Awards,38626009,401
38559273,2P01DA047233-06A1,Awards,38559273,401
38559084,2P01DA047233-06A1,Awards,38559084,401
38464110,2P01DA047233-06A1,Awards,38464110,401
38370645,2P01DA047233-06A1,Awards,38370645,401
38343388,2P01DA047233-06A1,Awards,38343388,401
38332016,2P01DA047233-06A1,Awards,38332016,401
38215742,2P01DA047233-06A1,Awards,38215742,401
38187775,2P01DA047233-06A1,Awards,38187775,401
37940687,2P01DA047233-06A1,Awards,37940687,401
37517704,2P01DA047233-06A1,Awards,37517704,401
40506501,5R01DA007359-36,Awards,40506501,402
40494620,5R01DA007359-36,Awards,40494620,402
40133300,5R01DA007359-36,Awards,40133300,402
39365860,5R01DA007359-36,Awards,39365860,402
39026727,5R01DA007359-36,Awards,39026727,402
39012593,5R01DA007359-36,Awards,39012593,402
38669575,5R01DA007359-36,Awards,38669575,402
38637154,5R01DA007359-36,Awards,38637154,402
38626009,5R01DA007359-36,Awards,38626009,402
38343388,5R01DA007359-36,Awards,38343388,402
38332016,5R01DA007359-36,Awards,38332016,402
37517704,5R01DA007359-36,Awards,37517704,402
40644558,5R01MH129306-02,Awards,40644558,403
40562842,5R01MH129306-02,Awards,40562842,403
39484441,5R01MH129306-02,Awards,39484441,403
39369762,5R01MH129306-02,Awards,39369762,403
38959894,5R01MH129306-02,Awards,38959894,403
38795707,5R01MH129306-02,Awards,38795707,403
38659771,5R01MH129306-02,Awards,38659771,403
38351270,5R01MH129306-02,Awards,38351270,403
38326622,5R01MH129306-02,Awards,38326622,403
38293227,5R01MH129306-02,Awards,38293227,403
38141911,5R01MH129306-02,Awards,38141911,403
37349475,5R01MH129306-02,Awards,37349475,403
40603300,5R01DA014133-25,Awards,40603300,404
40506501,5R01DA014133-25,Awards,40506501,404
38669575,5R01DA014133-25,Awards,38669575,404
38626009,5R01DA014133-25,Awards,38626009,404
40601747,5K99MH131792-02,Awards,40601747,405
39554090,5K99MH131792-02,Awards,39554090,405
39506117,5K99MH131792-02,Awards,39506117,405
39427320,5K99MH131792-02,Awards,39427320,405
39005306,5K99MH131792-02,Awards,39005306,405
36945605,5K99MH131792-02,Awards,36945605,405
40601747,1F31NS134301-01A1,Awards,40601747,406
39868201,1F31NS134301-01A1,Awards,39868201,406
39847482,1F31NS134301-01A1,Awards,39847482,406
40557710,5R01NS116006-04,Awards,40557710,407
40502569,5R01NS116006-04,Awards,40502569,407
40196259,5R01NS116006-04,Awards,40196259,407
40166159,5R01NS116006-04,Awards,40166159,407
40093234,5R01NS116006-04,Awards,40093234,407
39692283,5R01NS116006-04,Awards,39692283,407
38854101,5R01NS116006-04,Awards,38854101,407
40502569,4R01AG065926-02,Awards,40502569,408
40502140,4R01AG065926-02,Awards,40502140,408
40166159,4R01AG065926-02,Awards,40166159,408
40093234,4R01AG065926-02,Awards,40093234,408
40065072,4R01AG065926-02,Awards,40065072,408
39713290,4R01AG065926-02,Awards,39713290,408
38854101,4R01AG065926-02,Awards,38854101,408
38343831,4R01AG065926-02,Awards,38343831,408
40502569,5U01AG068880-05,Awards,40502569,409
40166159,5U01AG068880-05,Awards,40166159,409
40093234,5U01AG068880-05,Awards,40093234,409
40033057,5U01AG068880-05,Awards,40033057,409
39677477,5U01AG068880-05,Awards,39677477,409
39251599,5U01AG068880-05,Awards,39251599,409
38854101,5U01AG068880-05,Awards,38854101,409
38343831,5U01AG068880-05,Awards,38343831,409
40609533,1R56AG088669-01,Awards,40609533,410
40502569,1R56AG088669-01,Awards,40502569,410
38940740,5R01MH134845-02,Awards,38940740,411
39198580,5R01MH132789-02,Awards,39198580,415
38915600,5R01MH132789-02,Awards,38915600,415
38287101,5R01MH132789-02,Awards,38287101,415
40180571,5R01MH132064-02,Awards,40180571,416
39553955,5R01MH132064-02,Awards,39553955,416
39293441,5R01MH132064-02,Awards,39293441,416
39026728,5R01MH132064-02,Awards,39026728,416
38991790,5R01MH132064-02,Awards,38991790,416
38915600,5R01MH132064-02,Awards,38915600,416
38640933,5R01MH132064-02,Awards,38640933,416
38559221,5R01MH132064-02,Awards,38559221,416
39939764,1T32MH135853-01,Awards,39939764,417
39803419,1T32MH135853-01,Awards,39803419,417
39730457,1T32MH135853-01,Awards,39730457,417
39345578,1T32MH135853-01,Awards,39345578,417
39292771,1T32MH135853-01,Awards,39292771,417
39120643,1T32MH135853-01,Awards,39120643,417
38134921,1T32MH135853-01,Awards,38134921,417
40199995,5R01MH133299-02,Awards,40199995,418
39939764,5R01MH133299-02,Awards,39939764,418
39803419,5R01MH133299-02,Awards,39803419,418
39730457,5R01MH133299-02,Awards,39730457,418
39345578,5R01MH133299-02,Awards,39345578,418
39120643,5R01MH133299-02,Awards,39120643,418
38959503,5R01MH133299-02,Awards,38959503,418
38871707,5R01MH133299-02,Awards,38871707,418
38795707,5R01MH133299-02,Awards,38795707,418
38720072,5R01MH133299-02,Awards,38720072,418
38483288,5R01MH133299-02,Awards,38483288,418
38326622,5R01MH133299-02,Awards,38326622,418
38008236,5R01MH133299-02,Awards,38008236,418
37992997,5R01MH133299-02,Awards,37992997,418
40644558,3R01MH127820-04S1,Awards,40644558,419
40199995,3R01MH127820-04S1,Awards,40199995,419
39939764,3R01MH127820-04S1,Awards,39939764,419
39803419,3R01MH127820-04S1,Awards,39803419,419
39730457,3R01MH127820-04S1,Awards,39730457,419
39500417,3R01MH127820-04S1,Awards,39500417,419
39345578,3R01MH127820-04S1,Awards,39345578,419
39120643,3R01MH127820-04S1,Awards,39120643,419
38871707,3R01MH127820-04S1,Awards,38871707,419
38795707,3R01MH127820-04S1,Awards,38795707,419
38720072,3R01MH127820-04S1,Awards,38720072,419
38483288,3R01MH127820-04S1,Awards,38483288,419
38326622,3R01MH127820-04S1,Awards,38326622,419
38141911,3R01MH127820-04S1,Awards,38141911,419
38008236,3R01MH127820-04S1,Awards,38008236,419
37992997,3R01MH127820-04S1,Awards,37992997,419
40644558,2R01MH104559-11,Awards,40644558,420
40199995,2R01MH104559-11,Awards,40199995,420
39939764,2R01MH104559-11,Awards,39939764,420
39803419,2R01MH104559-11,Awards,39803419,420
39730457,2R01MH104559-11,Awards,39730457,420
39500417,2R01MH104559-11,Awards,39500417,420
39345578,2R01MH104559-11,Awards,39345578,420
39120643,2R01MH104559-11,Awards,39120643,420
38959503,2R01MH104559-11,Awards,38959503,420
38871707,2R01MH104559-11,Awards,38871707,420
38795707,2R01MH104559-11,Awards,38795707,420
38720072,2R01MH104559-11,Awards,38720072,420
38483288,2R01MH104559-11,Awards,38483288,420
38326622,2R01MH104559-11,Awards,38326622,420
38141911,2R01MH104559-11,Awards,38141911,420
38008236,2R01MH104559-11,Awards,38008236,420
37992997,2R01MH104559-11,Awards,37992997,420
39939753,4R01AG068558-02,Awards,39939753,422
39843911,4R01AG068558-02,Awards,39843911,422
39281867,4R01AG068558-02,Awards,39281867,422
38766127,4R01AG068558-02,Awards,38766127,422
38370645,4R01AG068558-02,Awards,38370645,422
40609535,5R01NS106721-05,Awards,40609535,423
39939753,5R01NS106721-05,Awards,39939753,423
39843911,5R01NS106721-05,Awards,39843911,423
39281867,5R01NS106721-05,Awards,39281867,423
38766127,5R01NS106721-05,Awards,38766127,423
38370645,5R01NS106721-05,Awards,38370645,423
40601747,1R01NS136590-01,Awards,40601747,425
39868201,1R01NS136590-01,Awards,39868201,425
39847482,1R01NS136590-01,Awards,39847482,425
39508007,1R01NS136590-01,Awards,39508007,425
39506117,1R01NS136590-01,Awards,39506117,425
39427320,1R01NS136590-01,Awards,39427320,425
38559224,1R01NS136590-01,Awards,38559224,425
40601747,3RF1AG072497-01A1S1,Awards,40601747,426
39868201,3RF1AG072497-01A1S1,Awards,39868201,426
39847482,3RF1AG072497-01A1S1,Awards,39847482,426
39506117,3RF1AG072497-01A1S1,Awards,39506117,426
39427320,3RF1AG072497-01A1S1,Awards,39427320,426
39005306,3RF1AG072497-01A1S1,Awards,39005306,426
38559224,3RF1AG072497-01A1S1,Awards,38559224,426
36945605,3RF1AG072497-01A1S1,Awards,36945605,426
40601747,5R01NS116357-04,Awards,40601747,427
39868201,5R01NS116357-04,Awards,39868201,427
39847482,5R01NS116357-04,Awards,39847482,427
39508007,5R01NS116357-04,Awards,39508007,427
39506117,5R01NS116357-04,Awards,39506117,427
39427320,5R01NS116357-04,Awards,39427320,427
39005306,5R01NS116357-04,Awards,39005306,427
38559224,5R01NS116357-04,Awards,38559224,427
38327536,5R01NS116357-04,Awards,38327536,427
36945605,5R01NS116357-04,Awards,36945605,427
39662702,5R01AA018734-13,Awards,39662702,428
39103320,5R01AA018734-13,Awards,39103320,428
36993693,5R01AA018734-13,Awards,36993693,428
39847482,5F99NS135813-02,Awards,39847482,430
38559224,5F99NS135813-02,Awards,38559224,430
39418178,5R01AG078755-03,Awards,39418178,431
39122950,5R01AG078755-03,Awards,39122950,431
38947933,5R01AG078755-03,Awards,38947933,431
39337329,5F31MH133365-02,Awards,39337329,432
40307550,1R01MH136228-01,Awards,40307550,433
40307550,5R00MH122697-05,Awards,40307550,434
39677822,3R01MH129372-03S1,Awards,39677822,436
39337329,3R01MH129372-03S1,Awards,39337329,436
39677822,5R01NS116057-05,Awards,39677822,437
38926387,5R01AG069976-05,Awards,38926387,438
38765961,5R01AG069976-05,Awards,38765961,438
38409356,5R01AG069976-05,Awards,38409356,438
40566742,5R01NS092735-09,Awards,40566742,439
40536340,5R01NS092735-09,Awards,40536340,439
40442367,5R01NS092735-09,Awards,40442367,439
39747004,5R01NS092735-09,Awards,39747004,439
38538643,5R01NS092735-09,Awards,38538643,439
38313256,5R01NS092735-09,Awards,38313256,439
39395421,5R01CA258636-03,Awards,39395421,440
38771655,5R01CA258636-03,Awards,38771655,440
39395421,5R01NS100864-09,Awards,39395421,441
38811170,5R01NS100864-09,Awards,38811170,441
39843877,1U24NS135391-01,Awards,39843877,443
39952668,5R01MH124763-04,Awards,39952668,445
38766086,5R01MH124763-04,Awards,38766086,445
40566742,5R01NS134159-02,Awards,40566742,446
40536340,5R01NS134159-02,Awards,40536340,446
39747004,5R01NS134159-02,Awards,39747004,446
38811170,5R01NS134159-02,Awards,38811170,446
37961567,5R01NS127442-02,Awards,37961567,447
40386438,5R01HD098867-05,Awards,40386438,448
38854063,5R01HD098867-05,Awards,38854063,448
38514622,5R01HD098867-05,Awards,38514622,448
40386438,5R01HD102318-06,Awards,40386438,449
38854063,5R01HD102318-06,Awards,38854063,449
38514622,5R01HD102318-06,Awards,38514622,449
40093185,5R01NR014784-10,Awards,40093185,450
38705650,5R01NR014784-10,Awards,38705650,450
38514622,5R01NR014784-10,Awards,38514622,450
38246324,5R01NR014784-10,Awards,38246324,450
37557898,5R01NR014784-10,Awards,37557898,450
39557333,5R03AG082994-02,Awards,39557333,451
39247957,5R03AG082994-02,Awards,39247957,451
38518887,5R03AG082994-02,Awards,38518887,451
38437944,5R03AG082994-02,Awards,38437944,451
38377231,5R03AG082994-02,Awards,38377231,451
39187612,3R01MH127315-03S1,Awards,39187612,452
38504979,3R01MH127315-03S1,Awards,38504979,452
38134722,3R01MH127315-03S1,Awards,38134722,452
38716661,5R01HL159433-04,Awards,38716661,453
39788967,5R01CA276087-03,Awards,39788967,454
39854010,2R01EY027301-06,Awards,39854010,456
39553865,2R01EY027301-06,Awards,39553865,456
39543723,2R01EY027301-06,Awards,39543723,456
39940664,5R00EY031339-05,Awards,39940664,457
39819808,5R00EY031339-05,Awards,39819808,457
39569143,5R00EY031339-05,Awards,39569143,457
38091879,5R00EY031339-05,Awards,38091879,457
40590803,5R01EY032559-04,Awards,40590803,458
40268369,5R01EY032559-04,Awards,40268369,458
40211014,5R01EY032559-04,Awards,40211014,458
39982391,5R01EY032559-04,Awards,39982391,458
39896457,5R01EY032559-04,Awards,39896457,458
39551815,5R01EY032559-04,Awards,39551815,458
39464630,5R01EY032559-04,Awards,39464630,458
39250119,5R01EY032559-04,Awards,39250119,458
39128550,5R01EY032559-04,Awards,39128550,458
39064230,5R01EY032559-04,Awards,39064230,458
39028976,5R01EY032559-04,Awards,39028976,458
38906208,5R01EY032559-04,Awards,38906208,458
38723778,5R01EY032559-04,Awards,38723778,458
38506820,5R01EY032559-04,Awards,38506820,458
38393715,5R01EY032559-04,Awards,38393715,458
38266105,5R01EY032559-04,Awards,38266105,458
38195602,5R01EY032559-04,Awards,38195602,458
36990674,5R01EY032559-04,Awards,36990674,458
40272416,1R01EY036460-01,Awards,40272416,459
40211014,1R01EY036460-01,Awards,40211014,459
39982391,1R01EY036460-01,Awards,39982391,459
39896457,1R01EY036460-01,Awards,39896457,459
39551815,1R01EY036460-01,Awards,39551815,459
40214977,5R01AR082797-02,Awards,40214977,460
39833191,5R01AR082797-02,Awards,39833191,460
40040295,3R01AR080616-03S1,Awards,40040295,461
39702607,3R01AR080616-03S1,Awards,39702607,461
38775429,3R01AR080616-03S1,Awards,38775429,461
38706880,5R01AR078764-03,Awards,38706880,462
40139648,3R01AR080096-03S1,Awards,40139648,463
39702607,3R01AR080096-03S1,Awards,39702607,463
39319260,3R01AR080096-03S1,Awards,39319260,463
38948728,3R01AR080096-03S1,Awards,38948728,463
38339040,3R01AR080096-03S1,Awards,38339040,463
40139648,5R01AR078857-03,Awards,40139648,464
38948728,5R01AR078857-03,Awards,38948728,464
38339040,5R01AR078857-03,Awards,38339040,464
38312949,5R01AR078857-03,Awards,38312949,464
39961646,5U01DK062422-25,Awards,39961646,467
39591878,5U01DK062422-25,Awards,39591878,467
38969076,5U01DK062422-25,Awards,38969076,467
38663404,5U01DK062422-25,Awards,38663404,467
38490347,5U01DK062422-25,Awards,38490347,467
37976264,5U01DK062422-25,Awards,37976264,467
39591878,5U24DK062429-25,Awards,39591878,468
38969076,5U24DK062429-25,Awards,38969076,468
38663404,5U24DK062429-25,Awards,38663404,468
37976264,5U24DK062429-25,Awards,37976264,468
40117343,5R01DK135272-02,Awards,40117343,469
39137883,5R01DK135272-02,Awards,39137883,469
40567433,5K01AG070326-03,Awards,40567433,471
40463251,5K01AG070326-03,Awards,40463251,471
40055946,5K01AG070326-03,Awards,40055946,471
39737785,5K01AG070326-03,Awards,39737785,471
39484274,5K01AG070326-03,Awards,39484274,471
39251599,5K01AG070326-03,Awards,39251599,471
39154163,5K01AG070326-03,Awards,39154163,471
38520489,5K01AG070326-03,Awards,38520489,471
38464214,5K01AG070326-03,Awards,38464214,471
38234807,5K01AG070326-03,Awards,38234807,471
38198537,5K01AG070326-03,Awards,38198537,471
37777848,5K01AG070326-03,Awards,37777848,471
38663404,5F30DK127736-04,Awards,38663404,473
40341143,1R01CA274251-01A1,Awards,40341143,474
40074951,1R01CA274251-01A1,Awards,40074951,474
39893178,1R01CA274251-01A1,Awards,39893178,474
39648200,5F32AG072837-02,Awards,39648200,475
39648751,5R01HL164775-02,Awards,39648751,476
40087909,5K24HL150312-05,Awards,40087909,477
39671893,5K24HL150312-05,Awards,39671893,477
39648751,5K24HL150312-05,Awards,39648751,477
39087502,5K24HL150312-05,Awards,39087502,477
38460460,5K24HL150312-05,Awards,38460460,477
38122928,5K24HL150312-05,Awards,38122928,477
37973262,5K24HL150312-05,Awards,37973262,477
37967704,5K24HL150312-05,Awards,37967704,477
38565809,7K01HL163457-03,Awards,38565809,478
40458769,7K01HL163457-03,Awards,40458769,478
38408083,7K01HL163457-03,Awards,38408083,478
38693784,3R01DK121154-05S1,Awards,38693784,479
38508241,3R01DK121154-05S1,Awards,38508241,479
38430535,3R01DK121154-05S1,Awards,38430535,479
37668904,3R01DK121154-05S1,Awards,37668904,479
40558527,5R01AI153708-04,Awards,40558527,480
39389123,5R01AI153708-04,Awards,39389123,480
39054615,5R01AI153708-04,Awards,39054615,480
38324641,5R01AI153708-04,Awards,38324641,480
40094146,5R01AI072204-17,Awards,40094146,481
39818212,5R01AI072204-17,Awards,39818212,481
38407394,1U01AI181883-01,Awards,38407394,485
38476237,5K23DK125760-03,Awards,38476237,486
38134405,5K23DK125760-03,Awards,38134405,486
40652447,5UL1TR004419-03,Awards,40652447,487
40631321,5UL1TR004419-03,Awards,40631321,487
40585261,5UL1TR004419-03,Awards,40585261,487
40584973,5UL1TR004419-03,Awards,40584973,487
40575667,5UL1TR004419-03,Awards,40575667,487
40505637,5UL1TR004419-03,Awards,40505637,487
40502785,5UL1TR004419-03,Awards,40502785,487
40502608,5UL1TR004419-03,Awards,40502608,487
40502569,5UL1TR004419-03,Awards,40502569,487
40495250,5UL1TR004419-03,Awards,40495250,487
40475629,5UL1TR004419-03,Awards,40475629,487
40475145,5UL1TR004419-03,Awards,40475145,487
40473624,5UL1TR004419-03,Awards,40473624,487
40433992,5UL1TR004419-03,Awards,40433992,487
40425725,5UL1TR004419-03,Awards,40425725,487
40401624,5UL1TR004419-03,Awards,40401624,487
40399555,5UL1TR004419-03,Awards,40399555,487
40393809,5UL1TR004419-03,Awards,40393809,487
40386437,5UL1TR004419-03,Awards,40386437,487
40382782,5UL1TR004419-03,Awards,40382782,487
40348910,5UL1TR004419-03,Awards,40348910,487
40311333,5UL1TR004419-03,Awards,40311333,487
40297445,5UL1TR004419-03,Awards,40297445,487
40274765,5UL1TR004419-03,Awards,40274765,487
40270399,5UL1TR004419-03,Awards,40270399,487
40240324,5UL1TR004419-03,Awards,40240324,487
40203750,5UL1TR004419-03,Awards,40203750,487
40194317,5UL1TR004419-03,Awards,40194317,487
40179354,5UL1TR004419-03,Awards,40179354,487
40166161,5UL1TR004419-03,Awards,40166161,487
40166159,5UL1TR004419-03,Awards,40166159,487
40161787,5UL1TR004419-03,Awards,40161787,487
40161664,5UL1TR004419-03,Awards,40161664,487
40160448,5UL1TR004419-03,Awards,40160448,487
40155050,5UL1TR004419-03,Awards,40155050,487
40093243,5UL1TR004419-03,Awards,40093243,487
40093234,5UL1TR004419-03,Awards,40093234,487
40084623,5UL1TR004419-03,Awards,40084623,487
40061343,5UL1TR004419-03,Awards,40061343,487
40060050,5UL1TR004419-03,Awards,40060050,487
40054060,5UL1TR004419-03,Awards,40054060,487
40049579,5UL1TR004419-03,Awards,40049579,487
40042313,5UL1TR004419-03,Awards,40042313,487
40027824,5UL1TR004419-03,Awards,40027824,487
40027748,5UL1TR004419-03,Awards,40027748,487
40010771,5UL1TR004419-03,Awards,40010771,487
39994175,5UL1TR004419-03,Awards,39994175,487
39990586,5UL1TR004419-03,Awards,39990586,487
39979244,5UL1TR004419-03,Awards,39979244,487
39975411,5UL1TR004419-03,Awards,39975411,487
39975057,5UL1TR004419-03,Awards,39975057,487
39974894,5UL1TR004419-03,Awards,39974894,487
39974125,5UL1TR004419-03,Awards,39974125,487
39968791,5UL1TR004419-03,Awards,39968791,487
39930465,5UL1TR004419-03,Awards,39930465,487
39930084,5UL1TR004419-03,Awards,39930084,487
39910394,5UL1TR004419-03,Awards,39910394,487
39907729,5UL1TR004419-03,Awards,39907729,487
39899385,5UL1TR004419-03,Awards,39899385,487
39899356,5UL1TR004419-03,Awards,39899356,487
39867394,5UL1TR004419-03,Awards,39867394,487
39856480,5UL1TR004419-03,Awards,39856480,487
39854479,5UL1TR004419-03,Awards,39854479,487
39854326,5UL1TR004419-03,Awards,39854326,487
39830258,5UL1TR004419-03,Awards,39830258,487
39827879,5UL1TR004419-03,Awards,39827879,487
39823183,5UL1TR004419-03,Awards,39823183,487
39799755,5UL1TR004419-03,Awards,39799755,487
39764146,5UL1TR004419-03,Awards,39764146,487
39757503,5UL1TR004419-03,Awards,39757503,487
39726173,5UL1TR004419-03,Awards,39726173,487
39716936,5UL1TR004419-03,Awards,39716936,487
39713327,5UL1TR004419-03,Awards,39713327,487
39711711,5UL1TR004419-03,Awards,39711711,487
39711543,5UL1TR004419-03,Awards,39711543,487
39709141,5UL1TR004419-03,Awards,39709141,487
39701022,5UL1TR004419-03,Awards,39701022,487
39700422,5UL1TR004419-03,Awards,39700422,487
39677706,5UL1TR004419-03,Awards,39677706,487
39663801,5UL1TR004419-03,Awards,39663801,487
39649609,5UL1TR004419-03,Awards,39649609,487
39627187,5UL1TR004419-03,Awards,39627187,487
39606472,5UL1TR004419-03,Awards,39606472,487
39606345,5UL1TR004419-03,Awards,39606345,487
39606191,5UL1TR004419-03,Awards,39606191,487
39605415,5UL1TR004419-03,Awards,39605415,487
39600525,5UL1TR004419-03,Awards,39600525,487
39592855,5UL1TR004419-03,Awards,39592855,487
39591878,5UL1TR004419-03,Awards,39591878,487
39589192,5UL1TR004419-03,Awards,39589192,487
39585963,5UL1TR004419-03,Awards,39585963,487
39580497,5UL1TR004419-03,Awards,39580497,487
39567710,5UL1TR004419-03,Awards,39567710,487
39566494,5UL1TR004419-03,Awards,39566494,487
39558090,5UL1TR004419-03,Awards,39558090,487
39554174,5UL1TR004419-03,Awards,39554174,487
39549765,5UL1TR004419-03,Awards,39549765,487
39542655,5UL1TR004419-03,Awards,39542655,487
39541732,5UL1TR004419-03,Awards,39541732,487
39536662,5UL1TR004419-03,Awards,39536662,487
39524206,5UL1TR004419-03,Awards,39524206,487
39521388,5UL1TR004419-03,Awards,39521388,487
39504245,5UL1TR004419-03,Awards,39504245,487
39481380,5UL1TR004419-03,Awards,39481380,487
39478230,5UL1TR004419-03,Awards,39478230,487
39464041,5UL1TR004419-03,Awards,39464041,487
39454027,5UL1TR004419-03,Awards,39454027,487
39447570,5UL1TR004419-03,Awards,39447570,487
39423850,5UL1TR004419-03,Awards,39423850,487
39402051,5UL1TR004419-03,Awards,39402051,487
39386704,5UL1TR004419-03,Awards,39386704,487
39384761,5UL1TR004419-03,Awards,39384761,487
39379499,5UL1TR004419-03,Awards,39379499,487
39375594,5UL1TR004419-03,Awards,39375594,487
39374897,5UL1TR004419-03,Awards,39374897,487
39372931,5UL1TR004419-03,Awards,39372931,487
39368809,5UL1TR004419-03,Awards,39368809,487
39345948,5UL1TR004419-03,Awards,39345948,487
39345488,5UL1TR004419-03,Awards,39345488,487
39343496,5UL1TR004419-03,Awards,39343496,487
39320087,5UL1TR004419-03,Awards,39320087,487
39316396,5UL1TR004419-03,Awards,39316396,487
39293757,5UL1TR004419-03,Awards,39293757,487
39283628,5UL1TR004419-03,Awards,39283628,487
39283238,5UL1TR004419-03,Awards,39283238,487
39265426,5UL1TR004419-03,Awards,39265426,487
39260536,5UL1TR004419-03,Awards,39260536,487
39251599,5UL1TR004419-03,Awards,39251599,487
39244607,5UL1TR004419-03,Awards,39244607,487
39235542,5UL1TR004419-03,Awards,39235542,487
39233096,5UL1TR004419-03,Awards,39233096,487
39207514,5UL1TR004419-03,Awards,39207514,487
39181999,5UL1TR004419-03,Awards,39181999,487
39180400,5UL1TR004419-03,Awards,39180400,487
39149451,5UL1TR004419-03,Awards,39149451,487
39148830,5UL1TR004419-03,Awards,39148830,487
39148827,5UL1TR004419-03,Awards,39148827,487
39148820,5UL1TR004419-03,Awards,39148820,487
39148818,5UL1TR004419-03,Awards,39148818,487
39147228,5UL1TR004419-03,Awards,39147228,487
39133553,5UL1TR004419-03,Awards,39133553,487
39118963,5UL1TR004419-03,Awards,39118963,487
39117147,5UL1TR004419-03,Awards,39117147,487
39095048,5UL1TR004419-03,Awards,39095048,487
39071292,5UL1TR004419-03,Awards,39071292,487
39060814,5UL1TR004419-03,Awards,39060814,487
39054313,5UL1TR004419-03,Awards,39054313,487
39046952,5UL1TR004419-03,Awards,39046952,487
39040191,5UL1TR004419-03,Awards,39040191,487
39029665,5UL1TR004419-03,Awards,39029665,487
39026764,5UL1TR004419-03,Awards,39026764,487
39021250,5UL1TR004419-03,Awards,39021250,487
39006413,5UL1TR004419-03,Awards,39006413,487
39000484,5UL1TR004419-03,Awards,39000484,487
38984754,5UL1TR004419-03,Awards,38984754,487
38976322,5UL1TR004419-03,Awards,38976322,487
38973267,5UL1TR004419-03,Awards,38973267,487
38964580,5UL1TR004419-03,Awards,38964580,487
38960320,5UL1TR004419-03,Awards,38960320,487
38947077,5UL1TR004419-03,Awards,38947077,487
38947033,5UL1TR004419-03,Awards,38947033,487
38947032,5UL1TR004419-03,Awards,38947032,487
38937887,5UL1TR004419-03,Awards,38937887,487
38937606,5UL1TR004419-03,Awards,38937606,487
38934093,5UL1TR004419-03,Awards,38934093,487
38932753,5UL1TR004419-03,Awards,38932753,487
38915184,5UL1TR004419-03,Awards,38915184,487
38885590,5UL1TR004419-03,Awards,38885590,487
38866556,5UL1TR004419-03,Awards,38866556,487
38866555,5UL1TR004419-03,Awards,38866555,487
38828430,5UL1TR004419-03,Awards,38828430,487
38818331,5UL1TR004419-03,Awards,38818331,487
38798338,5UL1TR004419-03,Awards,38798338,487
38796021,5UL1TR004419-03,Awards,38796021,487
38773772,5UL1TR004419-03,Awards,38773772,487
38766168,5UL1TR004419-03,Awards,38766168,487
38758124,5UL1TR004419-03,Awards,38758124,487
38746311,5UL1TR004419-03,Awards,38746311,487
38744503,5UL1TR004419-03,Awards,38744503,487
38741190,5UL1TR004419-03,Awards,38741190,487
38712255,5UL1TR004419-03,Awards,38712255,487
38699362,5UL1TR004419-03,Awards,38699362,487
38699298,5UL1TR004419-03,Awards,38699298,487
38687616,5UL1TR004419-03,Awards,38687616,487
38671065,5UL1TR004419-03,Awards,38671065,487
38659881,5UL1TR004419-03,Awards,38659881,487
38657914,5UL1TR004419-03,Awards,38657914,487
38657407,5UL1TR004419-03,Awards,38657407,487
38652672,5UL1TR004419-03,Awards,38652672,487
38648902,5UL1TR004419-03,Awards,38648902,487
38648692,5UL1TR004419-03,Awards,38648692,487
38640989,5UL1TR004419-03,Awards,38640989,487
38633792,5UL1TR004419-03,Awards,38633792,487
38630816,5UL1TR004419-03,Awards,38630816,487
38597304,5UL1TR004419-03,Awards,38597304,487
38592761,5UL1TR004419-03,Awards,38592761,487
38565563,5UL1TR004419-03,Awards,38565563,487
38559273,5UL1TR004419-03,Awards,38559273,487
38508241,5UL1TR004419-03,Awards,38508241,487
38464151,5UL1TR004419-03,Awards,38464151,487
38456551,5UL1TR004419-03,Awards,38456551,487
38448474,5UL1TR004419-03,Awards,38448474,487
38443464,5UL1TR004419-03,Awards,38443464,487
38431550,5UL1TR004419-03,Awards,38431550,487
38412256,5UL1TR004419-03,Awards,38412256,487
38410473,5UL1TR004419-03,Awards,38410473,487
38395697,5UL1TR004419-03,Awards,38395697,487
38395541,5UL1TR004419-03,Awards,38395541,487
38381324,5UL1TR004419-03,Awards,38381324,487
38370847,5UL1TR004419-03,Awards,38370847,487
38363634,5UL1TR004419-03,Awards,38363634,487
38354356,5UL1TR004419-03,Awards,38354356,487
38354342,5UL1TR004419-03,Awards,38354342,487
38352556,5UL1TR004419-03,Awards,38352556,487
38343740,5UL1TR004419-03,Awards,38343740,487
38343731,5UL1TR004419-03,Awards,38343731,487
38330728,5UL1TR004419-03,Awards,38330728,487
38328099,5UL1TR004419-03,Awards,38328099,487
38319712,5UL1TR004419-03,Awards,38319712,487
38309331,5UL1TR004419-03,Awards,38309331,487
38278245,5UL1TR004419-03,Awards,38278245,487
38277235,5UL1TR004419-03,Awards,38277235,487
38238779,5UL1TR004419-03,Awards,38238779,487
38221536,5UL1TR004419-03,Awards,38221536,487
38211685,5UL1TR004419-03,Awards,38211685,487
38207257,5UL1TR004419-03,Awards,38207257,487
38168118,5UL1TR004419-03,Awards,38168118,487
38157961,5UL1TR004419-03,Awards,38157961,487
38156471,5UL1TR004419-03,Awards,38156471,487
38154728,5UL1TR004419-03,Awards,38154728,487
38145728,5UL1TR004419-03,Awards,38145728,487
38135863,5UL1TR004419-03,Awards,38135863,487
38128386,5UL1TR004419-03,Awards,38128386,487
38112266,5UL1TR004419-03,Awards,38112266,487
38101622,5UL1TR004419-03,Awards,38101622,487
38090670,5UL1TR004419-03,Awards,38090670,487
38084892,5UL1TR004419-03,Awards,38084892,487
38082068,5UL1TR004419-03,Awards,38082068,487
37975497,5UL1TR004419-03,Awards,37975497,487
37973263,5UL1TR004419-03,Awards,37973263,487
37973255,5UL1TR004419-03,Awards,37973255,487
37933635,5UL1TR004419-03,Awards,37933635,487
37884142,5UL1TR004419-03,Awards,37884142,487
37819650,5UL1TR004419-03,Awards,37819650,487
37796549,5UL1TR004419-03,Awards,37796549,487
37772981,5UL1TR004419-03,Awards,37772981,487
37728489,5UL1TR004419-03,Awards,37728489,487
37694774,5UL1TR004419-03,Awards,37694774,487
37610319,5UL1TR004419-03,Awards,37610319,487
37577721,5UL1TR004419-03,Awards,37577721,487
37541974,5UL1TR004419-03,Awards,37541974,487
37503172,5UL1TR004419-03,Awards,37503172,487
37486364,5UL1TR004419-03,Awards,37486364,487
37454787,5UL1TR004419-03,Awards,37454787,487
37034715,5UL1TR004419-03,Awards,37034715,487
36169797,5UL1TR004419-03,Awards,36169797,487
35512185,5UL1TR004419-03,Awards,35512185,487
38719081,5R01ES033436-04,Awards,38719081,488
37981721,5R01ES033436-04,Awards,37981721,488
37610319,5R01ES033436-04,Awards,37610319,488
40588377,5UG3OD023337-09,Awards,40588377,489
40386437,5UG3OD023337-09,Awards,40386437,489
40089117,5UG3OD023337-09,Awards,40089117,489
40074732,5UG3OD023337-09,Awards,40074732,489
40013430,5UG3OD023337-09,Awards,40013430,489
39904821,5UG3OD023337-09,Awards,39904821,489
39884749,5UG3OD023337-09,Awards,39884749,489
39786706,5UG3OD023337-09,Awards,39786706,489
39778060,5UG3OD023337-09,Awards,39778060,489
39762643,5UG3OD023337-09,Awards,39762643,489
39731317,5UG3OD023337-09,Awards,39731317,489
39655664,5UG3OD023337-09,Awards,39655664,489
39642347,5UG3OD023337-09,Awards,39642347,489
39599589,5UG3OD023337-09,Awards,39599589,489
39570591,5UG3OD023337-09,Awards,39570591,489
39567710,5UG3OD023337-09,Awards,39567710,489
39501816,5UG3OD023337-09,Awards,39501816,489
39473136,5UG3OD023337-09,Awards,39473136,489
39447895,5UG3OD023337-09,Awards,39447895,489
39437621,5UG3OD023337-09,Awards,39437621,489
39342237,5UG3OD023337-09,Awards,39342237,489
39186267,5UG3OD023337-09,Awards,39186267,489
38953698,5UG3OD023337-09,Awards,38953698,489
38892704,5UG3OD023337-09,Awards,38892704,489
38796448,5UG3OD023337-09,Awards,38796448,489
38782975,5UG3OD023337-09,Awards,38782975,489
38719081,5UG3OD023337-09,Awards,38719081,489
38657407,5UG3OD023337-09,Awards,38657407,489
38598238,5UG3OD023337-09,Awards,38598238,489
38548252,5UG3OD023337-09,Awards,38548252,489
38486952,5UG3OD023337-09,Awards,38486952,489
38431121,5UG3OD023337-09,Awards,38431121,489
38407105,5UG3OD023337-09,Awards,38407105,489
38382019,5UG3OD023337-09,Awards,38382019,489
38367551,5UG3OD023337-09,Awards,38367551,489
38145728,5UG3OD023337-09,Awards,38145728,489
38111349,5UG3OD023337-09,Awards,38111349,489
38101622,5UG3OD023337-09,Awards,38101622,489
37981721,5UG3OD023337-09,Awards,37981721,489
37973263,5UG3OD023337-09,Awards,37973263,489
37610319,5UG3OD023337-09,Awards,37610319,489
36781160,5UG3OD023337-09,Awards,36781160,489
39648751,5K12ES033594-03,Awards,39648751,490
39582260,5K12ES033594-03,Awards,39582260,490
39343496,5K12ES033594-03,Awards,39343496,490
38892704,5K12ES033594-03,Awards,38892704,490
38330728,5K12ES033594-03,Awards,38330728,490
38295102,5K12ES033594-03,Awards,38295102,490
38056610,5K12ES033594-03,Awards,38056610,490
37971952,5K12ES033594-03,Awards,37971952,490
37694774,5K12ES033594-03,Awards,37694774,490
37034715,5K12ES033594-03,Awards,37034715,490
39501816,1R21ES035169-01A1,Awards,39501816,491
39447895,1R21ES035169-01A1,Awards,39447895,491
38548252,1R21ES035169-01A1,Awards,38548252,491
40473611,2R35GM131780-06,Awards,40473611,493
40186057,2R35GM131780-06,Awards,40186057,493
39244607,2R35GM131780-06,Awards,39244607,493
38898102,2R35GM131780-06,Awards,38898102,493
38889725,2R35GM131780-06,Awards,38889725,493
38844755,2R35GM131780-06,Awards,38844755,493
38798402,2R35GM131780-06,Awards,38798402,493
38720088,2R35GM131780-06,Awards,38720088,493
38328099,2R35GM131780-06,Awards,38328099,493
38321146,2R35GM131780-06,Awards,38321146,493
39180400,5R01GM147211-02,Awards,39180400,495
38657041,5R01AI168004-03,Awards,38657041,497
39187388,5R01DA058681-02,Awards,39187388,498
39103231,5R01DA058681-02,Awards,39103231,498
38705568,5R01DA058681-02,Awards,38705568,498
39187388,5R01DA008863-29,Awards,39187388,499
39103231,5R01DA008863-29,Awards,39103231,499
39009835,5R01DA008863-29,Awards,39009835,499
38705568,5R01DA008863-29,Awards,38705568,499
40056143,1R21DA059420-01,Awards,40056143,500
39713468,1R21DA059420-01,Awards,39713468,500
39966642,1R01HL173203-01,Awards,39966642,501
39732652,5R01HL158998-03,Awards,39732652,503
40202531,5R01CA268384-03,Awards,40202531,504
38469801,5R01CA268384-03,Awards,38469801,504
40610428,5R01AG084184-02,Awards,40610428,505
40328756,5R01AG084184-02,Awards,40328756,505
39011107,5R01AG084184-02,Awards,39011107,505
38796700,5R01AG084184-02,Awards,38796700,505
40202531,5R01CA260666-04,Awards,40202531,506
40087269,5R01CA260666-04,Awards,40087269,506
39196923,5R01CA260666-04,Awards,39196923,506
39168637,5R01CA260666-04,Awards,39168637,506
38469801,5R01CA260666-04,Awards,38469801,506
38141874,5R01CA260666-04,Awards,38141874,506
38135180,5R01CA260666-04,Awards,38135180,506
39180400,5R35GM124838-08,Awards,39180400,508
38915184,5R35GM124838-08,Awards,38915184,508
38370847,5R35GM124838-08,Awards,38370847,508
40501705,5U24CA264250-03,Awards,40501705,509
40308216,5U24CA264250-03,Awards,40308216,509
40133794,5U24CA264250-03,Awards,40133794,509
39569206,5U24CA264250-03,Awards,39569206,509
39565691,5U24CA264250-03,Awards,39565691,509
39127042,5U24CA264250-03,Awards,39127042,509
38645198,5U24CA264250-03,Awards,38645198,509
38643247,5U24CA264250-03,Awards,38643247,509
38359819,5U24CA264250-03,Awards,38359819,509
40501705,3OT2OD030160-01S5,Awards,40501705,510
40308216,3OT2OD030160-01S5,Awards,40308216,510
40133794,3OT2OD030160-01S5,Awards,40133794,510
39569206,3OT2OD030160-01S5,Awards,39569206,510
39565691,3OT2OD030160-01S5,Awards,39565691,510
39127042,3OT2OD030160-01S5,Awards,39127042,510
38645198,3OT2OD030160-01S5,Awards,38645198,510
38643247,3OT2OD030160-01S5,Awards,38643247,510
40501705,3OT2OD036435-01S1,Awards,40501705,511
40308216,3OT2OD036435-01S1,Awards,40308216,511
40208796,3OT2OD036435-01S1,Awards,40208796,511
40133794,3OT2OD036435-01S1,Awards,40133794,511
39990419,3OT2OD036435-01S1,Awards,39990419,511
39569206,3OT2OD036435-01S1,Awards,39569206,511
39565691,3OT2OD036435-01S1,Awards,39565691,511
39415993,3OT2OD036435-01S1,Awards,39415993,511
38645198,3OT2OD036435-01S1,Awards,38645198,511
38643247,3OT2OD036435-01S1,Awards,38643247,511
38339304,3OT2OD036435-01S1,Awards,38339304,511
39406732,5R01CA277794-11,Awards,39406732,512
38763337,5R01CA277794-11,Awards,38763337,512
38597304,5R01CA277794-11,Awards,38597304,512
39447570,5R35GM137905-05,Awards,39447570,513
39180400,5R35GM137905-05,Awards,39180400,513
39127037,5R35GM137905-05,Awards,39127037,513
38955181,5R35GM137905-05,Awards,38955181,513
39447570,5R01AI163011-03,Awards,39447570,514
38326495,5R01AI163011-03,Awards,38326495,514
39259757,5R01HL167520-02,Awards,39259757,516
38758124,5R01HL167520-02,Awards,38758124,516
38260376,5R01HL167520-02,Awards,38260376,516
38720072,2R35GM133504-06,Awards,38720072,517
38630816,2R35GM133504-06,Awards,38630816,517
38168118,2R35GM133504-06,Awards,38168118,517
38170904,5R35GM138214-06,Awards,38170904,518
38657601,5R01GM146061-04,Awards,38657601,519
40348873,5R01GM143440-04,Awards,40348873,521
39609651,5R01GM143440-04,Awards,39609651,521
38890331,5R01GM143440-04,Awards,38890331,521
40480851,5R01AG071870-04,Awards,40480851,522
39713333,5R01AG071870-04,Awards,39713333,522
39548323,5R01AG071870-04,Awards,39548323,522
39096452,5R01AG071870-04,Awards,39096452,522
38963696,5R01AG071870-04,Awards,38963696,522
38718755,5R01AG071870-04,Awards,38718755,522
38579764,5R01AG071870-04,Awards,38579764,522
38463956,5R01AG071870-04,Awards,38463956,522
38370676,5R01AG071870-04,Awards,38370676,522
40480851,5R01AG074092-04,Awards,40480851,523
39713333,5R01AG074092-04,Awards,39713333,523
39548323,5R01AG074092-04,Awards,39548323,523
39096452,5R01AG074092-04,Awards,39096452,523
38963696,5R01AG074092-04,Awards,38963696,523
38718755,5R01AG074092-04,Awards,38718755,523
38579764,5R01AG074092-04,Awards,38579764,523
38463956,5R01AG074092-04,Awards,38463956,523
38370676,5R01AG074092-04,Awards,38370676,523
40480851,2U19AG060917-06,Awards,40480851,524
39713333,2U19AG060917-06,Awards,39713333,524
39548323,2U19AG060917-06,Awards,39548323,524
39394788,2U19AG060917-06,Awards,39394788,524
39096452,2U19AG060917-06,Awards,39096452,524
38963696,2U19AG060917-06,Awards,38963696,524
38718755,2U19AG060917-06,Awards,38718755,524
38579764,2U19AG060917-06,Awards,38579764,524
38463956,2U19AG060917-06,Awards,38463956,524
38370676,2U19AG060917-06,Awards,38370676,524
40480851,5U01AG073148-04,Awards,40480851,525
39713333,5U01AG073148-04,Awards,39713333,525
39548323,5U01AG073148-04,Awards,39548323,525
39096452,5U01AG073148-04,Awards,39096452,525
38963696,5U01AG073148-04,Awards,38963696,525
38718755,5U01AG073148-04,Awards,38718755,525
38579764,5U01AG073148-04,Awards,38579764,525
38463956,5U01AG073148-04,Awards,38463956,525
38370676,5U01AG073148-04,Awards,38370676,525
39310778,5F30HL160179-04,Awards,39310778,526
40044670,5R01AI177461-02,Awards,40044670,527
39572658,5R01AI177461-02,Awards,39572658,527
40044670,5R01AG072562-04,Awards,40044670,528
39572658,5R01AG072562-04,Awards,39572658,528
38215053,5R01AG072562-04,Awards,38215053,528
39814366,5K23AG075188-04,Awards,39814366,529
39501534,3R01NS115957-05S1,Awards,39501534,530
38323539,3R01NS115957-05S1,Awards,38323539,530
40574978,5R00HD106060-04,Awards,40574978,531
39974133,5R00HD106060-04,Awards,39974133,531
39926612,5R00HD106060-04,Awards,39926612,531
39374687,5R00HD106060-04,Awards,39374687,531
38913739,5R00HD106060-04,Awards,38913739,531
38686872,5R00HD106060-04,Awards,38686872,531
38417777,5R00HD106060-04,Awards,38417777,531
39763617,1R01DA059455-01A1,Awards,39763617,533
40609533,5R01DA054526-04,Awards,40609533,535
39911537,5R01DA054526-04,Awards,39911537,535
39599911,5R01DA054526-04,Awards,39599911,535
39529883,5R01DA054526-04,Awards,39529883,535
38529284,5R01DA054526-04,Awards,38529284,535
38332016,5R01DA054526-04,Awards,38332016,535
39631398,5DP1DA056018-03,Awards,39631398,536
39378335,5DP1DA056018-03,Awards,39378335,536
38937606,5DP1DA056018-03,Awards,38937606,536
39974894,5R33DA048207-05,Awards,39974894,537
39974894,5U01DA053600-04,Awards,39974894,538
38879719,5U01DA053600-04,Awards,38879719,538
39842704,5R01DA049547-03,Awards,39842704,539
39788040,5R01DA049547-03,Awards,39788040,539
39551266,5R01DA049547-03,Awards,39551266,539
39399057,5R01DA049547-03,Awards,39399057,539
39362849,5R01DA049547-03,Awards,39362849,539
39178113,5R01DA049547-03,Awards,39178113,539
39147201,5R01DA049547-03,Awards,39147201,539
39026764,5R01DA049547-03,Awards,39026764,539
39020140,5R01DA049547-03,Awards,39020140,539
38946983,5R01DA049547-03,Awards,38946983,539
38850196,5R01DA049547-03,Awards,38850196,539
38765879,5R01DA049547-03,Awards,38765879,539
38753456,5R01DA049547-03,Awards,38753456,539
38746340,5R01DA049547-03,Awards,38746340,539
38685398,5R01DA049547-03,Awards,38685398,539
38631773,5R01DA049547-03,Awards,38631773,539
38575752,5R01DA049547-03,Awards,38575752,539
38324323,5R01DA049547-03,Awards,38324323,539
38218349,5R01DA049547-03,Awards,38218349,539
38078997,5R01DA049547-03,Awards,38078997,539
38050951,5R01DA049547-03,Awards,38050951,539
37961156,5R01DA049547-03,Awards,37961156,539
37951322,5R01DA049547-03,Awards,37951322,539
37693420,5R01DA049547-03,Awards,37693420,539
37434487,5R01DA049547-03,Awards,37434487,539
40552303,5R01MH124776-04,Awards,40552303,540
40313214,5R01MH124776-04,Awards,40313214,540
39491788,5R01MH124776-04,Awards,39491788,540
39441185,5R01MH124776-04,Awards,39441185,540
39342040,5R01MH124776-04,Awards,39342040,540
39209009,5R01MH124776-04,Awards,39209009,540
39084542,5R01MH124776-04,Awards,39084542,540
38750701,5R01MH124776-04,Awards,38750701,540
38522364,5R01MH124776-04,Awards,38522364,540
38504979,5R01MH124776-04,Awards,38504979,540
38158849,5R01MH124776-04,Awards,38158849,540
40593436,2R01MH122869-05,Awards,40593436,541
39806199,2R01MH122869-05,Awards,39806199,541
39441185,2R01MH122869-05,Awards,39441185,541
38489019,2R01MH122869-05,Awards,38489019,541
38347808,2R01MH122869-05,Awards,38347808,541
37990478,2R01MH122869-05,Awards,37990478,541
37421329,2R01MH122869-05,Awards,37421329,541
39638843,5R21MH129898-02,Awards,39638843,542
38741168,5R21MH129898-02,Awards,38741168,542
38583931,5R21MH129898-02,Awards,38583931,542
38583931,5R01MH132786-02,Awards,38583931,543
39072027,1R21MH137536-01,Awards,39072027,544
39537590,1R01AG087324-01,Awards,39537590,545
38926387,1R01AG087324-01,Awards,38926387,545
39537590,5R03AG080170-02,Awards,39537590,546
38926387,5R03AG080170-02,Awards,38926387,546
38765961,5R03AG080170-02,Awards,38765961,546
39830258,5R01MH128813-03,Awards,39830258,547
38633780,5R01MH128813-03,Awards,38633780,547
38016473,5R01MH128813-03,Awards,38016473,547
39867378,5R01MH129724-03,Awards,39867378,548
39830258,5R01MH129724-03,Awards,39830258,548
38633780,5R01MH129724-03,Awards,38633780,548
40360802,5K99MH128540-02,Awards,40360802,549
40122455,5K99MH128540-02,Awards,40122455,549
38997333,5K99MH128540-02,Awards,38997333,549
38712091,5K99MH128540-02,Awards,38712091,549
38113811,5K99MH128540-02,Awards,38113811,549
38016473,5K99MH128540-02,Awards,38016473,549
39106814,5R01MH132239-02,Awards,39106814,552
39081014,5R01MH132239-02,Awards,39081014,552
40374608,5R01MH131537-02,Awards,40374608,554
39605424,5R01MH131537-02,Awards,39605424,554
39592611,5R01MH131537-02,Awards,39592611,554
40374608,5R01HD104609-04,Awards,40374608,555
39878593,5R01HD104609-04,Awards,39878593,555
39828505,5R01HD104609-04,Awards,39828505,555
39605424,5R01HD104609-04,Awards,39605424,555
39167997,5R01HD104609-04,Awards,39167997,555
38976626,5R01HD104609-04,Awards,38976626,555
39962241,5R01MH122590-05,Awards,39962241,556
38913688,5R01MH122590-05,Awards,38913688,556
38781390,5R01MH122590-05,Awards,38781390,556
38781370,5R01MH122590-05,Awards,38781370,556
38781369,5R01MH122590-05,Awards,38781369,556
38781356,5R01MH122590-05,Awards,38781356,556
38781336,5R01MH122590-05,Awards,38781336,556
38781333,5R01MH122590-05,Awards,38781333,556
38562822,5R01MH122590-05,Awards,38562822,556
38395959,5R01MH122590-05,Awards,38395959,556
38321095,5R01MH122590-05,Awards,38321095,556
37712493,5R01MH122590-05,Awards,37712493,556
38706340,1K01DA059689-01A1,Awards,38706340,557
39638843,1R01MH133625-01A1,Awards,39638843,558
37961156,5R21DA058801-02,Awards,37961156,561
40441339,5R01DA048301-05,Awards,40441339,562
39788040,5R01DA048301-05,Awards,39788040,562
39606326,5R01DA048301-05,Awards,39606326,562
39399057,5R01DA048301-05,Awards,39399057,562
39020140,5R01DA048301-05,Awards,39020140,562
38850196,5R01DA048301-05,Awards,38850196,562
38324323,5R01DA048301-05,Awards,38324323,562
37693420,5R01DA048301-05,Awards,37693420,562
37434487,5R01DA048301-05,Awards,37434487,562
40360802,5R01MH124679-04,Awards,40360802,564
39649579,5R01MH124679-04,Awards,39649579,564
38836850,5R01MH124679-04,Awards,38836850,564
38712091,5R01MH124679-04,Awards,38712091,564
38214631,5R01MH124679-04,Awards,38214631,564
38016473,5R01MH124679-04,Awards,38016473,564
37946624,5R01MH124679-04,Awards,37946624,564
40483322,5R01MH121411-05,Awards,40483322,565
40117765,5R01MH121411-05,Awards,40117765,565
39658357,5R01MH121411-05,Awards,39658357,565
39763802,5R01DA055434-03,Awards,39763802,567
39236155,5R01DA055434-03,Awards,39236155,567
38890400,5R01DA055434-03,Awards,38890400,567
38706340,5R01DA055434-03,Awards,38706340,567
37643301,4UH3DA050323-02,Awards,37643301,568
39891002,5R01MH124817-04,Awards,39891002,570
39627412,5R01MH124817-04,Awards,39627412,570
39371166,5R01MH124817-04,Awards,39371166,570
40321774,5T32MH122394-05,Awards,40321774,571
39891002,5T32MH122394-05,Awards,39891002,571
39763535,5T32MH122394-05,Awards,39763535,571
39697392,5T32MH122394-05,Awards,39697392,571
39693067,5T32MH122394-05,Awards,39693067,571
39615789,5T32MH122394-05,Awards,39615789,571
39606472,5T32MH122394-05,Awards,39606472,571
39606326,5T32MH122394-05,Awards,39606326,571
39530592,5T32MH122394-05,Awards,39530592,571
39503777,5T32MH122394-05,Awards,39503777,571
39484445,5T32MH122394-05,Awards,39484445,571
39423850,5T32MH122394-05,Awards,39423850,571
39321638,5T32MH122394-05,Awards,39321638,571
39019039,5T32MH122394-05,Awards,39019039,571
38958993,5T32MH122394-05,Awards,38958993,571
38949537,5T32MH122394-05,Awards,38949537,571
38946983,5T32MH122394-05,Awards,38946983,571
38901423,5T32MH122394-05,Awards,38901423,571
38823495,5T32MH122394-05,Awards,38823495,571
38461964,5T32MH122394-05,Awards,38461964,571
38414716,5T32MH122394-05,Awards,38414716,571
38395541,5T32MH122394-05,Awards,38395541,571
38354871,5T32MH122394-05,Awards,38354871,571
38353974,5T32MH122394-05,Awards,38353974,571
38284341,5T32MH122394-05,Awards,38284341,571
38141909,5T32MH122394-05,Awards,38141909,571
37961156,5T32MH122394-05,Awards,37961156,571
37819650,5T32MH122394-05,Awards,37819650,571
37737273,5T32MH122394-05,Awards,37737273,571
37434487,5T32MH122394-05,Awards,37434487,571
39419768,5R01MH130354-03,Awards,39419768,574
38961482,5R01MH130354-03,Awards,38961482,574
39658879,5R61AG083582-02,Awards,39658879,576
38333772,5R61AG083582-02,Awards,38333772,576
38215053,5R61AG083582-02,Awards,38215053,576
40491569,5UH2AG083258-02,Awards,40491569,577
39658879,5UH2AG083258-02,Awards,39658879,577
38333772,5UH2AG083258-02,Awards,38333772,577
38215053,5UH2AG083258-02,Awards,38215053,577
40437880,5R01AG083840-02,Awards,40437880,578
39658879,5R01AG083840-02,Awards,39658879,578
39535468,5R01AG083840-02,Awards,39535468,578
39484241,5R01AG083840-02,Awards,39484241,578
38485127,5R01AG083840-02,Awards,38485127,578
38333772,5R01AG083840-02,Awards,38333772,578
38284802,5R01AG083840-02,Awards,38284802,578
38215053,5R01AG083840-02,Awards,38215053,578
37769652,5R01AG083840-02,Awards,37769652,578
39711717,5R21MH131933-02,Awards,39711717,579
39314949,5R21MH131933-02,Awards,39314949,579
37546727,5R21MH131933-02,Awards,37546727,579
40615554,1R34DA061263-01,Awards,40615554,580
38839538,1R34DA061263-01,Awards,38839538,580
40615554,2R01MH118297-06,Awards,40615554,582
39939764,2R01MH118297-06,Awards,39939764,582
39292771,2R01MH118297-06,Awards,39292771,582
38839538,2R01MH118297-06,Awards,38839538,582
38377990,2R01MH118297-06,Awards,38377990,582
39381946,1R01MH132733-01A1,Awards,39381946,583
39132474,1R01MH132733-01A1,Awards,39132474,583
40623285,5R01MH124839-04,Awards,40623285,584
40568675,5R01MH124839-04,Awards,40568675,584
40562893,5R01MH124839-04,Awards,40562893,584
40322774,5R01MH124839-04,Awards,40322774,584
39843750,5R01MH124839-04,Awards,39843750,584
39764137,5R01MH124839-04,Awards,39764137,584
39730880,5R01MH124839-04,Awards,39730880,584
39649609,5R01MH124839-04,Awards,39649609,584
39606413,5R01MH124839-04,Awards,39606413,584
39569450,5R01MH124839-04,Awards,39569450,584
39484441,5R01MH124839-04,Awards,39484441,584
39399035,5R01MH124839-04,Awards,39399035,584
39388989,5R01MH124839-04,Awards,39388989,584
39308203,5R01MH124839-04,Awards,39308203,584
39301620,5R01MH124839-04,Awards,39301620,584
39229156,5R01MH124839-04,Awards,39229156,584
39148498,5R01MH124839-04,Awards,39148498,584
39132474,5R01MH124839-04,Awards,39132474,584
39026810,5R01MH124839-04,Awards,39026810,584
38831010,5R01MH124839-04,Awards,38831010,584
38826319,5R01MH124839-04,Awards,38826319,584
38766033,5R01MH124839-04,Awards,38766033,584
38585944,5R01MH124839-04,Awards,38585944,584
38464132,5R01MH124839-04,Awards,38464132,584
38405768,5R01MH124839-04,Awards,38405768,584
38383672,5R01MH124839-04,Awards,38383672,584
38347808,5R01MH124839-04,Awards,38347808,584
38336601,5R01MH124839-04,Awards,38336601,584
38298792,5R01MH124839-04,Awards,38298792,584
38260678,5R01MH124839-04,Awards,38260678,584
38244365,5R01MH124839-04,Awards,38244365,584
38040602,5R01MH124839-04,Awards,38040602,584
37678542,5R01MH124839-04,Awards,37678542,584
37348803,5R01MH124839-04,Awards,37348803,584
37838079,5U19AT010835-05,Awards,37838079,585
39019006,7R01MH125004-04,Awards,39019006,587
39026764,5R01DA058039-02,Awards,39026764,589
39026764,5R61DA056779-02,Awards,39026764,590
40644558,5R25MH129256-02,Awards,40644558,591
40643356,5R25MH129256-02,Awards,40643356,591
40601747,5R25MH129256-02,Awards,40601747,591
40122772,5R25MH129256-02,Awards,40122772,591
39925007,5R25MH129256-02,Awards,39925007,591
39838110,5R25MH129256-02,Awards,39838110,591
39605399,5R25MH129256-02,Awards,39605399,591
39416157,5R25MH129256-02,Awards,39416157,591
39267052,5R25MH129256-02,Awards,39267052,591
39187183,5R25MH129256-02,Awards,39187183,591
38959503,5R25MH129256-02,Awards,38959503,591
38926387,5R25MH129256-02,Awards,38926387,591
38864154,5R25MH129256-02,Awards,38864154,591
38298803,5R25MH129256-02,Awards,38298803,591
38260368,5R25MH129256-02,Awards,38260368,591
37914893,5R25MH129256-02,Awards,37914893,591
37846128,5R25MH129256-02,Awards,37846128,591
39242805,5K99MH132873-02,Awards,39242805,592
39010139,5R21DK129908-03,Awards,39010139,593
40274815,5R01MH128971-03,Awards,40274815,594
39773326,5R01MH128971-03,Awards,39773326,594
39488945,5R01MH128971-03,Awards,39488945,594
38948832,5R01MH128971-03,Awards,38948832,594
38811692,5R01MH128971-03,Awards,38811692,594
39406732,5R01HD107528-03,Awards,39406732,595
39310778,5R01HD107528-03,Awards,39310778,595
40593436,5R01HD111117-02,Awards,40593436,597
39711717,5R01HD111117-02,Awards,39711717,597
39314949,5R01HD111117-02,Awards,39314949,597
37546727,5R01HD111117-02,Awards,37546727,597
40311333,5R01HD109613-03,Awards,40311333,598
38522364,5R01HD109613-03,Awards,38522364,598
38504979,5R01HD109613-03,Awards,38504979,598
38134722,5R01HD109613-03,Awards,38134722,598
40603300,5R01AG050986-09,Awards,40603300,599
40502140,5R01AG050986-09,Awards,40502140,599
39983974,5R01AG050986-09,Awards,39983974,599
39962241,5R01AG050986-09,Awards,39962241,599
39763727,5R01AG050986-09,Awards,39763727,599
39578476,5R01AG050986-09,Awards,39578476,599
39353437,5R01AG050986-09,Awards,39353437,599
38781369,5R01AG050986-09,Awards,38781369,599
38645177,5R01AG050986-09,Awards,38645177,599
38562822,5R01AG050986-09,Awards,38562822,599
38145985,5R01AG050986-09,Awards,38145985,599
36993704,5R01AG050986-09,Awards,36993704,599
40233938,5R01MH125246-04,Awards,40233938,600
39983974,5R01MH125246-04,Awards,39983974,600
39974071,5R01MH125246-04,Awards,39974071,600
39962241,5R01MH125246-04,Awards,39962241,600
39867394,5R01MH125246-04,Awards,39867394,600
39855972,5R01MH125246-04,Awards,39855972,600
39763727,5R01MH125246-04,Awards,39763727,600
39711543,5R01MH125246-04,Awards,39711543,600
39658624,5R01MH125246-04,Awards,39658624,600
39578476,5R01MH125246-04,Awards,39578476,600
39353437,5R01MH125246-04,Awards,39353437,600
39252912,5R01MH125246-04,Awards,39252912,600
38821194,5R01MH125246-04,Awards,38821194,600
38781390,5R01MH125246-04,Awards,38781390,600
38781369,5R01MH125246-04,Awards,38781369,600
38745458,5R01MH125246-04,Awards,38745458,600
38645177,5R01MH125246-04,Awards,38645177,600
38562822,5R01MH125246-04,Awards,38562822,600
38145985,5R01MH125246-04,Awards,38145985,600
37454787,5R01MH125246-04,Awards,37454787,600
36993704,5R01MH125246-04,Awards,36993704,600
40603300,5R01AG065582-05,Awards,40603300,601
40480991,5R01AG065582-05,Awards,40480991,601
40060050,5R01AG065582-05,Awards,40060050,601
39983974,5R01AG065582-05,Awards,39983974,601
39975411,5R01AG065582-05,Awards,39975411,601
39974071,5R01AG065582-05,Awards,39974071,601
39962241,5R01AG065582-05,Awards,39962241,601
39855972,5R01AG065582-05,Awards,39855972,601
39763727,5R01AG065582-05,Awards,39763727,601
39711543,5R01AG065582-05,Awards,39711543,601
39677435,5R01AG065582-05,Awards,39677435,601
39578476,5R01AG065582-05,Awards,39578476,601
39026764,5R01AG065582-05,Awards,39026764,601
39024449,5R01AG065582-05,Awards,39024449,601
38826407,5R01AG065582-05,Awards,38826407,601
38821194,5R01AG065582-05,Awards,38821194,601
38781369,5R01AG065582-05,Awards,38781369,601
38645177,5R01AG065582-05,Awards,38645177,601
38562822,5R01AG065582-05,Awards,38562822,601
38343831,5R01AG065582-05,Awards,38343831,601
38145985,5R01AG065582-05,Awards,38145985,601
36993704,5R01AG065582-05,Awards,36993704,601
39867394,1U24AG087563-01,Awards,39867394,602
39855972,1U24AG087563-01,Awards,39855972,602
39252912,1U24AG087563-01,Awards,39252912,602
39606368,1R01HD113669-01,Awards,39606368,603
40621876,5P30AG066514-05,Awards,40621876,604
40607454,5P30AG066514-05,Awards,40607454,604
40585241,5P30AG066514-05,Awards,40585241,604
40585075,5P30AG066514-05,Awards,40585075,604
40567433,5P30AG066514-05,Awards,40567433,604
40545618,5P30AG066514-05,Awards,40545618,604
40545555,5P30AG066514-05,Awards,40545555,604
40538025,5P30AG066514-05,Awards,40538025,604
40528277,5P30AG066514-05,Awards,40528277,604
40502602,5P30AG066514-05,Awards,40502602,604
40502591,5P30AG066514-05,Awards,40502591,604
40502575,5P30AG066514-05,Awards,40502575,604
40502569,5P30AG066514-05,Awards,40502569,604
40502266,5P30AG066514-05,Awards,40502266,604
40502163,5P30AG066514-05,Awards,40502163,604
40492063,5P30AG066514-05,Awards,40492063,604
40481857,5P30AG066514-05,Awards,40481857,604
40463251,5P30AG066514-05,Awards,40463251,604
40407102,5P30AG066514-05,Awards,40407102,604
40390234,5P30AG066514-05,Awards,40390234,604
40382659,5P30AG066514-05,Awards,40382659,604
40356023,5P30AG066514-05,Awards,40356023,604
40356018,5P30AG066514-05,Awards,40356018,604
40346726,5P30AG066514-05,Awards,40346726,604
40323260,5P30AG066514-05,Awards,40323260,604
40299764,5P30AG066514-05,Awards,40299764,604
40293530,5P30AG066514-05,Awards,40293530,604
40220663,5P30AG066514-05,Awards,40220663,604
40170292,5P30AG066514-05,Awards,40170292,604
40166530,5P30AG066514-05,Awards,40166530,604
40166159,5P30AG066514-05,Awards,40166159,604
40145251,5P30AG066514-05,Awards,40145251,604
40110684,5P30AG066514-05,Awards,40110684,604
40110658,5P30AG066514-05,Awards,40110658,604
40095078,5P30AG066514-05,Awards,40095078,604
40093234,5P30AG066514-05,Awards,40093234,604
40055946,5P30AG066514-05,Awards,40055946,604
40050014,5P30AG066514-05,Awards,40050014,604
40034133,5P30AG066514-05,Awards,40034133,604
40025710,5P30AG066514-05,Awards,40025710,604
39875385,5P30AG066514-05,Awards,39875385,604
39868756,5P30AG066514-05,Awards,39868756,604
39867413,5P30AG066514-05,Awards,39867413,604
39865328,5P30AG066514-05,Awards,39865328,604
39835592,5P30AG066514-05,Awards,39835592,604
39830268,5P30AG066514-05,Awards,39830268,604
39822590,5P30AG066514-05,Awards,39822590,604
39762366,5P30AG066514-05,Awards,39762366,604
39737787,5P30AG066514-05,Awards,39737787,604
39737785,5P30AG066514-05,Awards,39737785,604
39721217,5P30AG066514-05,Awards,39721217,604
39713891,5P30AG066514-05,Awards,39713891,604
39711133,5P30AG066514-05,Awards,39711133,604
39677464,5P30AG066514-05,Awards,39677464,604
39649607,5P30AG066514-05,Awards,39649607,604
39648200,5P30AG066514-05,Awards,39648200,604
39621511,5P30AG066514-05,Awards,39621511,604
39607591,5P30AG066514-05,Awards,39607591,604
39559932,5P30AG066514-05,Awards,39559932,604
39554163,5P30AG066514-05,Awards,39554163,604
39546031,5P30AG066514-05,Awards,39546031,604
39503843,5P30AG066514-05,Awards,39503843,604
39499046,5P30AG066514-05,Awards,39499046,604
39496718,5P30AG066514-05,Awards,39496718,604
39496102,5P30AG066514-05,Awards,39496102,604
39484274,5P30AG066514-05,Awards,39484274,604
39483910,5P30AG066514-05,Awards,39483910,604
39444005,5P30AG066514-05,Awards,39444005,604
39428957,5P30AG066514-05,Awards,39428957,604
39417691,5P30AG066514-05,Awards,39417691,604
39417134,5P30AG066514-05,Awards,39417134,604
39394362,5P30AG066514-05,Awards,39394362,604
39371140,5P30AG066514-05,Awards,39371140,604
39365322,5P30AG066514-05,Awards,39365322,604
39352226,5P30AG066514-05,Awards,39352226,604
39294787,5P30AG066514-05,Awards,39294787,604
39276722,5P30AG066514-05,Awards,39276722,604
39251599,5P30AG066514-05,Awards,39251599,604
39207946,5P30AG066514-05,Awards,39207946,604
39195563,5P30AG066514-05,Awards,39195563,604
39185475,5P30AG066514-05,Awards,39185475,604
39166851,5P30AG066514-05,Awards,39166851,604
39154163,5P30AG066514-05,Awards,39154163,604
39153054,5P30AG066514-05,Awards,39153054,604
39055313,5P30AG066514-05,Awards,39055313,604
39024720,5P30AG066514-05,Awards,39024720,604
39018014,5P30AG066514-05,Awards,39018014,604
39013750,5P30AG066514-05,Awards,39013750,604
39006222,5P30AG066514-05,Awards,39006222,604
38995786,5P30AG066514-05,Awards,38995786,604
38974877,5P30AG066514-05,Awards,38974877,604
38965435,5P30AG066514-05,Awards,38965435,604
38943387,5P30AG066514-05,Awards,38943387,604
38903124,5P30AG066514-05,Awards,38903124,604
38896163,5P30AG066514-05,Awards,38896163,604
38859733,5P30AG066514-05,Awards,38859733,604
38854101,5P30AG066514-05,Awards,38854101,604
38842328,5P30AG066514-05,Awards,38842328,604
38803218,5P30AG066514-05,Awards,38803218,604
38788065,5P30AG066514-05,Awards,38788065,604
38780681,5P30AG066514-05,Awards,38780681,604
38759012,5P30AG066514-05,Awards,38759012,604
38753380,5P30AG066514-05,Awards,38753380,604
38746455,5P30AG066514-05,Awards,38746455,604
38746437,5P30AG066514-05,Awards,38746437,604
38712073,5P30AG066514-05,Awards,38712073,604
38639110,5P30AG066514-05,Awards,38639110,604
38612729,5P30AG066514-05,Awards,38612729,604
38598986,5P30AG066514-05,Awards,38598986,604
38574399,5P30AG066514-05,Awards,38574399,604
38559129,5P30AG066514-05,Awards,38559129,604
38553838,5P30AG066514-05,Awards,38553838,604
38526701,5P30AG066514-05,Awards,38526701,604
38520489,5P30AG066514-05,Awards,38520489,604
38507374,5P30AG066514-05,Awards,38507374,604
38464214,5P30AG066514-05,Awards,38464214,604
38460116,5P30AG066514-05,Awards,38460116,604
38425134,5P30AG066514-05,Awards,38425134,604
38390561,5P30AG066514-05,Awards,38390561,604
38380866,5P30AG066514-05,Awards,38380866,604
38374692,5P30AG066514-05,Awards,38374692,604
38364295,5P30AG066514-05,Awards,38364295,604
38353367,5P30AG066514-05,Awards,38353367,604
38348782,5P30AG066514-05,Awards,38348782,604
38345347,5P30AG066514-05,Awards,38345347,604
38313558,5P30AG066514-05,Awards,38313558,604
38312309,5P30AG066514-05,Awards,38312309,604
38302557,5P30AG066514-05,Awards,38302557,604
38298163,5P30AG066514-05,Awards,38298163,604
38296755,5P30AG066514-05,Awards,38296755,604
38287720,5P30AG066514-05,Awards,38287720,604
38267189,5P30AG066514-05,Awards,38267189,604
38256223,5P30AG066514-05,Awards,38256223,604
38243325,5P30AG066514-05,Awards,38243325,604
38234807,5P30AG066514-05,Awards,38234807,604
38230729,5P30AG066514-05,Awards,38230729,604
38222248,5P30AG066514-05,Awards,38222248,604
38184787,5P30AG066514-05,Awards,38184787,604
39902153,5P30AG066514-05,Awards,39902153,604
38053483,5P30AG066514-05,Awards,38053483,604
38040087,5P30AG066514-05,Awards,38040087,604
38000018,5P30AG066514-05,Awards,38000018,604
37985223,5P30AG066514-05,Awards,37985223,604
37984853,5P30AG066514-05,Awards,37984853,604
37984431,5P30AG066514-05,Awards,37984431,604
37950448,5P30AG066514-05,Awards,37950448,604
37944004,5P30AG066514-05,Awards,37944004,604
37917117,5P30AG066514-05,Awards,37917117,604
37830443,5P30AG066514-05,Awards,37830443,604
37743611,5P30AG066514-05,Awards,37743611,604
37738515,5P30AG066514-05,Awards,37738515,604
37610594,5P30AG066514-05,Awards,37610594,604
37578203,5P30AG066514-05,Awards,37578203,604
37571992,5P30AG066514-05,Awards,37571992,604
37341072,5P30AG066514-05,Awards,37341072,604
36993704,5P30AG066514-05,Awards,36993704,604
36880250,5P30AG066514-05,Awards,36880250,604
36876335,5P30AG066514-05,Awards,36876335,604
40502785,5R01MH122611-05,Awards,40502785,605
40133401,5R01MH122611-05,Awards,40133401,605
40084231,5R01MH122611-05,Awards,40084231,605
39930465,5R01MH122611-05,Awards,39930465,605
39621793,5R01MH122611-05,Awards,39621793,605
39372931,5R01MH122611-05,Awards,39372931,605
39242921,5R01MH122611-05,Awards,39242921,605
39180693,5R01MH122611-05,Awards,39180693,605
38844456,5R01MH122611-05,Awards,38844456,605
38766168,5R01MH122611-05,Awards,38766168,605
38766086,5R01MH122611-05,Awards,38766086,605
38409356,5R01MH122611-05,Awards,38409356,605
38187737,5R01MH122611-05,Awards,38187737,605
37925091,5R01MH122611-05,Awards,37925091,605
40133401,5R01MH123069-04,Awards,40133401,606
39621793,5R01MH123069-04,Awards,39621793,606
39242921,5R01MH123069-04,Awards,39242921,606
38844456,5R01MH123069-04,Awards,38844456,606
38766168,5R01MH123069-04,Awards,38766168,606
38766086,5R01MH123069-04,Awards,38766086,606
38409356,5R01MH123069-04,Awards,38409356,606
38187737,5R01MH123069-04,Awards,38187737,606
37925091,5R01MH123069-04,Awards,37925091,606
40149652,5R01MH126448-04,Awards,40149652,607
39089096,5R01MH126448-04,Awards,39089096,607
38741168,5R01MH126448-04,Awards,38741168,607
38461893,5R01MH126448-04,Awards,38461893,607
39892305,1R01MH135079-01A1,Awards,39892305,609
40644558,1R01MH136230-01,Awards,40644558,610
39838110,1R01MH136230-01,Awards,39838110,610
39974071,5R01AG078657-02,Awards,39974071,611
39867394,5R01AG078657-02,Awards,39867394,611
39711543,5R01AG078657-02,Awards,39711543,611
39252912,5R01AG078657-02,Awards,39252912,611
39536662,1K99ES035894-01,Awards,39536662,613
39478741,1K99ES035894-01,Awards,39478741,613
39293757,1K99ES035894-01,Awards,39293757,613
39265426,1K99ES035894-01,Awards,39265426,613
39117147,1K99ES035894-01,Awards,39117147,613
39087502,1K99ES035894-01,Awards,39087502,613
39038770,1K99ES035894-01,Awards,39038770,613
38885590,1K99ES035894-01,Awards,38885590,613
38796021,1K99ES035894-01,Awards,38796021,613
39894752,5R01ES026033-08,Awards,39894752,614
39674324,5R01ES026033-08,Awards,39674324,614
38796021,5R01ES026033-08,Awards,38796021,614
38782342,5R01ES026033-08,Awards,38782342,614
38669590,5R01ES026033-08,Awards,38669590,614
38309331,5R01ES026033-08,Awards,38309331,614
40584973,4U2CES030859-06,Awards,40584973,615
40311333,4U2CES030859-06,Awards,40311333,615
40152856,4U2CES030859-06,Awards,40152856,615
40092438,4U2CES030859-06,Awards,40092438,615
39854307,4U2CES030859-06,Awards,39854307,615
39763802,4U2CES030859-06,Awards,39763802,615
39740267,4U2CES030859-06,Awards,39740267,615
39731317,4U2CES030859-06,Awards,39731317,615
39674324,4U2CES030859-06,Awards,39674324,615
39642347,4U2CES030859-06,Awards,39642347,615
39615574,4U2CES030859-06,Awards,39615574,615
39570591,4U2CES030859-06,Awards,39570591,615
39549765,4U2CES030859-06,Awards,39549765,615
39437621,4U2CES030859-06,Awards,39437621,615
39236155,4U2CES030859-06,Awards,39236155,615
39047923,4U2CES030859-06,Awards,39047923,615
38936497,4U2CES030859-06,Awards,38936497,615
38932753,4U2CES030859-06,Awards,38932753,615
38839205,4U2CES030859-06,Awards,38839205,615
38839204,4U2CES030859-06,Awards,38839204,615
38685432,4U2CES030859-06,Awards,38685432,615
38657407,4U2CES030859-06,Awards,38657407,615
38316574,4U2CES030859-06,Awards,38316574,615
38154728,4U2CES030859-06,Awards,38154728,615
38101622,4U2CES030859-06,Awards,38101622,615
38061983,4U2CES030859-06,Awards,38061983,615
37971952,4U2CES030859-06,Awards,37971952,615
37694774,4U2CES030859-06,Awards,37694774,615
37034715,4U2CES030859-06,Awards,37034715,615
39674324,5R35ES030435-05,Awards,39674324,616
39640590,5R35ES030435-05,Awards,39640590,616
39549765,5R35ES030435-05,Awards,39549765,616
39474439,5R35ES030435-05,Awards,39474439,616
38839205,5R35ES030435-05,Awards,38839205,616
38839204,5R35ES030435-05,Awards,38839204,616
38796021,5R35ES030435-05,Awards,38796021,616
38669590,5R35ES030435-05,Awards,38669590,616
38410473,5R35ES030435-05,Awards,38410473,616
38278245,5R35ES030435-05,Awards,38278245,616
37694774,5R35ES030435-05,Awards,37694774,616
37034715,5R35ES030435-05,Awards,37034715,616
38238779,5U24ES035386-02,Awards,38238779,619
38221536,5U24ES035386-02,Awards,38221536,619
37034715,5U24ES035386-02,Awards,37034715,619
40171495,5D43TW011403-05,Awards,40171495,622
38238355,5D43TW011403-05,Awards,38238355,622
40405892,5D43TW011403-05,Awards,40405892,622
39117147,2R25HL108857-11,Awards,39117147,624
37933143,2R25HL108857-11,Awards,37933143,624
40401624,5R01ES034521-03,Awards,40401624,625
40288741,5R01ES034521-03,Awards,40288741,625
40056412,5R01ES034521-03,Awards,40056412,625
39986430,5R01ES034521-03,Awards,39986430,625
39894752,5R01ES034521-03,Awards,39894752,625
39674324,5R01ES034521-03,Awards,39674324,625
37981721,5R01ES034521-03,Awards,37981721,625
37884142,5R01ES034521-03,Awards,37884142,625
40544343,5R01ES032242-05,Awards,40544343,626
40272393,5R01ES032242-05,Awards,40272393,626
40056412,5R01ES032242-05,Awards,40056412,626
40023887,5R01ES032242-05,Awards,40023887,626
39986430,5R01ES032242-05,Awards,39986430,626
39674324,5R01ES032242-05,Awards,39674324,626
39589192,5R01ES032242-05,Awards,39589192,626
39329068,5R01ES032242-05,Awards,39329068,626
38506828,5R01ES032242-05,Awards,38506828,626
37585681,5R01ES032242-05,Awards,37585681,626
39744833,1R01MH137220-01,Awards,39744833,627
39611256,1R01MH137220-01,Awards,39611256,627
39475956,1R01MH137220-01,Awards,39475956,627
40269898,5K25HD109509-03,Awards,40269898,628
38437642,5K25HD109509-03,Awards,38437642,628
40034107,5R01HD108263-03,Awards,40034107,629
39990544,5R01HD108263-03,Awards,39990544,629
38699675,5R01AG034157-14,Awards,38699675,630
40385409,5R01ES019222-13,Awards,40385409,633
39358346,5R01ES019222-13,Awards,39358346,633
39281765,5R01ES019222-13,Awards,39281765,633
38876740,5R01ES019222-13,Awards,38876740,633
38802534,5R01ES019222-13,Awards,38802534,633
38365053,5R01ES019222-13,Awards,38365053,633
38363634,5R01ES019222-13,Awards,38363634,633
37774885,5R01ES019222-13,Awards,37774885,633
38309331,2R01ES028927-06A1,Awards,38309331,634
39640590,1K99ES036277-01,Awards,39640590,635
39478741,1K99ES036277-01,Awards,39478741,635
39038770,1K99ES036277-01,Awards,39038770,635
40426716,5K25HD104918-04,Awards,40426716,636
39964568,5K25HD104918-04,Awards,39964568,636
39596657,5K25HD104918-04,Awards,39596657,636
39494216,5K25HD104918-04,Awards,39494216,636
39232724,5K25HD104918-04,Awards,39232724,636
38548252,5K25HD104918-04,Awards,38548252,636
38309331,5K25HD104918-04,Awards,38309331,636
38224844,5K25HD104918-04,Awards,38224844,636
36966251,5K25HD104918-04,Awards,36966251,636
40163666,5R01CA251754-04,Awards,40163666,637
38554120,5R01CA251754-04,Awards,38554120,637
40531062,5R25CA248462-04,Awards,40531062,638
40179354,5R25CA248462-04,Awards,40179354,638
40137527,7R01ES032552-03,Awards,40137527,640
39733956,7R01ES032552-03,Awards,39733956,640
39674324,7R01ES032552-03,Awards,39674324,640
39412272,7R01ES032552-03,Awards,39412272,640
40463540,1R01HG013350-01,Awards,40463540,641
40084623,1R01HG013350-01,Awards,40084623,641
39345488,1R01HG013350-01,Awards,39345488,641
38932753,5R01ES031117-05,Awards,38932753,642
38461101,5R01EB033799-03,Awards,38461101,643
39653783,5K99ES035120-02,Awards,39653783,644
40575667,5R01ES033245-03,Awards,40575667,646
39536662,5R01ES033245-03,Awards,39536662,646
39478741,5R01ES033245-03,Awards,39478741,646
39293757,5R01ES033245-03,Awards,39293757,646
39265426,5R01ES033245-03,Awards,39265426,646
39117147,5R01ES033245-03,Awards,39117147,646
38885590,5R01ES033245-03,Awards,38885590,646
38871332,5R01ES033245-03,Awards,38871332,646
38796021,5R01ES033245-03,Awards,38796021,646
38219443,5R01ES033245-03,Awards,38219443,646
37981721,5R01ES033245-03,Awards,37981721,646
37884142,5R01ES033245-03,Awards,37884142,646
40426716,2U24ES028522-06,Awards,40426716,647
39894752,2U24ES028522-06,Awards,39894752,647
39674324,2U24ES028522-06,Awards,39674324,647
39640590,2U24ES028522-06,Awards,39640590,647
39536662,2U24ES028522-06,Awards,39536662,647
39478741,2U24ES028522-06,Awards,39478741,647
39474439,2U24ES028522-06,Awards,39474439,647
39293757,2U24ES028522-06,Awards,39293757,647
39265426,2U24ES028522-06,Awards,39265426,647
39232724,2U24ES028522-06,Awards,39232724,647
39117147,2U24ES028522-06,Awards,39117147,647
39038770,2U24ES028522-06,Awards,39038770,647
38885590,2U24ES028522-06,Awards,38885590,647
38796021,2U24ES028522-06,Awards,38796021,647
38443464,2U24ES028522-06,Awards,38443464,647
38354885,2U24ES028522-06,Awards,38354885,647
38343740,2U24ES028522-06,Awards,38343740,647
38343731,2U24ES028522-06,Awards,38343731,647
38309331,2U24ES028522-06,Awards,38309331,647
38154728,2U24ES028522-06,Awards,38154728,647
37884142,2U24ES028522-06,Awards,37884142,647
40500244,5R25CA236636-05,Awards,40500244,648
40179354,5R25CA236636-05,Awards,40179354,648
39100730,5R25CA236636-05,Awards,39100730,648
38820185,5R25CA236636-05,Awards,38820185,648
38527820,5R25CA236636-05,Awards,38527820,648
38185918,5R25CA236636-05,Awards,38185918,648
40429725,5P20CA264076-04,Awards,40429725,651
40152257,5P20CA264076-04,Awards,40152257,651
39625409,5P20CA264076-04,Awards,39625409,651
39254646,5P20CA264076-04,Awards,39254646,651
39148266,5P20CA264076-04,Awards,39148266,651
39105261,5P20CA264076-04,Awards,39105261,651
38648082,5P20CA264076-04,Awards,38648082,651
40426716,4U2CES026555-07,Awards,40426716,652
40152856,4U2CES026555-07,Awards,40152856,652
39854307,4U2CES026555-07,Awards,39854307,652
39763566,4U2CES026555-07,Awards,39763566,652
39740267,4U2CES026555-07,Awards,39740267,652
39731317,4U2CES026555-07,Awards,39731317,652
39642347,4U2CES026555-07,Awards,39642347,652
39615574,4U2CES026555-07,Awards,39615574,652
39589192,4U2CES026555-07,Awards,39589192,652
39570591,4U2CES026555-07,Awards,39570591,652
39437621,4U2CES026555-07,Awards,39437621,652
39230332,4U2CES026555-07,Awards,39230332,652
39205349,4U2CES026555-07,Awards,39205349,652
39138494,4U2CES026555-07,Awards,39138494,652
38968090,4U2CES026555-07,Awards,38968090,652
38932753,4U2CES026555-07,Awards,38932753,652
38824227,4U2CES026555-07,Awards,38824227,652
38740209,4U2CES026555-07,Awards,38740209,652
38507935,4U2CES026555-07,Awards,38507935,652
38486233,4U2CES026555-07,Awards,38486233,652
38482639,4U2CES026555-07,Awards,38482639,652
38410473,4U2CES026555-07,Awards,38410473,652
38369152,4U2CES026555-07,Awards,38369152,652
38344436,4U2CES026555-07,Awards,38344436,652
38335968,4U2CES026555-07,Awards,38335968,652
38278245,4U2CES026555-07,Awards,38278245,652
38238779,4U2CES026555-07,Awards,38238779,652
38221536,4U2CES026555-07,Awards,38221536,652
37980882,4U2CES026555-07,Awards,37980882,652
37971328,4U2CES026555-07,Awards,37971328,652
37694774,4U2CES026555-07,Awards,37694774,652
38699675,5R01CA260961-03,Awards,38699675,653
40522222,5R01ES033688-03,Awards,40522222,654
40307849,5R01ES033688-03,Awards,40307849,654
40092438,5R01ES033688-03,Awards,40092438,654
39733956,5R01ES033688-03,Awards,39733956,654
39674324,5R01ES033688-03,Awards,39674324,654
39512894,5R01ES033688-03,Awards,39512894,654
38936497,5R01ES033688-03,Awards,38936497,654
38685432,5R01ES033688-03,Awards,38685432,654
38537583,5R01ES033688-03,Awards,38537583,654
38316574,5R01ES033688-03,Awards,38316574,654
38128386,5R01ES033688-03,Awards,38128386,654
38061983,5R01ES033688-03,Awards,38061983,654
38056610,5R01ES033688-03,Awards,38056610,654
37971952,5R01ES033688-03,Awards,37971952,654
39674324,1R01ES035773-01,Awards,39674324,655
40343485,1R01DK137968-01,Awards,40343485,656
40605063,5P30ES023515-11,Awards,40605063,657
40584973,5P30ES023515-11,Awards,40584973,657
40575667,5P30ES023515-11,Awards,40575667,657
40544343,5P30ES023515-11,Awards,40544343,657
40533471,5P30ES023515-11,Awards,40533471,657
40522222,5P30ES023515-11,Awards,40522222,657
40495250,5P30ES023515-11,Awards,40495250,657
40433992,5P30ES023515-11,Awards,40433992,657
40426716,5P30ES023515-11,Awards,40426716,657
40401624,5P30ES023515-11,Awards,40401624,657
40386437,5P30ES023515-11,Awards,40386437,657
40385409,5P30ES023515-11,Awards,40385409,657
40373236,5P30ES023515-11,Awards,40373236,657
40343485,5P30ES023515-11,Awards,40343485,657
40311333,5P30ES023515-11,Awards,40311333,657
40250593,5P30ES023515-11,Awards,40250593,657
40189085,5P30ES023515-11,Awards,40189085,657
40152856,5P30ES023515-11,Awards,40152856,657
40092438,5P30ES023515-11,Awards,40092438,657
40074732,5P30ES023515-11,Awards,40074732,657
40056412,5P30ES023515-11,Awards,40056412,657
39867416,5P30ES023515-11,Awards,39867416,657
39821318,5P30ES023515-11,Awards,39821318,657
39809980,5P30ES023515-11,Awards,39809980,657
39733956,5P30ES023515-11,Awards,39733956,657
39674324,5P30ES023515-11,Awards,39674324,657
39671893,5P30ES023515-11,Awards,39671893,657
39653783,5P30ES023515-11,Awards,39653783,657
39649167,5P30ES023515-11,Awards,39649167,657
39648751,5P30ES023515-11,Awards,39648751,657
39640590,5P30ES023515-11,Awards,39640590,657
39589192,5P30ES023515-11,Awards,39589192,657
39585963,5P30ES023515-11,Awards,39585963,657
39567710,5P30ES023515-11,Awards,39567710,657
39549765,5P30ES023515-11,Awards,39549765,657
39536662,5P30ES023515-11,Awards,39536662,657
39528036,5P30ES023515-11,Awards,39528036,657
39512894,5P30ES023515-11,Awards,39512894,657
39478741,5P30ES023515-11,Awards,39478741,657
39474439,5P30ES023515-11,Awards,39474439,657
39358346,5P30ES023515-11,Awards,39358346,657
39343496,5P30ES023515-11,Awards,39343496,657
39293757,5P30ES023515-11,Awards,39293757,657
39265426,5P30ES023515-11,Awards,39265426,657
39187093,5P30ES023515-11,Awards,39187093,657
39117147,5P30ES023515-11,Awards,39117147,657
39087502,5P30ES023515-11,Awards,39087502,657
39038770,5P30ES023515-11,Awards,39038770,657
38936497,5P30ES023515-11,Awards,38936497,657
38932753,5P30ES023515-11,Awards,38932753,657
38892704,5P30ES023515-11,Awards,38892704,657
38885590,5P30ES023515-11,Awards,38885590,657
38839205,5P30ES023515-11,Awards,38839205,657
38839204,5P30ES023515-11,Awards,38839204,657
38796021,5P30ES023515-11,Awards,38796021,657
38719081,5P30ES023515-11,Awards,38719081,657
38685432,5P30ES023515-11,Awards,38685432,657
38657407,5P30ES023515-11,Awards,38657407,657
38648692,5P30ES023515-11,Awards,38648692,657
38640989,5P30ES023515-11,Awards,38640989,657
38598238,5P30ES023515-11,Awards,38598238,657
38592761,5P30ES023515-11,Awards,38592761,657
38548252,5P30ES023515-11,Awards,38548252,657
38537583,5P30ES023515-11,Awards,38537583,657
38506828,5P30ES023515-11,Awards,38506828,657
38460460,5P30ES023515-11,Awards,38460460,657
38443464,5P30ES023515-11,Awards,38443464,657
38410473,5P30ES023515-11,Awards,38410473,657
38365053,5P30ES023515-11,Awards,38365053,657
38354885,5P30ES023515-11,Awards,38354885,657
38343740,5P30ES023515-11,Awards,38343740,657
38343731,5P30ES023515-11,Awards,38343731,657
38316574,5P30ES023515-11,Awards,38316574,657
38309331,5P30ES023515-11,Awards,38309331,657
38302628,5P30ES023515-11,Awards,38302628,657
38278245,5P30ES023515-11,Awards,38278245,657
38238779,5P30ES023515-11,Awards,38238779,657
38154728,5P30ES023515-11,Awards,38154728,657
38145728,5P30ES023515-11,Awards,38145728,657
38128386,5P30ES023515-11,Awards,38128386,657
38122928,5P30ES023515-11,Awards,38122928,657
38101622,5P30ES023515-11,Awards,38101622,657
38061983,5P30ES023515-11,Awards,38061983,657
38056610,5P30ES023515-11,Awards,38056610,657
38016085,5P30ES023515-11,Awards,38016085,657
37981721,5P30ES023515-11,Awards,37981721,657
37973264,5P30ES023515-11,Awards,37973264,657
37973263,5P30ES023515-11,Awards,37973263,657
37973255,5P30ES023515-11,Awards,37973255,657
37971952,5P30ES023515-11,Awards,37971952,657
37967704,5P30ES023515-11,Awards,37967704,657
37933143,5P30ES023515-11,Awards,37933143,657
37918548,5P30ES023515-11,Awards,37918548,657
37884142,5P30ES023515-11,Awards,37884142,657
37694774,5P30ES023515-11,Awards,37694774,657
37676269,5P30ES023515-11,Awards,37676269,657
37610319,5P30ES023515-11,Awards,37610319,657
37585681,5P30ES023515-11,Awards,37585681,657
37541974,5P30ES023515-11,Awards,37541974,657
37034715,5P30ES023515-11,Awards,37034715,657
40311333,5T32HD049311-18,Awards,40311333,658
39733956,5T32HD049311-18,Awards,39733956,658
39718547,5T32HD049311-18,Awards,39718547,658
39329068,5T32HD049311-18,Awards,39329068,658
39265426,5T32HD049311-18,Awards,39265426,658
39117147,5T32HD049311-18,Awards,39117147,658
39038770,5T32HD049311-18,Awards,39038770,658
38885590,5T32HD049311-18,Awards,38885590,658
38871332,5T32HD049311-18,Awards,38871332,658
38437642,5T32HD049311-18,Awards,38437642,658
38309331,5T32HD049311-18,Awards,38309331,658
38238779,5T32HD049311-18,Awards,38238779,658
37610319,5T32HD049311-18,Awards,37610319,658
37317954,5T32HD049311-18,Awards,37317954,658
40426716,5R01ES013744-17,Awards,40426716,660
40401167,5R01ES013744-17,Awards,40401167,660
39674324,5R01ES013744-17,Awards,39674324,660
39649614,5R01ES013744-17,Awards,39649614,660
39640590,5R01ES013744-17,Awards,39640590,660
39589192,5R01ES013744-17,Awards,39589192,660
39549765,5R01ES013744-17,Awards,39549765,660
39536662,5R01ES013744-17,Awards,39536662,660
39478741,5R01ES013744-17,Awards,39478741,660
39474439,5R01ES013744-17,Awards,39474439,660
39379499,5R01ES013744-17,Awards,39379499,660
39358346,5R01ES013744-17,Awards,39358346,660
39293757,5R01ES013744-17,Awards,39293757,660
39265426,5R01ES013744-17,Awards,39265426,660
39232724,5R01ES013744-17,Awards,39232724,660
39117147,5R01ES013744-17,Awards,39117147,660
39038770,5R01ES013744-17,Awards,39038770,660
38947077,5R01ES013744-17,Awards,38947077,660
38885590,5R01ES013744-17,Awards,38885590,660
38796021,5R01ES013744-17,Awards,38796021,660
38759779,5R01ES013744-17,Awards,38759779,660
38660759,5R01ES013744-17,Awards,38660759,660
38443464,5R01ES013744-17,Awards,38443464,660
38410473,5R01ES013744-17,Awards,38410473,660
38365053,5R01ES013744-17,Awards,38365053,660
38354885,5R01ES013744-17,Awards,38354885,660
38343740,5R01ES013744-17,Awards,38343740,660
38343731,5R01ES013744-17,Awards,38343731,660
38309331,5R01ES013744-17,Awards,38309331,660
38278245,5R01ES013744-17,Awards,38278245,660
38260407,5R01ES013744-17,Awards,38260407,660
38176546,5R01ES013744-17,Awards,38176546,660
38128386,5R01ES013744-17,Awards,38128386,660
37973255,5R01ES013744-17,Awards,37973255,660
37884142,5R01ES013744-17,Awards,37884142,660
40584973,4U2CES026561-07,Awards,40584973,661
40311333,4U2CES026561-07,Awards,40311333,661
40250593,4U2CES026561-07,Awards,40250593,661
40189085,4U2CES026561-07,Awards,40189085,661
40152856,4U2CES026561-07,Awards,40152856,661
39854307,4U2CES026561-07,Awards,39854307,661
39740267,4U2CES026561-07,Awards,39740267,661
39731317,4U2CES026561-07,Awards,39731317,661
39674324,4U2CES026561-07,Awards,39674324,661
39642347,4U2CES026561-07,Awards,39642347,661
39615574,4U2CES026561-07,Awards,39615574,661
39599589,4U2CES026561-07,Awards,39599589,661
39570591,4U2CES026561-07,Awards,39570591,661
39549765,4U2CES026561-07,Awards,39549765,661
39528036,4U2CES026561-07,Awards,39528036,661
39437621,4U2CES026561-07,Awards,39437621,661
39205349,4U2CES026561-07,Awards,39205349,661
38932753,4U2CES026561-07,Awards,38932753,661
38657407,4U2CES026561-07,Awards,38657407,661
38567797,4U2CES026561-07,Awards,38567797,661
38412256,4U2CES026561-07,Awards,38412256,661
38238779,4U2CES026561-07,Awards,38238779,661
38154728,4U2CES026561-07,Awards,38154728,661
38101622,4U2CES026561-07,Awards,38101622,661
37694774,4U2CES026561-07,Awards,37694774,661
37676269,4U2CES026561-07,Awards,37676269,661
37541974,4U2CES026561-07,Awards,37541974,661
37034715,4U2CES026561-07,Awards,37034715,661
40373236,5R01ES034864-02,Awards,40373236,662
37585681,5R01ES034864-02,Awards,37585681,662
39517878,5K01AG075178-03,Awards,39517878,664
39082385,5K01AG075178-03,Awards,39082385,664
39198580,5R01MH123542-04,Awards,39198580,665
38341414,5R01MH123542-04,Awards,38341414,665
38141909,5R01MH123542-04,Awards,38141909,665
38442311,5K76AG068516-04,Awards,38442311,666
40399641,5P01HL131478-07,Awards,40399641,667
40293448,5P01HL131478-07,Awards,40293448,667
39578565,5P01HL131478-07,Awards,39578565,667
39561226,5P01HL131478-07,Awards,39561226,667
39528718,5P01HL131478-07,Awards,39528718,667
39515317,5P01HL131478-07,Awards,39515317,667
39232165,5P01HL131478-07,Awards,39232165,667
39085390,5P01HL131478-07,Awards,39085390,667
38965839,5P01HL131478-07,Awards,38965839,667
38753456,5P01HL131478-07,Awards,38753456,667
38685398,5P01HL131478-07,Awards,38685398,667
38631773,5P01HL131478-07,Awards,38631773,667
38575752,5P01HL131478-07,Awards,38575752,667
38326622,5P01HL131478-07,Awards,38326622,667
38218349,5P01HL131478-07,Awards,38218349,667
37752350,5P01HL131478-07,Awards,37752350,667
40542108,5P01AI168258-02,Awards,40542108,668
40333992,5P01AI168258-02,Awards,40333992,668
40293448,5P01AI168258-02,Awards,40293448,668
39551266,5P01AI168258-02,Awards,39551266,668
39178113,5P01AI168258-02,Awards,39178113,668
39147201,5P01AI168258-02,Awards,39147201,668
39085390,5P01AI168258-02,Awards,39085390,668
38575752,5P01AI168258-02,Awards,38575752,668
38050951,5P01AI168258-02,Awards,38050951,668
39184540,5R01DK129888-04,Awards,39184540,671
37315018,5R01DK129888-04,Awards,37315018,671
40500244,5DP5OD031876-04,Awards,40500244,672
40344179,5DP5OD031876-04,Awards,40344179,672
39874747,5DP5OD031876-04,Awards,39874747,672
39524982,5DP5OD031876-04,Awards,39524982,672
39454021,5DP5OD031876-04,Awards,39454021,672
39310996,5DP5OD031876-04,Awards,39310996,672
38147713,5DP5OD031876-04,Awards,38147713,672
38052109,5DP5OD031876-04,Awards,38052109,672
39763802,5R01HL166720-02,Awards,39763802,674
39236155,5R01HL166720-02,Awards,39236155,674
38575752,5R01HL166720-02,Awards,38575752,674
38078997,5R01HL166720-02,Awards,38078997,674
37951322,5R01HL166720-02,Awards,37951322,674
39447570,5R01HL169500-02,Awards,39447570,675
38575752,5R01HL169500-02,Awards,38575752,675
39367632,3R21AG083685-02S1,Awards,39367632,677
39907729,5K22CA258806-03,Awards,39907729,678
38454137,5K22CA258806-03,Awards,38454137,678
38847806,5R01CA249175-05,Awards,38847806,679
38280376,5R01CA249175-05,Awards,38280376,679
39396849,3R01CA274967-02S1,Awards,39396849,680
38683764,3R01CA274967-02S1,Awards,38683764,680
39282294,5R01CA269954-02,Awards,39282294,681
39282294,5R21CA274148-02,Awards,39282294,683
SARS-CoV-2,39558820,MeSH,1629,39558820
"Antibodies, Monoclonal, Humanized",39558820,MeSH,1176,39558820
"Spike Glycoprotein, Coronavirus",39558820,MeSH,1651,39558820
Severity of Illness Index,39558820,MeSH,1637,39558820
SARS-CoV-2,39122606,MeSH,1629,39122606
Pathologic Complete Response,37871309,MeSH,1517,37871309
Mitochondria,39940664,MeSH,1471,39940664
Endoplasmic Reticulum,39940664,MeSH,1310,39940664
"Analgesics, Opioid",40288941,MeSH,1168,40288941
"Databases, Genetic",39236079,MeSH,1285,39236079
"Rats, Sprague-Dawley",38693320,MeSH,1575,38693320
"Analgesics, Opioid",38879719,MeSH,1168,38879719
T-Lymphocytes,38565563,MeSH,1666,38565563
"Antibodies, Monoclonal, Humanized",38565563,MeSH,1176,38565563
Severity of Illness Index,38565563,MeSH,1637,38565563
Antipsychotic Agents,38353974,MeSH,1180,38353974
Severity of Illness Index,38103765,MeSH,1637,38103765
Protein Serine-Threonine Kinases,38512421,MeSH,1556,38512421
Acute Kidney Injury,38512421,MeSH,1150,38512421
Hydrocortisone,40023887,MeSH,1380,40023887
Positron-Emission Tomography,39557333,MeSH,1542,39557333
Logistic Models,38639110,MeSH,1432,38639110
Medicare Part D,38147713,MeSH,1452,38147713
Nucleus Accumbens,40603300,MeSH,1500,40603300
SARS-CoV-2,38801746,MeSH,1629,38801746
"Immunotherapy, Adoptive",38801746,MeSH,1393,38801746
Immunoglobulin G,38801746,MeSH,1389,38801746
"Receptors, Chimeric Antigen",38801746,MeSH,1596,38801746
"Spike Glycoprotein, Coronavirus",38801746,MeSH,1651,38801746
Dorsal Raphe Nucleus,38871707,MeSH,1296,38871707
Corpus Striatum,38968112,MeSH,1260,38968112
Leucine-Rich Repeat Serine-Threonine Protein Kinase-2,38968112,MeSH,1428,38968112
"Receptors, AMPA",38968112,MeSH,1588,38968112
"Receptors, Glutamate",38968112,MeSH,1601,38968112
"Antidepressive Agents, Tricyclic",39194962,MeSH,1178,39194962
Cullin Proteins,38265261,MeSH,1266,38265261
CD4-Positive T-Lymphocytes,38265261,MeSH,1211,38265261
Severity of Illness Index,38458478,MeSH,1637,38458478
Connectome,39762366,MeSH,1259,39762366
SARS-CoV-2,40042313,MeSH,1629,40042313
"Spike Glycoprotein, Coronavirus",40042313,MeSH,1651,40042313
Cyclic AMP-Dependent Protein Kinases,38600097,MeSH,1267,38600097
SARS-CoV-2,40399555,MeSH,1629,40399555
Post-Acute COVID-19 Syndrome,40399555,MeSH,1543,40399555
Severity of Illness Index,39229876,MeSH,1637,39229876
Clinical Relevance,39229876,MeSH,1253,39229876
Mitochondria,40645964,MeSH,1471,40645964
Endoplasmic Reticulum,40645964,MeSH,1310,40645964
Protein Serine-Threonine Kinases,38985854,MeSH,1556,38985854
Dyrk Kinases,38985854,MeSH,1302,38985854
Harmine,38985854,MeSH,1364,38985854
Protein-Tyrosine Kinases,38985854,MeSH,1559,38985854
Glucagon-Like Peptide-1 Receptor,38985854,MeSH,1348,38985854
"Renal Insufficiency, Chronic",37871973,MeSH,1620,37871973
SARS-CoV-2,37436465,MeSH,1629,37436465
Bevacizumab,37535375,MeSH,1197,37535375
Sorafenib,37535375,MeSH,1648,37535375
Electronic Health Records,38642551,MeSH,1306,38642551
Electronic Health Records,38687616,MeSH,1306,38687616
Dopamine,38409356,MeSH,1295,38409356
Substantia Nigra,38409356,MeSH,1656,38409356
Lateral Thalamic Nuclei,39478215,MeSH,1427,39478215
"Receptors, Adrenergic, beta-2",39478215,MeSH,1589,39478215
"Receptors, Tumor Necrosis Factor, Type I",39478215,MeSH,1616,39478215
Oncogenes,38457262,MeSH,1502,38457262
Ubiquitination,38457262,MeSH,1691,38457262
ELAV-Like Protein 1,38507413,MeSH,1304,38507413
Sumoylation,38507413,MeSH,1657,38507413
Birth Weight,39893911,MeSH,1200,39893911
"2,4-Dichlorophenoxyacetic Acid",39893911,MeSH,1142,39893911
"Renal Insufficiency, Chronic",38671065,MeSH,1620,38671065
"T-Lymphocytes, Helper-Inducer",38814244,MeSH,1667,38814244
Hydrocortisone,37610319,MeSH,1380,37610319
Glycemic Index,39316396,MeSH,1350,39316396
Psilocybin,39419768,MeSH,1568,39419768
Parabens,38486233,MeSH,1514,38486233
Caspase 3,39903530,MeSH,1224,39903530
"Receptors, Tumor Necrosis Factor, Type II",40139648,MeSH,1617,40139648
"Receptors, Tumor Necrosis Factor, Type I",40139648,MeSH,1616,40139648
Follicle Stimulating Hormone,38579764,MeSH,1328,38579764
Pituitary Gland,38579764,MeSH,1524,38579764
DNA-Directed DNA Polymerase,38720088,MeSH,1283,38720088
"Databases, Genetic",39657681,MeSH,1285,39657681
Plasma Cells,39454027,MeSH,1525,39454027
HIV-1,39454027,MeSH,1361,39454027
Immunoglobulin A,39454027,MeSH,1385,39454027
B-Lymphocytes,39454027,MeSH,1193,39454027
Cerebellum,38123901,MeSH,1233,38123901
"Renal Insufficiency, Chronic",39716867,MeSH,1620,39716867
Cardio-Renal Syndrome,39716867,MeSH,1220,39716867
Swine,39716867,MeSH,1663,39716867
Sus scrofa,39716867,MeSH,1662,39716867
Nitric Oxide Synthase Type III,39174195,MeSH,1496,39174195
Severity of Illness Index,38354281,MeSH,1637,38354281
Karnofsky Performance Status,38354281,MeSH,1419,38354281
Janus Kinase 1,39062946,MeSH,1415,39062946
P-Selectin,39062946,MeSH,1510,39062946
"Receptors, Interleukin-8B",39062946,MeSH,1603,39062946
"Receptors, Interleukin-8A",39062946,MeSH,1602,39062946
Janus Kinase 2,39062946,MeSH,1416,39062946
SARS-CoV-2,38039805,MeSH,1629,38039805
Hospital Mortality,38039805,MeSH,1378,38039805
Dentate Gyrus,40216771,MeSH,1290,40216771
"CA1 Region, Hippocampal",40216771,MeSH,1209,40216771
Hippocampus,40216771,MeSH,1373,40216771
Gyrus Cinguli,39930465,MeSH,1357,39930465
UK Biobank,39982391,MeSH,1690,39982391
Parabens,39205349,MeSH,1514,39205349
"Databases, Genetic",39565209,MeSH,1285,39565209
UK Biobank,39627187,MeSH,1690,39627187
Burkholderia cenocepacia,39244607,MeSH,1208,39244607
TRPV Cation Channels,40348873,MeSH,1671,40348873
Spermine,40348873,MeSH,1649,40348873
Endosomes,38184712,MeSH,1311,38184712
Mitochondria,38184712,MeSH,1471,38184712
"Killer Cells, Natural",39388279,MeSH,1422,39388279
"Receptors, KIR",39388279,MeSH,1604,39388279
NK Cell Lectin-Like Receptor Subfamily C,39388279,MeSH,1483,39388279
Pseudomonas syringae,38321146,MeSH,1567,38321146
SARS-CoV-2,39854307,MeSH,1629,39854307
Clustered Regularly Interspaced Short Palindromic Repeats,38454137,MeSH,1255,38454137
Follicle Stimulating Hormone,39818879,MeSH,1328,39818879
Pituitary Gland,39818879,MeSH,1524,39818879
Adrenergic alpha-Antagonists,38803218,MeSH,1157,38803218
Adenosine Triphosphate,39843911,MeSH,1155,39843911
"Receptors, Purinergic P2Y12",39843911,MeSH,1614,39843911
CX3C Chemokine Receptor 1,39843911,MeSH,1215,39843911
Ketamine,39187388,MeSH,1420,39187388
"Receptors, Opioid",39187388,MeSH,1610,39187388
"Rats, Sprague-Dawley",39187388,MeSH,1575,39187388
Cricetulus,39187388,MeSH,1264,39187388
Cyclophosphamide,39542655,MeSH,1276,39542655
Histone Deacetylase 1,38679196,MeSH,1375,38679196
Histone Deacetylase 2,38679196,MeSH,1376,38679196
In Situ Hybridization,38679196,MeSH,1394,38679196
"Databases, Protein",38326495,MeSH,1286,38326495
Gyrus Cinguli,39621793,MeSH,1357,39621793
Insular Cortex,39621793,MeSH,1401,39621793
Severity of Illness Index,39185915,MeSH,1637,39185915
Chromatin,39353437,MeSH,1242,39353437
Chromatin,38199997,MeSH,1242,38199997
Aspirin,39556352,MeSH,1188,39556352
Janus Kinase 2,39556352,MeSH,1416,39556352
Leukocyte Count,39556352,MeSH,1430,39556352
Platelet Count,39556352,MeSH,1526,39556352
Axl Receptor Tyrosine Kinase,39838105,MeSH,1191,39838105
Receptor Protein-Tyrosine Kinases,39838105,MeSH,1577,39838105
Toll-Like Receptors,39838105,MeSH,1681,39838105
Memory T Cells,40127865,MeSH,1455,40127865
Anus Neoplasms,39930489,MeSH,1181,39930489
Papillomavirus Infections,39930489,MeSH,1513,39930489
Mass Screening,39930489,MeSH,1445,39930489
Proctoscopy,39930489,MeSH,1548,39930489
Chromatin,38237590,MeSH,1242,38237590
Gastrointestinal Microbiome,38278245,MeSH,1334,38278245
Wilms Tumor,40087269,MeSH,1707,40087269
Hippocampus,38000018,MeSH,1373,38000018
"Polycystic Kidney, Autosomal Dominant",38912583,MeSH,1533,38912583
"Receptor, Anaphylatoxin C5a",38912583,MeSH,1578,38912583
TRPP Cation Channels,38912583,MeSH,1670,38912583
"Receptors, Complement 3b",38912583,MeSH,1597,38912583
Clofarabine,38501389,MeSH,1254,38501389
Proto-Oncogene Proteins B-raf,38501389,MeSH,1561,38501389
Polycystic Ovary Syndrome,38753423,MeSH,1535,38753423
Follicle Stimulating Hormone,38753423,MeSH,1328,38753423
Insulin,38753423,MeSH,1402,38753423
Luteinizing Hormone,38753423,MeSH,1435,38753423
Testosterone,38753423,MeSH,1675,38753423
Vascular Endothelial Growth Factor Receptor-1,40313214,MeSH,1696,40313214
Persea,38219443,MeSH,1520,38219443
Glioblastoma,39747004,MeSH,1342,39747004
Endogenous Retroviruses,39831303,MeSH,1308,39831303
Open Reading Frames,39831303,MeSH,1503,39831303
Nucleus Accumbens,39587295,MeSH,1500,39587295
SARS-CoV-2,39186267,MeSH,1629,39186267
Spliceosomes,39384951,MeSH,1652,39384951
Immunoglobulin E,39530396,MeSH,1387,39530396
Microbiota,38782975,MeSH,1467,38782975
Positron-Emission Tomography,40542108,MeSH,1542,40542108
Mexican Americans,37571992,MeSH,1461,37571992
Uterine Cervical Neoplasms,38052109,MeSH,1694,38052109
Entorhinal Cortex,39847482,MeSH,1316,39847482
Hippocampus,39847482,MeSH,1373,39847482
Birth Weight,39570591,MeSH,1200,39570591
AIDS-Related Opportunistic Infections,39431505,MeSH,1146,39431505
Anti-HIV Agents,39431505,MeSH,1172,39431505
Electronic Health Records,39591878,MeSH,1306,39591878
Neuroblastoma,39892705,MeSH,1491,39892705
"Kidney Failure, Chronic",38069999,MeSH,1421,38069999
"Renal Insufficiency, Chronic",38069999,MeSH,1620,38069999
Memory B Cells,38324641,MeSH,1454,38324641
Immunoglobulin G,38324641,MeSH,1389,38324641
Immunoglobulin E,38324641,MeSH,1387,38324641
Cattle,40145745,MeSH,1229,40145745
"Influenza A Virus, H5N1 Subtype",40145745,MeSH,1399,40145745
"Dementia, Vascular",39276722,MeSH,1289,39276722
Birth Weight,39718547,MeSH,1200,39718547
Gastrointestinal Microbiome,39856480,MeSH,1334,39856480
Positron-Emission Tomography,38575752,MeSH,1542,38575752
Proto-Oncogene Proteins c-akt,38834572,MeSH,1562,38834572
Extracellular Signal-Regulated MAP Kinases,38834572,MeSH,1324,38834572
Glioblastoma,38538643,MeSH,1342,38538643
Dyrk Kinases,39626675,MeSH,1302,39626675
Protein Serine-Threonine Kinases,39626675,MeSH,1556,39626675
Protein-Tyrosine Kinases,39626675,MeSH,1559,39626675
Glucagon-Like Peptide-1 Receptor,39626675,MeSH,1348,39626675
"Promoter Regions, Genetic",39020164,MeSH,1550,39020164
Transcription Initiation Site,39020164,MeSH,1686,39020164
SARS-CoV-2,39571001,MeSH,1629,39571001
Chlorocebus aethiops,39571001,MeSH,1241,39571001
Programmed Cell Death 1 Receptor,38110620,MeSH,1549,38110620
Interleukin-1 Receptor-Like 1 Protein,38110620,MeSH,1406,38110620
"Receptors, Tumor Necrosis Factor, Type I",38110620,MeSH,1616,38110620
SARS-CoV-2,38848648,MeSH,1629,38848648
"Spike Glycoprotein, Coronavirus",38848648,MeSH,1651,38848648
Newcastle disease virus,38848648,MeSH,1493,38848648
Immunoglobulin A,38848648,MeSH,1385,38848648
Electronic Health Records,39321638,MeSH,1306,39321638
"Killer Cells, Natural",39106432,MeSH,1422,39106432
Neurofibrillary Tangles,38424454,MeSH,1492,38424454
"Anesthetics, Inhalation",39820689,MeSH,1169,39820689
West Nile Fever,40269898,MeSH,1704,40269898
West Nile virus,40269898,MeSH,1705,40269898
Mosquito Vectors,40269898,MeSH,1476,40269898
Culicidae,40269898,MeSH,1265,40269898
Medicare Part D,38980644,MeSH,1452,38980644
Prefrontal Cortex,38926387,MeSH,1544,38926387
"Databases, Genetic",40208796,MeSH,1285,40208796
Electronic Health Records,38851444,MeSH,1306,38851444
Proto-Oncogene Proteins c-maf,39168637,MeSH,1564,39168637
Prefrontal Cortex,40524640,MeSH,1544,40524640
Methyldopa,38626448,MeSH,1460,38626448
Adrenergic beta-Antagonists,38626448,MeSH,1159,38626448
B-Lymphocytes,40118521,MeSH,1193,40118521
Immunoglobulin Heavy Chains,40118521,MeSH,1390,40118521
RNA Polymerase II,38955181,MeSH,1569,38955181
Cyclin-Dependent Kinase 8,38955181,MeSH,1272,38955181
Protein Interaction Domains and Motifs,38955181,MeSH,1555,38955181
Aldosterone,38443464,MeSH,1164,38443464
Birth Weight,38443464,MeSH,1200,38443464
Gastrointestinal Microbiome,39121857,MeSH,1334,39121857
Amygdala,39121857,MeSH,1167,39121857
Lactobacillus,39121857,MeSH,1424,39121857
Mass Screening,39134444,MeSH,1445,39134444
Randomized Controlled Trials as Topic,39134444,MeSH,1572,39134444
"Tomography, X-Ray Computed",39863408,MeSH,1683,39863408
"CA1 Region, Hippocampal",40601747,MeSH,1209,40601747
Hippocampus,40601747,MeSH,1373,40601747
Dual-Specificity Phosphatases,38254666,MeSH,1300,38254666
"Receptors, Opioid",39009835,MeSH,1610,39009835
Microbiota,38123972,MeSH,1467,38123972
Gastrointestinal Microbiome,38123972,MeSH,1334,38123972
Adiposity,39233338,MeSH,1156,39233338
"Renal Insufficiency, Chronic",38159678,MeSH,1620,38159678
"Tomography, X-Ray Computed",38300115,MeSH,1683,38300115
Support Vector Machine,38302557,MeSH,1658,38302557
"Mice, Inbred NOD",37992313,MeSH,1464,37992313
"Mice, SCID",37992313,MeSH,1466,37992313
Janus Kinase 2,37992313,MeSH,1416,37992313
Chromatin,39012593,MeSH,1242,39012593
Podocytes,38910328,MeSH,1528,38910328
Ovarian Neoplasms,39856363,MeSH,1505,39856363
Mitochondria,39863913,MeSH,1471,39863913
"Aphasia, Broca",37769652,MeSH,1182,37769652
Dysarthria,37769652,MeSH,1303,37769652
"Aphasia, Primary Progressive",37769652,MeSH,1183,37769652
Primary Progressive Nonfluent Aphasia,37769652,MeSH,1546,37769652
Arachis,38407394,MeSH,1184,38407394
Omalizumab,38407394,MeSH,1501,38407394
Genetic Risk Score,36990674,MeSH,1341,36990674
Agammaglobulinaemia Tyrosine Kinase,38376944,MeSH,1161,38376944
Chromatin,38376944,MeSH,1242,38376944
"Immunotherapy, Adoptive",38376944,MeSH,1393,38376944
Mitogen-Activated Protein Kinase Kinases,38376944,MeSH,1473,38376944
"Receptors, Chimeric Antigen",38376944,MeSH,1596,38376944
Positron-Emission Tomography,38437944,MeSH,1542,38437944
"Chromosomes, Human, Y",38683764,MeSH,1251,38683764
Chromosome Painting,38683764,MeSH,1244,38683764
Chromosome Deletion,38683764,MeSH,1243,38683764
"Carcinoma, Non-Small-Cell Lung",39147210,MeSH,1218,39147210
Early Termination of Clinical Trials,39147210,MeSH,1305,39147210
Medicare Part C,38597342,MeSH,1451,38597342
"Receptors, CXCR4",39225095,MeSH,1595,39225095
Chemokine CXCL12,39225095,MeSH,1237,39225095
SARS-CoV-2,38112266,MeSH,1629,38112266
"Spike Glycoprotein, Coronavirus",38112266,MeSH,1651,38112266
Endothelin-Converting Enzymes,38904098,MeSH,1312,38904098
"Receptor, Endothelin B",38904098,MeSH,1581,38904098
"Receptor, Endothelin A",38904098,MeSH,1580,38904098
"Spike Glycoprotein, Coronavirus",39504245,MeSH,1651,39504245
SARS-CoV-2,39504245,MeSH,1629,39504245
SARS-CoV-2,40163530,MeSH,1629,40163530
"Spike Glycoprotein, Coronavirus",40163530,MeSH,1651,40163530
Chlorocebus aethiops,40163530,MeSH,1241,40163530
Cause of Death,38860401,MeSH,1230,38860401
Severity of Illness Index,39222793,MeSH,1637,39222793
Cricetinae,37389976,MeSH,1263,37389976
SARS-CoV-2,37389976,MeSH,1629,37389976
Colonoscopy,37976264,MeSH,1257,37976264
Nuclear Pore,38866556,MeSH,1498,38866556
Drosophila melanogaster,38866556,MeSH,1299,38866556
Drosophila,38866556,MeSH,1298,38866556
Swine,38676894,MeSH,1663,38676894
Overweight,39933702,MeSH,1506,39933702
Green Light,38329885,MeSH,1354,38329885
Overweight,39615789,MeSH,1506,39615789
Insulin,39615789,MeSH,1402,39615789
"T-Lymphocytes, Regulatory",40341143,MeSH,1668,40341143
Computed Tomography Angiography,38377231,MeSH,1258,38377231
CD40 Antigens,39178113,MeSH,1212,39178113
T-Lymphocytes,39178113,MeSH,1666,39178113
Acute Kidney Injury,37885206,MeSH,1150,37885206
Caspase 6,39032719,MeSH,1225,39032719
Gastrointestinal Microbiome,38040602,MeSH,1334,38040602
Prostate-Specific Antigen,38772787,MeSH,1551,38772787
Kallikreins,38772787,MeSH,1418,38772787
Connectome,38461964,MeSH,1259,38461964
Emergence Delirium,38155462,MeSH,1307,38155462
Cyclin-Dependent Kinase 9,39147127,MeSH,1273,39147127
RNA Polymerase II,39147127,MeSH,1569,39147127
"Image Interpretation, Computer-Assisted",39367632,MeSH,1384,39367632
Swine,38676896,MeSH,1663,38676896
Lysosomes,38200091,MeSH,1442,38200091
Antipsychotic Agents,38321095,MeSH,1180,38321095
Follow-Up Studies,39128550,MeSH,1329,39128550
Genetic Risk Score,39128550,MeSH,1341,39128550
SARS-CoV-2,38522771,MeSH,1629,38522771
Residential Segregation,39968791,MeSH,1621,39968791
Survival Rate,39968791,MeSH,1661,39968791
Nucleosomes,39631398,MeSH,1499,39631398
Chromatin,39631398,MeSH,1242,39631398
Transcription Initiation Site,39631398,MeSH,1686,39631398
"Promoter Regions, Genetic",39631398,MeSH,1550,39631398
Hippocampus,38844456,MeSH,1373,38844456
Argonaute Proteins,39700288,MeSH,1185,39700288
Heme,39700288,MeSH,1370,39700288
Adiposity,38824227,MeSH,1156,38824227
Waist Circumference,38824227,MeSH,1702,38824227
Losartan,38915184,MeSH,1434,38915184
Catalytic Domain,38915184,MeSH,1227,38915184
Acyl Coenzyme A,38915184,MeSH,1151,38915184
Adalimumab,38476237,MeSH,1152,38476237
Infliximab,38476237,MeSH,1395,38476237
National Institute of Environmental Health Sciences (U.S.),38968090,MeSH,1486,38968090
HIV-1,40044684,MeSH,1361,40044684
CD4-Positive T-Lymphocytes,40044684,MeSH,1211,40044684
"Mice, SCID",40044684,MeSH,1466,40044684
Protein-Arginine N-Methyltransferases,40232306,MeSH,1558,40232306
Th17 Cells,38657041,MeSH,1677,38657041
"Databases, Genetic",40407102,MeSH,1285,40407102
Bisphenols,39615574,MeSH,1202,39615574
Bisphenol A Compounds,39615574,MeSH,1201,39615574
Rodentia,37349475,MeSH,1628,37349475
PDZ Domains,39256359,MeSH,1511,39256359
Cerebellum,39180693,MeSH,1233,39180693
"Carcinoma, Non-Small-Cell Lung",40429725,MeSH,1218,40429725
SEER Program,40429725,MeSH,1630,40429725
ErbB Receptors,40429725,MeSH,1319,40429725
Serotonin Plasma Membrane Transport Proteins,38266980,MeSH,1636,38266980
"Analgesics, Opioid",39904921,MeSH,1168,39904921
Small Cell Lung Carcinoma,39657664,MeSH,1642,39657664
CD8-Positive T-Lymphocytes,39657664,MeSH,1213,39657664
Microbiota,39818212,MeSH,1467,39818212
"Vaginosis, Bacterial",39818212,MeSH,1695,39818212
Immunoglobulin G,38640252,MeSH,1389,38640252
Severity of Illness Index,39757503,MeSH,1637,39757503
Telomere,38145728,MeSH,1674,38145728
HMGA2 Protein,39715853,MeSH,1362,39715853
"Chromosomes, Human, Pair 12",39715853,MeSH,1245,39715853
Basal Forebrain,39865328,MeSH,1195,39865328
Hippocampus,39865328,MeSH,1373,39865328
Nuclear Pore,39127037,MeSH,1498,39127037
Cell Nucleus,39127037,MeSH,1232,39127037
Toxoplasma,39127037,MeSH,1684,39127037
Introns,38211685,MeSH,1413,38211685
"Polycystic Kidney, Autosomal Recessive",38211685,MeSH,1534,38211685
Cell Nucleus,38870008,MeSH,1232,38870008
Drosophila melanogaster,38870008,MeSH,1299,38870008
Dyrk Kinases,40490510,MeSH,1302,40490510
Protein Serine-Threonine Kinases,40490510,MeSH,1556,40490510
Protein-Tyrosine Kinases,40490510,MeSH,1559,40490510
"Chromosomes, Human, Pair 21",40490510,MeSH,1249,40490510
Ubiquitination,39983670,MeSH,1691,39983670
Acute Kidney Injury,39966171,MeSH,1150,39966171
Severity of Illness Index,39966171,MeSH,1637,39966171
Hospital Mortality,39966171,MeSH,1378,39966171
Logistic Models,39966171,MeSH,1432,39966171
Small Cell Lung Carcinoma,39910394,MeSH,1642,39910394
Etoposide,39910394,MeSH,1322,39910394
Interleukin-1 Receptor-Like 1 Protein,38640195,MeSH,1406,38640195
SARS-CoV-2,38395697,MeSH,1629,38395697
"Renal Insufficiency, Chronic",37839688,MeSH,1620,37839688
Acute Kidney Injury,37839688,MeSH,1150,37839688
Severity of Illness Index,40116009,MeSH,1637,40116009
"Glomerulonephritis, Membranoproliferative",39004461,MeSH,1345,39004461
Glomerular Basement Membrane,39004461,MeSH,1343,39004461
Population Surveillance,38723778,MeSH,1539,38723778
SARS-CoV-2,39267052,MeSH,1629,39267052
"Analgesics, Opioid",39729684,MeSH,1168,39729684
Mitochondria,38701776,MeSH,1471,38701776
"Rats, Sprague-Dawley",38701776,MeSH,1575,38701776
Prefrontal Cortex,38613783,MeSH,1544,38613783
Spliceosomes,38821540,MeSH,1652,38821540
SARS-CoV-2,39489918,MeSH,1629,39489918
"Spike Glycoprotein, Coronavirus",39489918,MeSH,1651,39489918
CD8-Positive T-Lymphocytes,39443795,MeSH,1213,39443795
Mitochondria,39443795,MeSH,1471,39443795
Ovarian Neoplasms,39443795,MeSH,1505,39443795
"Receptors, Chimeric Antigen",39443795,MeSH,1596,39443795
Adenosine Triphosphate,38206362,MeSH,1155,38206362
Cardiometabolic Risk Factors,40373236,MeSH,1221,40373236
Cerebral Cortex,40050014,MeSH,1235,40050014
Diffusion Tensor Imaging,40050014,MeSH,1291,40050014
Heart Disease Risk Factors,39056328,MeSH,1367,39056328
Aspirin,39056328,MeSH,1188,39056328
Hippocampus,39352226,MeSH,1373,39352226
SARS-CoV-2,40368188,MeSH,1629,40368188
Nucleus Accumbens,38669575,MeSH,1500,38669575
Ras Homolog Enriched in Brain Protein,38669575,MeSH,1573,38669575
Nivolumab,38277235,MeSH,1497,38277235
"Carcinoma, Non-Small-Cell Lung",38277235,MeSH,1218,38277235
Ipilimumab,38277235,MeSH,1414,38277235
Acute Kidney Injury,40420108,MeSH,1150,40420108
HIV-1,38529284,MeSH,1361,38529284
CD4-Positive T-Lymphocytes,38529284,MeSH,1211,38529284
Adenosine Triphosphate,38529284,MeSH,1155,38529284
Genetic Risk Score,38688278,MeSH,1341,38688278
Prefrontal Cortex,38640933,MeSH,1544,38640933
Macaca mulatta,38640933,MeSH,1443,38640933
Harmine,39301926,MeSH,1364,39301926
"Enhancer Elements, Genetic",38145985,MeSH,1314,38145985
Bronchiolitis Obliterans Syndrome,37742913,MeSH,1207,37742913
Th2 Cells,37742913,MeSH,1678,37742913
Atlases as Topic,39934102,MeSH,1190,39934102
Biological Ontologies,39934102,MeSH,1199,39934102
"National Heart, Lung, and Blood Institute (U.S.)",39437132,MeSH,1484,39437132
SARS-CoV-2,39437132,MeSH,1629,39437132
Polycystic Kidney Diseases,39855202,MeSH,1532,39855202
TRPP Cation Channels,39855202,MeSH,1670,39855202
TOR Serine-Threonine Kinases,39855202,MeSH,1669,39855202
Vascular Endothelial Growth Factor Receptor-1,38842166,MeSH,1696,38842166
Proto-Oncogene Proteins c-akt,38842166,MeSH,1562,38842166
SARS-CoV-2,39067667,MeSH,1629,39067667
Chlorocebus aethiops,39067667,MeSH,1241,39067667
Adenosine Monophosphate,39067667,MeSH,1154,39067667
"Spike Glycoprotein, Coronavirus",39067667,MeSH,1651,39067667
Prefrontal Cortex,40644558,MeSH,1544,40644558
Follow-Up Studies,40221147,MeSH,1329,40221147
"Promoter Regions, Genetic",39358382,MeSH,1550,39358382
"Hearing Loss, Unilateral",39663801,MeSH,1366,39663801
Cerebral Amyloid Angiopathy,38425134,MeSH,1234,38425134
Zebrafish,37668904,MeSH,1709,37668904
"Databases, Factual",40014375,MeSH,1284,40014375
"Receptor, ErbB-2",40014375,MeSH,1582,40014375
Boston,38782342,MeSH,1204,38782342
National Institute on Aging (U.S.),38348782,MeSH,1487,38348782
Leukocyte Common Antigens,38969303,MeSH,1429,38969303
Platelet Glycoprotein GPIIb-IIIa Complex,38969303,MeSH,1527,38969303
Papillomavirus Infections,39031851,MeSH,1513,39031851
Anus Neoplasms,39031851,MeSH,1181,39031851
Henipavirus,39345144,MeSH,1372,39345144
"Promoter Regions, Genetic",39345144,MeSH,1550,39345144
RNA-Dependent RNA Polymerase,39345144,MeSH,1570,39345144
Nipah Virus,39345144,MeSH,1495,39345144
Hendra Virus,39345144,MeSH,1371,39345144
Helicobacter pylori,39042489,MeSH,1368,39042489
Gastroscopy,39042489,MeSH,1335,39042489
Follow-Up Studies,39042489,MeSH,1329,39042489
Positron Emission Tomography Computed Tomography,39578565,MeSH,1541,39578565
SARS-CoV-2,39638843,MeSH,1629,39638843
Overweight,38111349,MeSH,1506,38111349
"Kidney Failure, Chronic",38452919,MeSH,1421,38452919
"Glomerulosclerosis, Focal Segmental",38452919,MeSH,1347,38452919
"Glomerulonephritis, IGA",38452919,MeSH,1344,38452919
"Glomerulonephritis, Membranous",38452919,MeSH,1346,38452919
Fibrinolysin,38452919,MeSH,1325,38452919
Adrenergic beta-2 Receptor Agonists,38973267,MeSH,1158,38973267
Survival Rate,38973267,MeSH,1661,38973267
CTLA-4 Antigen,40588371,MeSH,1214,40588371
Programmed Cell Death 1 Receptor,40588371,MeSH,1549,40588371
Nivolumab,40588371,MeSH,1497,40588371
Ipilimumab,40588371,MeSH,1414,40588371
Vital Capacity,37967704,MeSH,1700,37967704
Actin Cytoskeleton,38168645,MeSH,1149,38168645
Body Weight,38141911,MeSH,1203,38141911
Small Cell Lung Carcinoma,38965396,MeSH,1642,38965396
Mitochondria,39609651,MeSH,1471,39609651
Polypharmacy,40220663,MeSH,1536,40220663
Microbiota,38246324,MeSH,1467,38246324
Gastrointestinal Microbiome,39054615,MeSH,1334,39054615
"T-Lymphocytes, Regulatory",39054615,MeSH,1668,39054615
gamma-Tocopherol,39087502,MeSH,1717,39087502
alpha-Tocopherol,39087502,MeSH,1711,39087502
"CA1 Region, Hippocampal",40307550,MeSH,1209,40307550
Dorsal Raphe Nucleus,40307550,MeSH,1296,40307550
"Receptors, Neurotensin",40307550,MeSH,1608,40307550
"Receptor, Serotonin, 5-HT1B",40307550,MeSH,1585,40307550
Midline Thalamic Nuclei,40307550,MeSH,1469,40307550
"Databases, Factual",38896163,MeSH,1284,38896163
Hippocampus,38896163,MeSH,1373,38896163
"Mice, Inbred BALB C",38711520,MeSH,1462,38711520
Sendai virus,38711520,MeSH,1635,38711520
Chromatin,38319712,MeSH,1242,38319712
Papillomavirus Infections,37728489,MeSH,1513,37728489
Anus Neoplasms,37728489,MeSH,1181,37728489
Infliximab,37975591,MeSH,1395,37975591
Prefrontal Cortex,39925007,MeSH,1544,39925007
Resistance Training,38634503,MeSH,1622,38634503
Cardiorespiratory Fitness,38634503,MeSH,1222,38634503
Endurance Training,38634503,MeSH,1313,38634503
Waist Circumference,38128386,MeSH,1702,38128386
Corticotropin-Releasing Hormone,38215742,MeSH,1261,38215742
Hypothalamo-Hypophyseal System,38215742,MeSH,1383,38215742
Paraventricular Hypothalamic Nucleus,38215742,MeSH,1516,38215742
Pituitary Gland,38084892,MeSH,1524,38084892
Gonadotrophs,38084892,MeSH,1352,38084892
Chromatin,38084892,MeSH,1242,38084892
Nucleus Accumbens,39365860,MeSH,1500,39365860
"Receptors, Dopamine D1",39365860,MeSH,1598,39365860
Chromatin,39365860,MeSH,1242,39365860
Discoidin Domain Receptor 1,38395959,MeSH,1292,38395959
Logistic Models,38890400,MeSH,1432,38890400
Cannabis,38890400,MeSH,1216,38890400
Swine,39543723,MeSH,1663,39543723
DNA Methyltransferase 3A,39532065,MeSH,1281,39532065
fms-Like Tyrosine Kinase 3,39532065,MeSH,1716,39532065
DNA (Cytosine-5-)-Methyltransferases,39532065,MeSH,1280,39532065
"Antibodies, Monoclonal, Humanized",39709141,MeSH,1176,39709141
Bevacizumab,39709141,MeSH,1197,39709141
Sorafenib,39709141,MeSH,1648,39709141
Oxysterols,38837668,MeSH,1509,38837668
fms-Like Tyrosine Kinase 3,38471061,MeSH,1716,38471061
Gaucher Disease,39021250,MeSH,1336,39021250
SARS-CoV-2,38376212,MeSH,1629,38376212
Positron Emission Tomography Computed Tomography,38965839,MeSH,1541,38965839
Amygdala,38965839,MeSH,1167,38965839
Electronic Health Records,39558002,MeSH,1306,39558002
B-Lymphocytes,38194271,MeSH,1193,38194271
"Receptors, Lysosphingolipid",38194271,MeSH,1605,38194271
Sphingosine-1-Phosphate Receptors,38194271,MeSH,1650,38194271
T-Lymphocytes,38194271,MeSH,1666,38194271
"Influenza A Virus, H1N1 Subtype",39738586,MeSH,1396,39738586
Ultraviolet Rays,39738586,MeSH,1692,39738586
SARS-CoV-2,39738586,MeSH,1629,39738586
Disinfection,39738586,MeSH,1294,39738586
Integrin alphaVbeta3,39105261,MeSH,1403,39105261
Gastrointestinal Microbiome,39604726,MeSH,1334,39604726
"Hemagglutinin Glycoproteins, Influenza Virus",40358209,MeSH,1369,40358209
"Influenza A Virus, H3N2 Subtype",40358209,MeSH,1398,40358209
"Influenza A Virus, H1N1 Subtype",40358209,MeSH,1396,40358209
Immunoglobulin A,40358209,MeSH,1385,40358209
Hydrogen Peroxide,37541974,MeSH,1381,37541974
"Analgesics, Opioid",39668570,MeSH,1168,39668570
"Promoter Regions, Genetic",39337329,MeSH,1550,39337329
"Enhancer Elements, Genetic",39337329,MeSH,1314,39337329
Smartphone,39576984,MeSH,1643,39576984
Janus Kinase 2,38230747,MeSH,1416,38230747
Survival Rate,37772981,MeSH,1661,37772981
Th17 Cells,38772365,MeSH,1677,38772365
Glucose Transporter Type 1,38772365,MeSH,1349,38772365
Chromatin,38866555,MeSH,1242,38866555
Cell Nucleus,38866555,MeSH,1232,38866555
Drosophila melanogaster,38866555,MeSH,1299,38866555
Drosophila,38866555,MeSH,1298,38866555
Large Language Models,39608761,MeSH,1425,39608761
"Antibodies, Monoclonal, Humanized",39788967,MeSH,1176,39788967
Disease-Free Survival,39788967,MeSH,1293,39788967
"Receptors, Antigen, T-Cell",39788967,MeSH,1591,39788967
Uterine Cervical Neoplasms,39788967,MeSH,1694,39788967
Measles virus,39253971,MeSH,1448,39253971
Measles,39253971,MeSH,1447,39253971
B-Lymphocytes,39253971,MeSH,1193,39253971
T-Lymphocytes,39253971,MeSH,1666,39253971
Rectal Neoplasms,38782828,MeSH,1618,38782828
Transanal Endoscopic Surgery,38782828,MeSH,1685,38782828
Vital Capacity,39642347,MeSH,1700,39642347
Mitochondria,38855868,MeSH,1471,38855868
Sodium-Glucose Transporter 2,38855868,MeSH,1645,38855868
"Databases, Factual",38693412,MeSH,1284,38693412
Endurance Training,38693412,MeSH,1313,38693412
Mitochondria,38693412,MeSH,1471,38693412
Ubiquitination,38693412,MeSH,1691,38693412
"Rats, Inbred F344",38984994,MeSH,1574,38984994
Endurance Training,38984994,MeSH,1313,38984994
Small Cell Lung Carcinoma,39177280,MeSH,1642,39177280
beta-Thalassemia,38861356,MeSH,1713,38861356
Mitoxantrone,38861356,MeSH,1474,38861356
alpha-Globins,38861356,MeSH,1710,38861356
Amino Acid Transport System ASC,38763337,MeSH,1165,38763337
STAT2 Transcription Factor,38926343,MeSH,1632,38926343
National Institute of Allergy and Infectious Diseases (U.S.),38295882,MeSH,1485,38295882
Randomized Controlled Trials as Topic,40522118,MeSH,1572,40522118
Phenol,38369152,MeSH,1521,38369152
Parabens,38369152,MeSH,1514,38369152
Nucleus Accumbens,40133300,MeSH,1500,40133300
"Rats, Sprague-Dawley",40133300,MeSH,1575,40133300
Follow-Up Studies,38521548,MeSH,1329,38521548
Smad2 Protein,39404414,MeSH,1641,39404414
Cyclophosphamide,39752608,MeSH,1276,39752608
Patient Reported Outcome Measures,39752608,MeSH,1518,39752608
Methotrexate,39752608,MeSH,1458,39752608
Follicle Stimulating Hormone,39394788,MeSH,1328,39394788
Testosterone,39394788,MeSH,1675,39394788
Chiroptera,39365995,MeSH,1240,39365995
Telomere,39365995,MeSH,1674,39365995
SARS-CoV-2,39580470,MeSH,1629,39580470
"Influenza A Virus, H1N1 Subtype",39580470,MeSH,1396,39580470
Angiotensin-Converting Enzyme 2,39580470,MeSH,1170,39580470
Health Education,39235542,MeSH,1365,39235542
SARS-CoV-2,39235542,MeSH,1629,39235542
SARS-CoV-2,39353439,MeSH,1629,39353439
"Carcinoma, Non-Small-Cell Lung",39254646,MeSH,1218,39254646
SEER Program,39254646,MeSH,1630,39254646
Albuminuria,39746157,MeSH,1162,39746157
Tirzepatide,39746157,MeSH,1679,39746157
"Antibodies, Monoclonal, Humanized",39425738,MeSH,1176,39425738
Randomized Controlled Trials as Topic,39425738,MeSH,1572,39425738
Severity of Illness Index,39425738,MeSH,1637,39425738
Electronic Health Records,39423850,MeSH,1306,39423850
SARS-CoV-2,39500417,MeSH,1629,39500417
Post-Acute COVID-19 Syndrome,39500417,MeSH,1543,39500417
Electronic Health Records,38906208,MeSH,1306,38906208
Genetic Risk Score,38906208,MeSH,1341,38906208
Polypharmacy,39349038,MeSH,1536,39349038
SARS-CoV-2,38054729,MeSH,1629,38054729
"Spike Glycoprotein, Coronavirus",38054729,MeSH,1651,38054729
Treatment Effect Heterogeneity,37830443,MeSH,1687,37830443
Chromatin,39855972,MeSH,1242,39855972
Papillomavirus Infections,37805952,MeSH,1513,37805952
Anus Neoplasms,37805952,MeSH,1181,37805952
Atlases as Topic,40082611,MeSH,1190,40082611
Immunoglobulin G,40311333,MeSH,1389,40311333
SARS-CoV-2,40311333,MeSH,1629,40311333
"Antibodies, Monoclonal, Humanized",38815595,MeSH,1176,38815595
SARS-CoV-2,38815595,MeSH,1629,38815595
Randomized Controlled Trials as Topic,38815595,MeSH,1572,38815595
Adaptive Clinical Trials as Topic,38815595,MeSH,1153,38815595
Chromatin,39388546,MeSH,1242,39388546
Cannabis,38953698,MeSH,1216,38953698
Acquired Immunodeficiency Syndrome,37962072,MeSH,1148,37962072
Nivolumab,37962072,MeSH,1497,37962072
CD4 Lymphocyte Count,37962072,MeSH,1210,37962072
"Receptors, N-Methyl-D-Aspartate",40494620,MeSH,1607,40494620
Periaqueductal Gray,40494620,MeSH,1519,40494620
"Rats, Sprague-Dawley",40494620,MeSH,1575,40494620
N-Acetylneuraminic Acid,39009691,MeSH,1482,39009691
"Influenza A Virus, H2N2 Subtype",39009691,MeSH,1397,39009691
Ducks,39009691,MeSH,1301,39009691
Swine,39009691,MeSH,1663,39009691
Chiroptera,39009691,MeSH,1240,39009691
Chickens,39009691,MeSH,1239,39009691
Boston,39447895,MeSH,1204,39447895
Positron-Emission Tomography,38518887,MeSH,1542,38518887
"Receptor, Cannabinoid, CB1",39103231,MeSH,1579,39103231
"Receptors, Opioid, delta",39103231,MeSH,1611,39103231
"Receptors, Opioid",39103231,MeSH,1610,39103231
Large Language Models,40194317,MeSH,1425,40194317
"Rats, Sprague-Dawley",38141605,MeSH,1575,38141605
Nucleus Accumbens,38141605,MeSH,1500,38141605
"Aphasia, Primary Progressive",38284802,MeSH,1183,38284802
Cerebral Cortex,38284802,MeSH,1235,38284802
Genetic Risk Score,38788065,MeSH,1341,38788065
Aromatase Inhibitors,39110275,MeSH,1187,39110275
Electronic Health Records,39809980,MeSH,1306,39809980
Osteogenesis,38657601,MeSH,1504,38657601
Podocytes,38443711,MeSH,1528,38443711
"Receptor, Serotonin, 5-HT1A",39187183,MeSH,1584,39187183
Prefrontal Cortex,39187183,MeSH,1544,39187183
Cerebral Cortex,39187183,MeSH,1235,39187183
"Promoter Regions, Genetic",39187183,MeSH,1550,39187183
"Antibodies, Monoclonal, Humanized",38280376,MeSH,1176,38280376
Gemcitabine,38280376,MeSH,1337,38280376
Stearoyl-CoA Desaturase,40198901,MeSH,1654,40198901
Proto-Oncogene Proteins c-akt,40198901,MeSH,1562,40198901
Amino Acid Transport System y+,40198901,MeSH,1166,40198901
Proto-Oncogene Proteins p21(ras),40198901,MeSH,1565,40198901
Protein Serine-Threonine Kinases,40198901,MeSH,1556,40198901
AMP-Activated Protein Kinase Kinases,40198901,MeSH,1147,40198901
"Mice, Nude",40198901,MeSH,1465,40198901
"Databases, Genetic",37971328,MeSH,1285,37971328
Positron-Emission Tomography,39559932,MeSH,1542,39559932
Microbiota,38134422,MeSH,1467,38134422
Randomized Controlled Trials as Topic,38431550,MeSH,1572,38431550
Ovarian Neoplasms,39481380,MeSH,1505,39481380
Programmed Cell Death 1 Receptor,39481380,MeSH,1549,39481380
Severity of Illness Index,40117765,MeSH,1637,40117765
"Carcinoma, Non-Small-Cell Lung",38731852,MeSH,1218,38731852
Mitogen-Activated Protein Kinase Kinases,38731852,MeSH,1473,38731852
raf Kinases,38731852,MeSH,1718,38731852
Immunoglobulin Isotypes,40558527,MeSH,1391,40558527
Immunoglobulin E,40558527,MeSH,1387,40558527
Neocortex,38781356,MeSH,1489,38781356
Cystic Fibrosis Transmembrane Conductance Regulator,39772994,MeSH,1277,39772994
Patient Reported Outcome Measures,39904821,MeSH,1518,39904821
"Immunotherapy, Adoptive",38772686,MeSH,1393,38772686
"Receptors, Chimeric Antigen",38772686,MeSH,1596,38772686
T-Lymphocytes,38772686,MeSH,1666,38772686
National Institutes of Health (U.S.),40548379,MeSH,1488,40548379
Mass Screening,37977487,MeSH,1445,37977487
Ubiquitination,40202531,MeSH,1691,40202531
Nucleus Accumbens,39019389,MeSH,1500,39019389
"Rats, Sprague-Dawley",39019389,MeSH,1575,39019389
Jumonji Domain-Containing Histone Demethylases,39019389,MeSH,1417,39019389
"Rats, Transgenic",39019389,MeSH,1576,39019389
"Receptors, Dopamine D2",39019389,MeSH,1599,39019389
"Receptors, Dopamine D1",39019389,MeSH,1598,39019389
Toll-Like Receptor 4,37838079,MeSH,1680,37838079
Proto-Oncogene Proteins B-raf,37919548,MeSH,1561,37919548
Prefrontal Cortex,40481857,MeSH,1544,40481857
"Analgesics, Opioid",38843332,MeSH,1168,38843332
Connectome,38843332,MeSH,1259,38843332
Oxycodone,38843332,MeSH,1508,38843332
Parabrachial Nucleus,38843332,MeSH,1515,38843332
Prefrontal Cortex,38843332,MeSH,1544,38843332
"Receptors, Opioid, mu",38843332,MeSH,1612,38843332
"Killer Cells, Natural",38847806,MeSH,1422,38847806
CD8-Positive T-Lymphocytes,38847806,MeSH,1213,38847806
CD4-Positive T-Lymphocytes,38847806,MeSH,1211,38847806
Electronic Health Records,38095106,MeSH,1306,38095106
Gastrointestinal Microbiome,39666007,MeSH,1334,39666007
"Databases, Protein",39046952,MeSH,1286,39046952
Mitochondria,39819808,MeSH,1471,39819808
National Institutes of Health (U.S.),38775155,MeSH,1488,38775155
Ribonuclease III,39992227,MeSH,1625,39992227
Wilms Tumor,39992227,MeSH,1707,39992227
Pineal Gland,39992227,MeSH,1523,39992227
DEAD-box RNA Helicases,39992227,MeSH,1278,39992227
Equivalence Trials as Topic,40483399,MeSH,1318,40483399
Intention to Treat Analysis,40483399,MeSH,1404,40483399
Histone-Lysine N-Methyltransferase,38602846,MeSH,1377,38602846
"Databases, Genetic",40545618,MeSH,1285,40545618
National Institute on Aging (U.S.),40545618,MeSH,1487,40545618
Suprachiasmatic Nucleus,38195580,MeSH,1659,38195580
Argonaute Proteins,38844755,MeSH,1185,38844755
Protein Domains,38844755,MeSH,1553,38844755
Guanosine Diphosphate,39103320,MeSH,1355,39103320
Guanosine Triphosphate,39103320,MeSH,1356,39103320
"Receptors, Dopamine D2",39103320,MeSH,1599,39103320
"GTP-Binding Protein alpha Subunits, Gi-Go",39103320,MeSH,1332,39103320
Telomere,39265426,MeSH,1674,39265426
"Influenza A Virus, H1N1 Subtype",38103991,MeSH,1396,38103991
Single-Domain Antibodies,39447570,MeSH,1639,39447570
SARS-CoV-2,39447570,MeSH,1629,39447570
"Spike Glycoprotein, Coronavirus",39447570,MeSH,1651,39447570
Immunoglobulin M,39447570,MeSH,1392,39447570
"Lymphoma, Large B-Cell, Diffuse",39924174,MeSH,1439,39924174
"Receptors, Antigen, T-Cell",39924174,MeSH,1591,39924174
"Immunotherapy, Adoptive",39924174,MeSH,1393,39924174
Cerebral Cortex,38913688,MeSH,1235,38913688
Macaca mulatta,38913688,MeSH,1443,38913688
Chickens,38913688,MeSH,1239,38913688
"Protein Tyrosine Phosphatase, Non-Receptor Type 11",38981438,MeSH,1557,38981438
Glioblastoma,38981438,MeSH,1342,38981438
Cell Nucleus,39384042,MeSH,1232,39384042
Proteogenomics,38359819,MeSH,1560,38359819
Leukocyte Count,37348803,MeSH,1430,37348803
eIF-2 Kinase,38917323,MeSH,1714,38917323
Chlorocebus aethiops,38917323,MeSH,1241,38917323
Macaca mulatta,38940740,MeSH,1443,38940740
Sumoylation,39448602,MeSH,1657,39448602
Caspase 2,39448602,MeSH,1223,39448602
Ataxia Telangiectasia Mutated Proteins,39448602,MeSH,1189,39448602
Myosins,38478604,MeSH,1481,38478604
Sarcomeres,38478604,MeSH,1634,38478604
Amygdala,37917117,MeSH,1167,37917117
"Receptors, Metabotropic Glutamate",37917117,MeSH,1606,37917117
Large Neutral Amino Acid-Transporter 1,38597304,MeSH,1426,38597304
Prostate-Specific Antigen,38845201,MeSH,1551,38845201
Spliceosomes,37967363,MeSH,1652,37967363
Poly (ADP-Ribose) Polymerase-1,37967363,MeSH,1529,37967363
Ketamine,38377990,MeSH,1420,38377990
"Polycystic Kidney, Autosomal Dominant",38247039,MeSH,1533,38247039
TRPP Cation Channels,38247039,MeSH,1670,38247039
Polycystic Kidney Diseases,38247039,MeSH,1532,38247039
Widowhood,39264625,MeSH,1706,39264625
Telomere,39316766,MeSH,1674,39316766
Shelterin Complex,39316766,MeSH,1638,39316766
Telomerase,39316766,MeSH,1673,39316766
Sirtuin 3,39191393,MeSH,1640,39191393
"Lymphoma, Large B-Cell, Diffuse",39191393,MeSH,1439,39191393
Mitochondria,39191393,MeSH,1471,39191393
SARS-CoV-2,38134722,MeSH,1629,38134722
DNA (Cytosine-5-)-Methyltransferase 1,39905966,MeSH,1279,39905966
"Chromosomes, Human, Y",38287344,MeSH,1251,38287344
"Renal Insufficiency, Chronic",38287344,MeSH,1620,38287344
RNA Polymerase II,40250441,MeSH,1569,40250441
Cyclin-Dependent Kinase 9,40250441,MeSH,1273,40250441
Matrix Metalloproteinase 8,38326622,MeSH,1446,38326622
Nucleus Accumbens,38326622,MeSH,1500,38326622
Acute Kidney Injury,39704174,MeSH,1150,39704174
"Renal Insufficiency, Chronic",39704174,MeSH,1620,39704174
"Receptors, Antigen, B-Cell",40436855,MeSH,1590,40436855
Syk Kinase,40436855,MeSH,1664,40436855
Filamins,40436855,MeSH,1326,40436855
Actin Cytoskeleton,40436855,MeSH,1149,40436855
Dorsolateral Prefrontal Cortex,38773772,MeSH,1297,38773772
Prefrontal Cortex,38773772,MeSH,1544,38773772
Macaca mulatta,38991790,MeSH,1443,38991790
Frontal Lobe,38991790,MeSH,1330,38991790
Prefrontal Cortex,38991790,MeSH,1544,38991790
Nucleus Accumbens,40506501,MeSH,1500,40506501
"Receptors, Dopamine D2",40506501,MeSH,1599,40506501
"Receptors, Dopamine D1",40506501,MeSH,1598,40506501
G Protein-Coupled Inwardly-Rectifying Potassium Channels,39662702,MeSH,1331,39662702
Macrophage Colony-Stimulating Factor,40246882,MeSH,1444,40246882
"T-Lymphocytes, Regulatory",38504979,MeSH,1668,38504979
SARS-CoV-2,38504979,MeSH,1629,38504979
Genetic Risk Score,39294497,MeSH,1341,39294497
Mitochondria,39378840,MeSH,1471,39378840
Hippocampus,39425930,MeSH,1373,39425930
Somatostatin,39425930,MeSH,1647,39425930
Genetic Counseling,39827879,MeSH,1340,39827879
"Cyclic Nucleotide Phosphodiesterases, Type 1",38637154,MeSH,1269,38637154
Nucleus Accumbens,38637154,MeSH,1500,38637154
Nucleus Accumbens,38959894,MeSH,1500,38959894
Polycomb Repressive Complex 2,38959894,MeSH,1531,38959894
"Databases, Genetic",40133794,MeSH,1285,40133794
"Receptors, FSH",39548323,MeSH,1600,39548323
Hippocampus,39548323,MeSH,1373,39548323
Follicle Stimulating Hormone,39548323,MeSH,1328,39548323
Chromatin,38720070,MeSH,1242,38720070
Janus Kinase 2,38720070,MeSH,1416,38720070
SARS-CoV-2,40504864,MeSH,1629,40504864
Interleukin-8,37980882,MeSH,1410,37980882
Levodopa,40356023,MeSH,1431,40356023
Carbidopa,40356023,MeSH,1217,40356023
5-Methoxytryptamine,38720072,MeSH,1143,38720072
Anti-Anxiety Agents,38720072,MeSH,1171,38720072
Methoxydimethyltryptamines,38720072,MeSH,1459,38720072
"Receptor, Serotonin, 5-HT1A",38720072,MeSH,1584,38720072
"Receptor, Serotonin, 5-HT2A",38720072,MeSH,1586,38720072
Prefrontal Cortex,40480991,MeSH,1544,40480991
"Databases, Factual",38507374,MeSH,1284,38507374
Follow-Up Studies,39418122,MeSH,1329,39418122
Severity of Illness Index,39418122,MeSH,1637,39418122
Proto-Oncogene Proteins c-kit,39116219,MeSH,1563,39116219
"Spondylitis, Ankylosing",38490347,MeSH,1653,38490347
Logistic Models,38490347,MeSH,1432,38490347
"Influenza A Virus, H1N1 Subtype",38416036,MeSH,1396,38416036
SARS-CoV-2,38416036,MeSH,1629,38416036
Antipsychotic Agents,40593436,MeSH,1180,40593436
Antimanic Agents,40593436,MeSH,1179,40593436
Histone-Lysine N-Methyltransferase,40610428,MeSH,1377,40610428
"Chromosomes, Human, Pair 15",40610428,MeSH,1246,40610428
Chromatin,40610428,MeSH,1242,40610428
snRNP Core Proteins,40610428,MeSH,1720,40610428
Positron-Emission Tomography,39670843,MeSH,1542,39670843
"Chromosomes, Human, Pair 17",40055946,MeSH,1247,40055946
Chromatin,38141874,MeSH,1242,38141874
Nucleosomes,38141874,MeSH,1499,38141874
Lysine Acetyltransferase 5,38141874,MeSH,1441,38141874
Tudor Domain,38141874,MeSH,1689,38141874
Muscle Development,40040295,MeSH,1479,40040295
"Receptor, ErbB-2",39835789,MeSH,1582,39835789
Rituximab,40646161,MeSH,1627,40646161
"Lymphoma, AIDS-Related",40646161,MeSH,1438,40646161
"Lymphoma, Large B-Cell, Diffuse",40646161,MeSH,1439,40646161
"Rats, Sprague-Dawley",38697122,MeSH,1575,38697122
Broadly Neutralizing Antibodies,38832789,MeSH,1206,38832789
"Inositol 1,4,5-Trisphosphate Receptors",39019006,MeSH,1400,39019006
Mitochondria,39019006,MeSH,1471,39019006
"Codon, Nonsense",38579684,MeSH,1256,38579684
TRPP Cation Channels,38579684,MeSH,1670,38579684
Polycystic Kidney Diseases,38579684,MeSH,1532,38579684
Basolateral Nuclear Complex,38964318,MeSH,1196,38964318
Frontal Lobe,38964318,MeSH,1330,38964318
Connectome,38964318,MeSH,1259,38964318
Macaca mulatta,38964318,MeSH,1443,38964318
T-Lymphocytes,40333992,MeSH,1666,40333992
Albuminuria,38341135,MeSH,1162,38341135
Adiposity,38341135,MeSH,1156,38341135
Gabapentin,38547357,MeSH,1333,38547357
Pregabalin,38547357,MeSH,1545,38547357
Polypharmacy,38547357,MeSH,1536,38547357
Nucleus Accumbens,37517704,MeSH,1500,37517704
Interleukin-1 Receptor-Like 1 Protein,40123552,MeSH,1406,40123552
Severity of Illness Index,40123552,MeSH,1637,40123552
Substantia Nigra,38198537,MeSH,1656,38198537
"Antibodies, Monoclonal, Humanized",38609316,MeSH,1176,38609316
Patient Reported Outcome Measures,38512380,MeSH,1518,38512380
Microbiota,40233938,MeSH,1467,40233938
Polychlorinated Biphenyls,40233938,MeSH,1530,40233938
Overweight,38408933,MeSH,1506,38408933
Polycystic Ovary Syndrome,38408933,MeSH,1535,38408933
Substantia Nigra,38243325,MeSH,1656,38243325
RNA Polymerase II,39565872,MeSH,1569,39565872
Cyclin-Dependent Kinase-Activating Kinase,39565872,MeSH,1274,39565872
Cyclin-Dependent Kinases,39565872,MeSH,1275,39565872
Randomized Controlled Trials as Topic,38185918,MeSH,1572,38185918
"Analgesics, Opioid",38554545,MeSH,1168,38554545
Gabapentin,38554545,MeSH,1333,38554545
"Receptors, Antigen, T-Cell",38459027,MeSH,1591,38459027
Dorsolateral Prefrontal Cortex,38781370,MeSH,1297,38781370
Acute Kidney Injury,39427763,MeSH,1150,39427763
"Receptor, Anaphylatoxin C5a",39427763,MeSH,1578,39427763
Aristolochic Acids,39427763,MeSH,1186,39427763
Mitochondria,39427763,MeSH,1471,39427763
Mumps virus,39700136,MeSH,1478,39700136
Mumps,39700136,MeSH,1477,39700136
Interleukin-3,39232162,MeSH,1409,39232162
Intraepithelial Lymphocytes,39232162,MeSH,1412,39232162
Janus Kinase 2,39232162,MeSH,1416,39232162
"Receptors, Antigen, T-Cell, gamma-delta",39232162,MeSH,1592,39232162
B-Lymphocytes,38935072,MeSH,1193,38935072
"Hemagglutinin Glycoproteins, Influenza Virus",38935072,MeSH,1369,38935072
SARS-CoV-2,38381324,MeSH,1629,38381324
Mechanistic Target of Rapamycin Complex 1,38898112,MeSH,1449,38898112
Zebrafish,38898112,MeSH,1709,38898112
Hippocampus,39427320,MeSH,1373,39427320
Amygdala,39427320,MeSH,1167,39427320
Basolateral Nuclear Complex,39427320,MeSH,1196,39427320
"Rats, Sprague-Dawley",39427320,MeSH,1575,39427320
Ventral Striatum,38141909,MeSH,1697,38141909
Biological Ontologies,40417545,MeSH,1199,40417545
Acute Kidney Injury,40417545,MeSH,1150,40417545
"Renal Insufficiency, Chronic",40417545,MeSH,1620,40417545
Birth Weight,39342237,MeSH,1200,39342237
Kinesins,38648082,MeSH,1423,38648082
Taxoids,38648082,MeSH,1672,38648082
Prefrontal Cortex,39530592,MeSH,1544,39530592
Hippocampus,40323260,MeSH,1373,40323260
Cricetinae,38198521,MeSH,1263,38198521
SARS-CoV-2,38198521,MeSH,1629,38198521
BNT162 Vaccine,38198521,MeSH,1194,38198521
Mesocricetus,38198521,MeSH,1456,38198521
Sendai virus,39494910,MeSH,1635,39494910
"Receptors, CCR5",39494910,MeSH,1594,39494910
HIV-1,39494910,MeSH,1361,39494910
Exosomes,39625409,MeSH,1323,39625409
Gene Ontology,38221536,MeSH,1338,38221536
"Databases, Factual",38221536,MeSH,1284,38221536
Logistic Models,39648751,MeSH,1432,39648751
Polypharmacy,38941059,MeSH,1536,38941059
Ubiquitination,38354782,MeSH,1691,38354782
Microsatellite Repeats,39875385,MeSH,1468,39875385
DNA Repeat Expansion,39875385,MeSH,1282,39875385
Electronic Health Records,40203750,MeSH,1306,40203750
SARS-CoV-2,40037553,MeSH,1629,40037553
HIV-1,39380992,MeSH,1361,39380992
HIV Antibodies,39380992,MeSH,1358,39380992
HIV Envelope Protein gp120,39380992,MeSH,1359,39380992
HIV Envelope Protein gp160,39380992,MeSH,1360,39380992
"Mice, Inbred BALB C",39380992,MeSH,1462,39380992
Neurofibrillary Tangles,37777848,MeSH,1492,37777848
Hippocampus,37777848,MeSH,1373,37777848
Electronic Health Records,39054313,MeSH,1306,39054313
Genetic Risk Score,39054313,MeSH,1341,39054313
Ovarian Neoplasms,39630912,MeSH,1505,39630912
Swine,38429282,MeSH,1663,38429282
Podocytes,38031730,MeSH,1528,38031730
"Polycystic Kidney, Autosomal Dominant",38621633,MeSH,1533,38621633
Drosophila,38135180,MeSH,1298,38135180
Histone Acetyltransferases,38135180,MeSH,1374,38135180
Nucleosomes,38135180,MeSH,1499,38135180
Tudor Domain,38135180,MeSH,1689,38135180
Randomized Controlled Trials as Topic,38432086,MeSH,1572,38432086
HIV-1,39889907,MeSH,1361,39889907
HIV Antibodies,39889907,MeSH,1358,39889907
Anti-HIV Agents,39889907,MeSH,1172,39889907
"env Gene Products, Human Immunodeficiency Virus",39889907,MeSH,1715,39889907
Immunoglobulin G,39889907,MeSH,1389,39889907
Chromatin,37615890,MeSH,1242,37615890
"Receptors, CCR1",39395421,MeSH,1593,39395421
"Receptors, CCR5",39395421,MeSH,1594,39395421
Brentuximab Vedotin,38934093,MeSH,1205,38934093
Nivolumab,38934093,MeSH,1497,38934093
Ipilimumab,38934093,MeSH,1414,38934093
Biological Ontologies,40592888,MeSH,1199,40592888
Atlases as Topic,40592888,MeSH,1190,40592888
Severity of Illness Index,39247957,MeSH,1637,39247957
"Tomography, Emission-Computed, Single-Photon",39247957,MeSH,1682,39247957
Computed Tomography Angiography,39247957,MeSH,1258,39247957
Protein Glutamine gamma Glutamyltransferase 2,39779849,MeSH,1554,39779849
Histone-Lysine N-Methyltransferase,39779849,MeSH,1377,39779849
Chromatin,39779849,MeSH,1242,39779849
Severity of Illness Index,38916482,MeSH,1637,38916482
Chalcones,38916482,MeSH,1236,38916482
Erythropoietin,38672425,MeSH,1321,38672425
Clustered Regularly Interspaced Short Palindromic Repeats,40308216,MeSH,1255,40308216
Mass Screening,38437642,MeSH,1445,38437642
Cell Nucleus,40589943,MeSH,1232,40589943
Flow Cytometry,40589943,MeSH,1327,40589943
Pan troglodytes,40589943,MeSH,1512,40589943
Primates,40589943,MeSH,1547,40589943
CD8-Positive T-Lymphocytes,38448581,MeSH,1213,38448581
"T-Lymphocytes, Regulatory",38448581,MeSH,1668,38448581
T Follicular Helper Cells,38448581,MeSH,1665,38448581
B-Lymphocytes,38448581,MeSH,1193,38448581
Lymphocytic choriomeningitis virus,38448581,MeSH,1437,38448581
Caspases,38419122,MeSH,1226,38419122
Heme,38888238,MeSH,1370,38888238
B-Lymphocytes,39854479,MeSH,1193,39854479
"Hemagglutinin Glycoproteins, Influenza Virus",39854479,MeSH,1369,39854479
"Influenza A Virus, H5N1 Subtype",39854479,MeSH,1399,39854479
"Influenza A Virus, H1N1 Subtype",39854479,MeSH,1396,39854479
Cyclin-Dependent Kinase 4,39885369,MeSH,1270,39885369
Cyclin-Dependent Kinase 6,39885369,MeSH,1271,39885369
Bilirubin,39969536,MeSH,1198,39969536
Reticulocyte Count,39969536,MeSH,1624,39969536
Chromatin,38042369,MeSH,1242,38042369
"Genes, myc",38042369,MeSH,1339,38042369
Neurofibrillary Tangles,39417691,MeSH,1492,39417691
Anus Neoplasms,39539035,MeSH,1181,39539035
Papillomavirus Infections,39539035,MeSH,1513,39539035
Mass Screening,39539035,MeSH,1445,39539035
Protease La,39506104,MeSH,1552,39506104
Clustered Regularly Interspaced Short Palindromic Repeats,39506104,MeSH,1255,39506104
Chromatin,39962241,MeSH,1242,39962241
"Enhancer Elements, Genetic",39962241,MeSH,1314,39962241
Cerebellum,39378335,MeSH,1233,39378335
Trinucleotide Repeat Expansion,39378335,MeSH,1688,39378335
Birth Weight,40544343,MeSH,1200,40544343
SARS-CoV-2,39367276,MeSH,1629,39367276
Jumonji Domain-Containing Histone Demethylases,38819218,MeSH,1417,38819218
DEAD-box RNA Helicases,38976626,MeSH,1278,38976626
Cathepsin D,39621511,MeSH,1228,39621511
Neurofibrillary Tangles,39621511,MeSH,1492,39621511
"Databases, Factual",40346726,MeSH,1284,40346726
Leucine-Rich Repeat Serine-Threonine Protein Kinase-2,38741190,MeSH,1428,38741190
Adiposity,39986430,MeSH,1156,39986430
Waist Circumference,39986430,MeSH,1702,39986430
"Receptors, Dopamine D1",38705568,MeSH,1598,38705568
Dopamine,38705568,MeSH,1295,38705568
"Receptors, Oxytocin",38705568,MeSH,1613,38705568
Nucleus Accumbens,38705568,MeSH,1500,38705568
Follow-Up Studies,38973768,MeSH,1329,38973768
"Kidney Failure, Chronic",38973768,MeSH,1421,38973768
"Databases, Factual",38780681,MeSH,1284,38780681
"Dementia, Vascular",38780681,MeSH,1289,38780681
Follicle Stimulating Hormone,39892305,MeSH,1328,39892305
"Promoter Regions, Genetic",39578476,MeSH,1550,39578476
Chromatin,39578476,MeSH,1242,39578476
"Enhancer Elements, Genetic",39578476,MeSH,1314,39578476
Atlases as Topic,39578476,MeSH,1190,39578476
Dorsolateral Prefrontal Cortex,39402051,MeSH,1297,39402051
Prefrontal Cortex,39402051,MeSH,1544,39402051
SARS-CoV-2,38112467,MeSH,1629,38112467
"Spike Glycoprotein, Coronavirus",38112467,MeSH,1651,38112467
"Lymphoma, Large B-Cell, Diffuse",38504387,MeSH,1439,38504387
Pathologic Complete Response,38504387,MeSH,1517,38504387
"Immunotherapy, Adoptive",38504387,MeSH,1393,38504387
Small Cell Lung Carcinoma,38533509,MeSH,1642,38533509
"Carcinoma, Non-Small-Cell Lung",38533509,MeSH,1218,38533509
Etoposide,38533509,MeSH,1322,38533509
Amygdala,39939764,MeSH,1167,39939764
Sodium-Hydrogen Exchangers,40235211,MeSH,1646,40235211
Sodium-Bicarbonate Symporters,40235211,MeSH,1644,40235211
Birth Weight,39647686,MeSH,1200,39647686
Hot Temperature,39647686,MeSH,1379,39647686
Memory T Cells,38953250,MeSH,1455,38953250
"Immunoglobulin A, Secretory",38953250,MeSH,1386,38953250
Mitochondria,38946206,MeSH,1471,38946206
Erythroblasts,38946206,MeSH,1320,38946206
"Anti-Inflammatory Agents, Non-Steroidal",37594625,MeSH,1173,37594625
Positron-Emission Tomography,38753456,MeSH,1542,38753456
Prefrontal Cortex,38753456,MeSH,1544,38753456
Amygdala,38753456,MeSH,1167,38753456
DEAD-box RNA Helicases,39878593,MeSH,1278,39878593
Cerebral Cortex,39878593,MeSH,1235,39878593
Chicago,40250593,MeSH,1238,40250593
Mass Screening,38888723,MeSH,1445,38888723
UK Biobank,39799755,MeSH,1690,39799755
"Databases, Protein",39122950,MeSH,1286,39122950
Mitochondria,39324415,MeSH,1471,39324415
Genetic Risk Score,38123642,MeSH,1341,38123642
beta-Defensins,37557898,MeSH,1712,37557898
Microbiota,37557898,MeSH,1467,37557898
SARS-CoV-2,38522364,MeSH,1629,38522364
Birth Weight,38522364,MeSH,1200,38522364
"Lymphoma, T-Cell, Cutaneous",39133553,MeSH,1440,39133553
"Receptors, Antigen, T-Cell, gamma-delta",39133553,MeSH,1592,39133553
CD4-Positive T-Lymphocytes,39133553,MeSH,1211,39133553
CD8-Positive T-Lymphocytes,39133553,MeSH,1213,39133553
Mycosis Fungoides,39133553,MeSH,1480,39133553
Medicare Part C,38506841,MeSH,1451,38506841
Cerebral Cortex,38781390,MeSH,1235,38781390
Chromatin,38781390,MeSH,1242,38781390
"Enhancer Elements, Genetic",38781390,MeSH,1314,38781390
"Promoter Regions, Genetic",38781390,MeSH,1550,38781390
"Regulatory Elements, Transcriptional",38781390,MeSH,1619,38781390
HIV-1,39599911,MeSH,1361,39599911
Mitochondria,39599911,MeSH,1471,39599911
DNA Methyltransferase 3A,39236155,MeSH,1281,39236155
Interleukin-1alpha,39236155,MeSH,1407,39236155
Interleukin-1beta,39236155,MeSH,1408,39236155
Mitochondria,40447571,MeSH,1471,40447571
Ribosomes,40447571,MeSH,1626,40447571
Stearoyl-CoA Desaturase,37694774,MeSH,1654,37694774
SARS-CoV-2,39095048,MeSH,1629,39095048
"Tomography, X-Ray Computed",40392085,MeSH,1683,40392085
Weight Loss,38262614,MeSH,1703,38262614
"Immunotherapy, Adoptive",38635762,MeSH,1393,38635762
"Lymphoma, Large B-Cell, Diffuse",38635762,MeSH,1439,38635762
Mitochondria,40198127,MeSH,1471,40198127
Acute Kidney Injury,40198127,MeSH,1150,40198127
"Mice, Inbred DBA",39730457,MeSH,1463,39730457
Interleukin-1beta,39381946,MeSH,1408,39381946
"Glomerulonephritis, IGA",37657635,MeSH,1344,37657635
"Glomerulonephritis, Membranous",37657635,MeSH,1346,37657635
"Glomerulosclerosis, Focal Segmental",37657635,MeSH,1347,37657635
"Nephrosis, Lipoid",37657635,MeSH,1490,37657635
Large Language Models,39675178,MeSH,1425,39675178
Anus Neoplasms,38837335,MeSH,1181,38837335
SEER Program,38837335,MeSH,1630,38837335
Cost of Illness,38837335,MeSH,1262,38837335
HIV-1,38793575,MeSH,1361,38793575
fms-Like Tyrosine Kinase 3,39167766,MeSH,1716,39167766
Drosophila melanogaster,38885804,MeSH,1299,38885804
Drosophila,38885804,MeSH,1298,38885804
Histone-Lysine N-Methyltransferase,38796700,MeSH,1377,38796700
ADP-Ribosylation Factors,38816950,MeSH,1145,38816950
Hydroxycholesterols,38816950,MeSH,1382,38816950
Steroid Hydroxylases,38816950,MeSH,1655,38816950
SARS-CoV-2,39358346,MeSH,1629,39358346
Acute Kidney Injury,39742871,MeSH,1150,39742871
"Rats, Sprague-Dawley",39868756,MeSH,1575,39868756
Ataxia Telangiectasia Mutated Proteins,39331709,MeSH,1189,39331709
Small Cell Lung Carcinoma,39331709,MeSH,1642,39331709
"Killer Cells, Natural",40216768,MeSH,1422,40216768
"Tomography, X-Ray Computed",39516256,MeSH,1683,39516256
Text Messaging,37933143,MeSH,1676,37933143
Protein Serine-Threonine Kinases,38117250,MeSH,1556,38117250
Mineralocorticoid Receptor Antagonists,38570632,MeSH,1470,38570632
Chromatin,40252649,MeSH,1242,40252649
Follow-Up Studies,39147201,MeSH,1329,39147201
"Kidney Failure, Chronic",39147201,MeSH,1421,39147201
Electronic Health Records,40270399,MeSH,1306,40270399
Medical Record Linkage,40270399,MeSH,1450,40270399
Polypodiaceae,38238355,MeSH,1537,38238355
Polypodium,38238355,MeSH,1538,38238355
"Tomography, X-Ray Computed",38323785,MeSH,1683,38323785
Microbiota,38177508,MeSH,1467,38177508
Electronic Health Records,39744833,MeSH,1306,39744833
Ventral Tegmental Area,40262615,MeSH,1698,40262615
Interpeduncular Nucleus,40262615,MeSH,1411,40262615
"Receptors, Nicotinic",40262615,MeSH,1609,40262615
Nicotinic Agonists,40262615,MeSH,1494,40262615
Diffusion Tensor Imaging,39693067,MeSH,1291,39693067
Frontal Lobe,39693067,MeSH,1330,39693067
Cyclin-Dependent Kinases,39097586,MeSH,1275,39097586
Cyclin-Dependent Kinase-Activating Kinase,39097586,MeSH,1274,39097586
RNA Polymerase II,39097586,MeSH,1569,39097586
Protein Domains,39097586,MeSH,1553,39097586
Immunoglobulin G,39937896,MeSH,1389,39937896
Immunoglobulin A,39937896,MeSH,1385,39937896
Gastrointestinal Microbiome,39937896,MeSH,1334,39937896
Programmed Cell Death 1 Receptor,39937896,MeSH,1549,39937896
B-Lymphocytes,39937896,MeSH,1193,39937896
"Antibodies, Bacterial",39937896,MeSH,1174,39937896
Xenopus laevis,39951022,MeSH,1708,39951022
Glioblastoma,38811170,MeSH,1342,38811170
Interleukin-1 Receptor-Like 1 Protein,38548227,MeSH,1406,38548227
Proteogenomics,38703764,MeSH,1560,38703764
"Carcinoma, Renal Cell",38703764,MeSH,1219,38703764
Histone-Lysine N-Methyltransferase,40044670,MeSH,1377,40044670
Nucleosomes,40044670,MeSH,1499,40044670
Protein Domains,40044670,MeSH,1553,40044670
Endometrial Neoplasms,40010771,MeSH,1309,40010771
Nivolumab,40010771,MeSH,1497,40010771
Acute Kidney Injury,38730421,MeSH,1150,38730421
Hospital Mortality,38730421,MeSH,1378,38730421
Protein Domains,40473611,MeSH,1553,40473611
"Carcinoma, Non-Small-Cell Lung",38057662,MeSH,1218,38057662
CD8-Positive T-Lymphocytes,38057662,MeSH,1213,38057662
"Lymphocytes, Tumor-Infiltrating",38057662,MeSH,1436,38057662
Programmed Cell Death 1 Receptor,38057662,MeSH,1549,38057662
Ovarian Neoplasms,40062614,MeSH,1505,40062614
Immunoglobulin G,39080486,MeSH,1389,39080486
"Antibodies, Fungal",39080486,MeSH,1175,39080486
Immunoglobulin Fc Fragments,39080486,MeSH,1388,39080486
"Receptors, Dopamine D1",38134921,MeSH,1598,38134921
Nucleus Accumbens,38134921,MeSH,1500,38134921
"Mice, Inbred BALB C",39921982,MeSH,1462,39921982
SARS-CoV-2,39921982,MeSH,1629,39921982
BNT162 Vaccine,39921982,MeSH,1194,39921982
Cerebral Amyloid Angiopathy,38353367,MeSH,1234,38353367
SARS-CoV-2,39488529,MeSH,1629,39488529
Granzymes,39137883,MeSH,1353,39137883
Salmonella typhimurium,39137883,MeSH,1633,39137883
Intraepithelial Lymphocytes,39137883,MeSH,1412,39137883
Glycogen Synthase Kinase 3 beta,39814010,MeSH,1351,39814010
"Receptor, Transforming Growth Factor-beta Type II",39378878,MeSH,1587,39378878
"Receptors, Transforming Growth Factor beta",39378878,MeSH,1615,39378878
Genetic Risk Score,37962879,MeSH,1341,37962879
"Renal Insufficiency, Chronic",37962879,MeSH,1620,37962879
Rana catesbeiana,40274765,MeSH,1571,40274765
Voltage-Gated Sodium Channels,40274765,MeSH,1701,40274765
"Tomography, X-Ray Computed",38095275,MeSH,1683,38095275
"Hemagglutinin Glycoproteins, Influenza Virus",38889725,MeSH,1369,38889725
Ducks,38889725,MeSH,1301,38889725
N-Acetylneuraminic Acid,38889725,MeSH,1482,38889725
Nuclear Pore,38507240,MeSH,1498,38507240
SARS-CoV-2,38507240,MeSH,1629,38507240
Sus scrofa,37022610,MeSH,1662,37022610
Genetic Risk Score,38374346,MeSH,1341,38374346
"Tomography, X-Ray Computed",38945743,MeSH,1683,38945743
Gastrointestinal Microbiome,40343485,MeSH,1334,40343485
DEAD-box RNA Helicases,40374608,MeSH,1278,40374608
Cell Nucleolus,40374608,MeSH,1231,40374608
Protein Serine-Threonine Kinases,38648902,MeSH,1556,38648902
Unfolded Protein Response,38648902,MeSH,1693,38648902
SARS-CoV-2,38648902,MeSH,1629,38648902
Mesocricetus,38648902,MeSH,1456,38648902
Macaca mulatta,40180571,MeSH,1443,40180571
Hippocampus,40180571,MeSH,1373,40180571
Amygdala,40180571,MeSH,1167,40180571
Macaca mulatta,39293441,MeSH,1443,39293441
Frontal Lobe,39293441,MeSH,1330,39293441
Prefrontal Cortex,39293441,MeSH,1544,39293441
Nucleus Accumbens,38626009,MeSH,1500,38626009
Chromatin,38626009,MeSH,1242,38626009
CD8-Positive T-Lymphocytes,39560425,MeSH,1213,39560425
"Enhancer Elements, Genetic",40186057,MeSH,1314,40186057
Positive Transcriptional Elongation Factor B,40186057,MeSH,1540,40186057
Cyclin-Dependent Kinase 9,40186057,MeSH,1273,40186057
"Killer Cells, Natural",38776911,MeSH,1422,38776911
TOR Serine-Threonine Kinases,39837324,MeSH,1669,39837324
"Cyclic Nucleotide Phosphodiesterases, Type 1",39058595,MeSH,1269,39058595
Corpus Striatum,39058595,MeSH,1260,39058595
Cyclic GMP,39058595,MeSH,1268,39058595
Intraepithelial Lymphocytes,40117343,MeSH,1412,40117343
"Receptors, Antigen, T-Cell, gamma-delta",40117343,MeSH,1592,40117343
Antipsychotic Agents,38168118,MeSH,1180,38168118
Pick Disease of the Brain,38520489,MeSH,1522,38520489
Respiratory Syncytial Virus Infections,38289826,MeSH,1623,38289826
SARS-CoV-2,38230954,MeSH,1629,38230954
Angiotensin-Converting Enzyme 2,38230954,MeSH,1170,38230954
Deer,38230954,MeSH,1288,38230954
Cannabis,39459844,MeSH,1216,39459844
"Databases, Factual",38216374,MeSH,1284,38216374
Persea,38871332,MeSH,1520,38871332
Histone Acetyltransferases,39716936,MeSH,1374,39716936
"Glomerulosclerosis, Focal Segmental",38697478,MeSH,1347,38697478
Podocytes,38697478,MeSH,1528,38697478
"Renal Insufficiency, Chronic",38640019,MeSH,1620,38640019
Gaucher Disease,38285963,MeSH,1336,38285963
SARS-CoV-2,37948759,MeSH,1629,37948759
Colonoscopy,38969076,MeSH,1257,38969076
Gastrointestinal Microbiome,38969076,MeSH,1334,38969076
B-Lymphocyte Subsets,39003573,MeSH,1192,39003573
Immunoglobulin E,39003573,MeSH,1387,39003573
Severity of Illness Index,39003573,MeSH,1637,39003573
Flow Cytometry,39003573,MeSH,1327,39003573
Hippocampus,38852158,MeSH,1373,38852158
Dentate Gyrus,38852158,MeSH,1290,38852158
Chromatin,38781369,MeSH,1242,38781369
Prefrontal Cortex,38781369,MeSH,1544,38781369
SARS-CoV-2,39303682,MeSH,1629,39303682
Swine,39617804,MeSH,1663,39617804
Polychlorinated Biphenyls,38056610,MeSH,1530,38056610
Halogenated Diphenyl Ethers,38056610,MeSH,1363,38056610
Los Angeles,39138494,MeSH,1433,39138494
8-Hydroxy-2'-Deoxyguanosine,39138494,MeSH,1144,39138494
Interleukin-1beta,39515317,MeSH,1408,39515317
"Databases, Factual",38643247,MeSH,1284,38643247
Prostate-Specific Antigen,39505858,MeSH,1551,39505858
Kallikreins,39505858,MeSH,1418,39505858
"Chromosomes, Human, Pair 19",39505858,MeSH,1248,39505858
Leucine-Rich Repeat Serine-Threonine Protein Kinase-2,39692283,MeSH,1428,39692283
Ketamine,38864154,MeSH,1420,38864154
Mobiluncus,38514622,MeSH,1475,38514622
"Renal Insufficiency, Chronic",38570905,MeSH,1620,38570905
SARS-CoV-2,38768348,MeSH,1629,38768348
Cell Nucleus,38768348,MeSH,1232,38768348
Chlorocebus aethiops,38768348,MeSH,1241,38768348
Swine,38457313,MeSH,1663,38457313
Adiposity,38759779,MeSH,1156,38759779
Interferon-gamma,38838223,MeSH,1405,38838223
SARS-CoV-2,38838223,MeSH,1629,38838223
T-Lymphocytes,39743591,MeSH,1666,39743591
STAT1 Transcription Factor,39743591,MeSH,1631,39743591
B-Lymphocytes,39743591,MeSH,1193,39743591
Histone-Lysine N-Methyltransferase,40328756,MeSH,1377,40328756
Hippocampus,40328756,MeSH,1373,40328756
Neurofibrillary Tangles,40328756,MeSH,1492,40328756
Immunoglobulin E,39389123,MeSH,1387,39389123
T Follicular Helper Cells,39389123,MeSH,1665,39389123
TOR Serine-Threonine Kinases,40065072,MeSH,1669,40065072
Hot Temperature,40401624,MeSH,1379,40401624
Anus Neoplasms,38630441,MeSH,1181,38630441
Papillomavirus Infections,38630441,MeSH,1513,38630441
"Renal Insufficiency, Chronic",38705774,MeSH,1620,38705774
Mineralocorticoid Receptor Antagonists,38705774,MeSH,1470,38705774
Randomized Controlled Trials as Topic,38168662,MeSH,1572,38168662
Positron Emission Tomography Computed Tomography,37951322,MeSH,1541,37951322
"Tomography, X-Ray Computed",37951322,MeSH,1683,37951322
"Tomography, X-Ray Computed",38454761,MeSH,1683,38454761
T-Lymphocytes,39615218,MeSH,1666,39615218
"Antibodies, Monoclonal, Humanized",39036987,MeSH,1176,39036987
Memory B Cells,39036987,MeSH,1454,39036987
SARS-CoV-2,39036987,MeSH,1629,39036987
"Spike Glycoprotein, Coronavirus",39036987,MeSH,1651,39036987
"Renal Insufficiency, Chronic",40358510,MeSH,1620,40358510
Acute Kidney Injury,40358510,MeSH,1150,40358510
Nucleus Accumbens,39369762,MeSH,1500,39369762
Immunoglobulin A,39089348,MeSH,1385,39089348
"Tomography, X-Ray Computed",38631773,MeSH,1683,38631773
Positron-Emission Tomography,38631773,MeSH,1542,38631773
"Codon, Nonsense",38748723,MeSH,1256,38748723
Chromatin,40393809,MeSH,1242,40393809
Datasets as Topic,38666756,MeSH,1287,38666756
Severity of Illness Index,39394362,MeSH,1637,39394362
Ovarian Neoplasms,39509704,MeSH,1505,39509704
Janus Kinase 1,38563820,MeSH,1415,38563820
Frontal Lobe,39292771,MeSH,1330,39292771
Proto-Oncogene Proteins B-raf,38501390,MeSH,1561,38501390
Protocadherins,38373106,MeSH,1566,38373106
Ventromedial Hypothalamic Nucleus,39010139,MeSH,1699,39010139
Cardiometabolic Risk Factors,39308203,MeSH,1221,39308203
"Chromosomes, Human, X",39167997,MeSH,1250,39167997
"Receptor, Fibroblast Growth Factor, Type 1",38834239,MeSH,1583,38834239
"Antidepressive Agents, Second-Generation",38863233,MeSH,1177,38863233
Hendra Virus,38426726,MeSH,1371,38426726
Henipavirus,38426726,MeSH,1372,38426726
Nipah Virus,38426726,MeSH,1495,38426726
Prostate-Specific Antigen,39930085,MeSH,1551,39930085
Mitochondria,39630236,MeSH,1471,39630236
DEAD-box RNA Helicases,39828505,MeSH,1278,39828505
Epithelial Sodium Channels,38153852,MeSH,1317,38153852
B-Lymphocytes,40237455,MeSH,1193,40237455
ras Proteins,39478230,MeSH,1719,39478230
Interleukin-1beta,39232165,MeSH,1408,39232165
"Melanoma, Experimental",39085390,MeSH,1453,39085390
Cullin Proteins,38354780,MeSH,1266,38354780
Suramin,38354780,MeSH,1660,38354780
Ubiquitination,38354780,MeSH,1691,38354780
SARS-CoV-2,40378209,MeSH,1629,40378209
Chronic Traumatic Encephalopathy,39737785,MeSH,1252,39737785
Neurofibrillary Tangles,39737785,MeSH,1492,39737785
Hippocampus,39737785,MeSH,1373,39737785
SARS-CoV-2,36781160,MeSH,1629,36781160
SARS-CoV-2,40038251,MeSH,1629,40038251
"Spike Glycoprotein, Coronavirus",40038251,MeSH,1651,40038251
T-Lymphocytes,40038251,MeSH,1666,40038251
Adrenocorticotropic Hormone,39096452,MeSH,1160,39096452
Oximetry,38461101,MeSH,1507,38461101
Chromatin,38971398,MeSH,1242,38971398
Psilocybin,38284341,MeSH,1568,38284341
Ketamine,38351270,MeSH,1420,38351270
Prefrontal Cortex,38351270,MeSH,1544,38351270
"Inositol 1,4,5-Trisphosphate Receptors",39680037,MeSH,1400,39680037
Insulin,38064570,MeSH,1402,38064570
Microbiota,38705650,MeSH,1467,38705650
Gastrointestinal Microbiome,38705650,MeSH,1334,38705650
Lactobacillus,38705650,MeSH,1424,38705650
Medicare Part C,38408083,MeSH,1451,38408083
"Aphasia, Primary Progressive",39018014,MeSH,1183,39018014
Severity of Illness Index,39572132,MeSH,1637,39572132
Gyrus Cinguli,37610594,MeSH,1357,37610594
Electronic Health Records,39698805,MeSH,1306,39698805
"Mitochondria, Heart",39680452,MeSH,1472,39680452
"Rats, Sprague-Dawley",39680452,MeSH,1575,39680452
Sodium-Glucose Transporter 2,39680452,MeSH,1645,39680452
Methicillin-Resistant Staphylococcus aureus,39320087,MeSH,1457,39320087
Prefrontal Cortex,38332016,MeSH,1544,38332016
"Analgesics, Opioid",38332016,MeSH,1168,38332016
Aldehyde Reductase,38394643,MeSH,1163,38394643
Enhancer of Zeste Homolog 2 Protein,38295690,MeSH,1315,38295690
5R01DK046865-31,39017846,Awards,1,39017846
1F31AR082689-01A1,38971398,Awards,4,38971398
1R01HL173318-01,39836238,Awards,5,39836238
1R01HL175488-01,39836238,Awards,6,39836238
1R01AG089916-01,40166016,Awards,7,40166016
5P30AR079200-04,40252649,Awards,8,40252649
5P30AR079200-04,40139648,Awards,8,40139648
5P30AR079200-04,39975057,Awards,8,39975057
5P30AR079200-04,39955307,Awards,8,39955307
5P30AR079200-04,39229151,Awards,8,39229151
5P30AR079200-04,39149265,Awards,8,39149265
5P30AR079200-04,38971398,Awards,8,38971398
5P30AR079200-04,38814244,Awards,8,38814244
5P30AR079200-04,38772365,Awards,8,38772365
5P30AR079200-04,38744503,Awards,8,38744503
5P30AR079200-04,38679196,Awards,8,38679196
5P30AR079200-04,38375886,Awards,8,38375886
5P30AR079200-04,38319712,Awards,8,38319712
5P30AR079200-04,38241368,Awards,8,38241368
5P30AR079200-04,38194909,Awards,8,38194909
5P30AR079200-04,38134932,Awards,8,38134932
5P30AR079200-04,38049071,Awards,8,38049071
5P30AR079200-04,37984799,Awards,8,37984799
5P30AR079200-04,37742913,Awards,8,37742913
5P30AR079200-04,37615890,Awards,8,37615890
3R01AR069078-10S1,38971398,Awards,9,38971398
3R01AR069078-10S1,38194909,Awards,9,38194909
3R01AR069078-10S1,37615890,Awards,9,37615890
5K99AR082956-02,38971398,Awards,10,38971398
5R01CA205975-08,38946206,Awards,11,38946206
5R01HL136255-06,38946206,Awards,12,38946206
5R01HL161567-03,38946206,Awards,13,38946206
5R01AR070231-09,39913302,Awards,14,39913302
5R01AR070231-09,38842166,Awards,14,38842166
5R01AR070231-09,38456551,Awards,14,38456551
1R21AR084632-01,39913302,Awards,15,39913302
3R01DE024748-08S1,39913302,Awards,16,39913302
5R01AR081322-03,39955307,Awards,18,39955307
5R01AR081322-03,39149265,Awards,18,39149265
5R01AR081322-03,38679196,Awards,18,38679196
5R35GM127103-07,38885804,Awards,21,38885804
5R35GM127103-07,38870008,Awards,21,38870008
1R35GM152236-01,40161787,Awards,23,40161787
5R35GM122492-08,39951022,Awards,27,39951022
5R35GM122492-08,39868253,Awards,27,39868253
1R01HL172940-01,39652739,Awards,28,39652739
1R01EB035491-01,39652739,Awards,29,39652739
1F31CA280993-01A1,38971398,Awards,30,38971398
5F31HD112158-02,38898112,Awards,31,38898112
5F31HD112158-02,38328218,Awards,31,38328218
5R21AI169516-02,39365995,Awards,32,39365995
5R01HD100518-05,39365995,Awards,33,39365995
5K01HL150318-05,39820689,Awards,34,39820689
5K01HL150318-05,39284154,Awards,34,39284154
5K01HL150318-05,38215713,Awards,34,38215713
5K01HL150318-05,37883900,Awards,34,37883900
7R01DK134773-02,40166016,Awards,40,40166016
7R01DK134773-02,40132579,Awards,40,40132579
7R01DK134773-02,38134932,Awards,40,38134932
5R01AR077183-06,40166016,Awards,41,40166016
5R01AR077183-06,40132579,Awards,41,40132579
5R01AR077183-06,38134932,Awards,41,38134932
5R01AR077183-06,37962791,Awards,41,37962791
5K08CA263187-04,40267702,Awards,43,40267702
5K08CA263187-04,40037497,Awards,43,40037497
5K08CA263187-04,39225095,Awards,43,39225095
5K08CA263187-04,37984799,Awards,43,37984799
1R01DK141106-01,40166016,Awards,44,40166016
1R01DK141106-01,40132579,Awards,44,40132579
5R01AR077007-04,40326866,Awards,45,40326866
5R01AR077007-04,40166016,Awards,45,40166016
5R01AR077007-04,40132579,Awards,45,40132579
5R01AR077007-04,39989951,Awards,45,39989951
5R01AR077007-04,39968019,Awards,45,39968019
5R01AR077007-04,38712036,Awards,45,38712036
5R01AR077007-04,38134932,Awards,45,38134932
5R01AR077007-04,37984799,Awards,45,37984799
5T32AR082315-02,39003573,Awards,46,39003573
1K08HL169980-01A1,40165309,Awards,47,40165309
1K08HL169980-01A1,39993863,Awards,47,39993863
1K08HL169980-01A1,39968791,Awards,47,39968791
1K08HL169980-01A1,39675178,Awards,47,39675178
1K08HL169980-01A1,39475815,Awards,47,39475815
3U54CA267776-03S1,40272393,Awards,48,40272393
3U54CA267776-03S1,40237455,Awards,48,40237455
3U54CA267776-03S1,40216768,Awards,48,40216768
3U54CA267776-03S1,40161664,Awards,48,40161664
3U54CA267776-03S1,39835789,Awards,48,39835789
3U54CA267776-03S1,39652739,Awards,48,39652739
3U54CA267776-03S1,39071292,Awards,48,39071292
3U54CA267776-03S1,39036987,Awards,48,39036987
3U54CA267776-03S1,38853915,Awards,48,38853915
3U54CA267776-03S1,38641749,Awards,48,38641749
5U01HL167036-02,38746469,Awards,49,38746469
5R01HL159116-03,39854010,Awards,50,39854010
5R01HL159116-03,39553865,Awards,50,39553865
5R01HL159116-03,38746469,Awards,50,38746469
5K01DK131401-03,39116219,Awards,52,39116219
3R01DA048009-05S1,40662447,Awards,53,40662447
3R01DA048009-05S1,40492421,Awards,53,40492421
3R01DA048009-05S1,40288941,Awards,53,40288941
3R01DA048009-05S1,39904921,Awards,53,39904921
3R01DA048009-05S1,39729684,Awards,53,39729684
3R01DA048009-05S1,39668570,Awards,53,39668570
3R01DA048009-05S1,39270332,Awards,53,39270332
3R01DA048009-05S1,39194962,Awards,53,39194962
3R01DA048009-05S1,39161754,Awards,53,39161754
3R01DA048009-05S1,38863233,Awards,53,38863233
5R01DA055533-03,39134444,Awards,54,39134444
5T32HL160513-03,40402351,Awards,55,40402351
5T32HL160513-03,40377768,Awards,55,40377768
5T32HL160513-03,39992036,Awards,55,39992036
5T32HL160513-03,38890400,Awards,55,38890400
5T32HL160513-03,38078994,Awards,55,38078994
1K23MH136923-01,40503872,Awards,57,40503872
1K23MH136923-01,39990586,Awards,57,39990586
5R01CA248981-04,39321451,Awards,59,39321451
5R01AT011326-05,39481380,Awards,60,39481380
5R01AT011326-05,39378878,Awards,60,39378878
1R01DK138025-01,40038251,Awards,61,40038251
1R01DK138025-01,39763831,Awards,61,39763831
5UM1AI173380-02,39530396,Awards,62,39530396
5UM1AI173380-02,38295882,Awards,62,38295882
5UM1AI173380-02,38284919,Awards,62,38284919
5R35GM124836-07,40551016,Awards,63,40551016
5R35GM124836-07,40272416,Awards,63,40272416
5R35GM124836-07,40065360,Awards,63,40065360
5R35GM124836-07,39982391,Awards,63,39982391
5R35GM124836-07,39896457,Awards,63,39896457
5R35GM124836-07,39799755,Awards,63,39799755
5R35GM124836-07,39657681,Awards,63,39657681
5R35GM124836-07,39406732,Awards,63,39406732
5R35GM124836-07,39384761,Awards,63,39384761
5R35GM124836-07,39233338,Awards,63,39233338
5R35GM124836-07,39185915,Awards,63,39185915
5R35GM124836-07,38906208,Awards,63,38906208
5R35GM124836-07,38862854,Awards,63,38862854
5R35GM124836-07,38737007,Awards,63,38737007
5R35GM124836-07,38642551,Awards,63,38642551
5R35GM124836-07,38172303,Awards,63,38172303
5R35GM124836-07,38095106,Awards,63,38095106
3R01HL155915-04S1,40481318,Awards,64,40481318
3R01HL155915-04S1,39558090,Awards,64,39558090
3R01HL155915-04S1,39384761,Awards,64,39384761
3R01HL155915-04S1,39233338,Awards,64,39233338
3R01HL155915-04S1,39181999,Awards,64,39181999
3R01HL155915-04S1,38925729,Awards,64,38925729
3R01HL155915-04S1,38862854,Awards,64,38862854
3R01HL155915-04S1,38737007,Awards,64,38737007
3R01HL155915-04S1,38687616,Awards,64,38687616
3R01HL155915-04S1,38172303,Awards,64,38172303
3R01HL155915-04S1,38156471,Awards,64,38156471
3R35GM144117-04S1,40368188,Awards,65,40368188
3R35GM144117-04S1,40349174,Awards,65,40349174
3R35GM144117-04S1,40317512,Awards,65,40317512
3R35GM144117-04S1,40038251,Awards,65,40038251
3R35GM144117-04S1,39962245,Awards,65,39962245
3R35GM144117-04S1,38771877,Awards,65,38771877
3R35GM144117-04S1,38272900,Awards,65,38272900
3R01AI174902-02S1,39951545,Awards,66,39951545
3R01DK112978-06S1,39868147,Awards,68,39868147
3R01DK112978-06S1,39666007,Awards,68,39666007
3R01DK112978-06S1,39604726,Awards,68,39604726
2R01DK124133-05,39868147,Awards,69,39868147
2R01DK124133-05,39604726,Awards,69,39604726
5R01MH125579-04,39436220,Awards,70,39436220
5R01MH125579-04,39388546,Awards,70,39388546
5R01MH125579-04,37961635,Awards,70,37961635
5R35GM139655-04,40473611,Awards,71,40473611
5R35GM139655-04,39829898,Awards,71,39829898
5R35GM139655-04,39605700,Awards,71,39605700
5R35GM139655-04,39244607,Awards,71,39244607
5R35GM139655-04,38177508,Awards,71,38177508
5R01AI170112-03,39764102,Awards,72,39764102
5R01AI170112-03,39089348,Awards,72,39089348
1K99HG013547-01,40425378,Awards,73,40425378
1K99HG013547-01,38947033,Awards,73,38947033
5F32AG082483-02,39031528,Awards,74,39031528
5U54NS123746-04,40592257,Awards,75,40592257
5U54NS123746-04,40585105,Awards,75,40585105
5U54NS123746-04,40344390,Awards,75,40344390
5U54NS123746-04,40055946,Awards,75,40055946
5U54NS123746-04,39990495,Awards,75,39990495
5U54NS123746-04,39814010,Awards,75,39814010
5U54NS123746-04,39251599,Awards,75,39251599
5U54NS123746-04,39236079,Awards,75,39236079
5U54NS123746-04,39183196,Awards,75,39183196
5U54NS123746-04,39032719,Awards,75,39032719
5U54NS123746-04,38895329,Awards,75,38895329
5U54NS123746-04,38812061,Awards,75,38812061
5U54NS123746-04,38464214,Awards,75,38464214
5U54NS123746-04,38424454,Awards,75,38424454
5U54NS123746-04,38419122,Awards,75,38419122
5U54NS123746-04,38234807,Awards,75,38234807
5U54NS123746-04,38195580,Awards,75,38195580
5U54NS123746-04,37873080,Awards,75,37873080
5U54NS123746-04,37398204,Awards,75,37398204
5U54NS123746-04,37163077,Awards,75,37163077
5R01AG072489-03,40609535,Awards,76,40609535
5R01AG072489-03,39939753,Awards,76,39939753
5R01AG072489-03,39843911,Awards,76,39843911
5R01AG072489-03,39281867,Awards,76,39281867
5R01AG072489-03,38766127,Awards,76,38766127
5R01AG072489-03,38370645,Awards,76,38370645
5R01DE030596-04,39345948,Awards,77,39345948
5R01HD112518-02,38915184,Awards,78,38915184
5R01HD112518-02,38370847,Awards,78,38370847
5R35GM138113-05,39992227,Awards,79,39992227
5R35GM138113-05,39775839,Awards,79,39775839
5R35GM138113-05,39605415,Awards,79,39605415
5R35GM138113-05,39484404,Awards,79,39484404
5R35GM138113-05,39484366,Awards,79,39484366
5R35GM138113-05,39006413,Awards,79,39006413
5R35GM138113-05,39000484,Awards,79,39000484
5R35GM138113-05,38845745,Awards,79,38845745
5R35GM138113-05,38418871,Awards,79,38418871
5R00AI153530-04,39506104,Awards,80,39506104
3R01CA244948-04S1,39930085,Awards,81,39930085
3R01CA244948-04S1,39505858,Awards,81,39505858
3R01CA244948-04S1,38978663,Awards,81,38978663
3R01CA244948-04S1,38845201,Awards,81,38845201
3R01CA244948-04S1,38772787,Awards,81,38772787
3R01CA244948-04S1,37961155,Awards,81,37961155
5K01NS126736-03,36441429,Awards,83,36441429
5R01HG012773-02,40211055,Awards,85,40211055
5R01HG012773-02,39605697,Awards,85,39605697
5R01HG012773-02,38123642,Awards,85,38123642
5R01MH122866-05,39633571,Awards,86,39633571
5R01MH122866-05,39605697,Awards,86,39605697
5R01MH122866-05,38947033,Awards,86,38947033
5R01MH122866-05,38123642,Awards,86,38123642
5R01HG011407-04,38834572,Awards,87,38834572
5R01HG011407-04,38666756,Awards,87,38666756
5R01HG011407-04,38387571,Awards,87,38387571
5R01HG011407-04,38177352,Awards,87,38177352
4R00AG078503-03,40595462,Awards,88,40595462
4R00AG078503-03,40533324,Awards,88,40533324
4R00AG078503-03,40421744,Awards,88,40421744
4R00AG078503-03,39755697,Awards,88,39755697
4R00AG078503-03,39558002,Awards,88,39558002
4R00AG078503-03,39380377,Awards,88,39380377
4R00AG078503-03,39294497,Awards,88,39294497
4R00AG078503-03,39228734,Awards,88,39228734
4R00AG078503-03,38562880,Awards,88,38562880
4R00AG078503-03,38454550,Awards,88,38454550
4R00AG078503-03,38366106,Awards,88,38366106
4R00AG078503-03,38355787,Awards,88,38355787
4R00AG078503-03,38335780,Awards,88,38335780
4R00AG078503-03,37910111,Awards,88,37910111
5R00LM012992-05,40084623,Awards,89,40084623
5R00LM012992-05,39345488,Awards,89,39345488
5R00LM012992-05,39030733,Awards,89,39030733
5R00LM012992-05,38685113,Awards,89,38685113
5R00LM012992-05,38496501,Awards,89,38496501
5R00LM012992-05,38389099,Awards,89,38389099
5R01AG082185-02,40603300,Awards,92,40603300
5R01AG082185-02,40480991,Awards,92,40480991
5R01AG082185-02,40246882,Awards,92,40246882
5R01AG082185-02,40060050,Awards,92,40060050
5R01AG082185-02,39975411,Awards,92,39975411
5R01AG082185-02,39974071,Awards,92,39974071
5R01AG082185-02,39962241,Awards,92,39962241
5R01AG082185-02,39855972,Awards,92,39855972
5R01AG082185-02,39711543,Awards,92,39711543
5R01AG082185-02,39677435,Awards,92,39677435
5R01AG082185-02,39528718,Awards,92,39528718
5R01AG082185-02,39478215,Awards,92,39478215
5R01AG082185-02,39232162,Awards,92,39232162
5R01AG082185-02,39010139,Awards,92,39010139
5R01AG082185-02,38343831,Awards,92,38343831
5F30MH132324-02,40623285,Awards,95,40623285
5F30MH132324-02,39484441,Awards,95,39484441
5F30MH132324-02,38826319,Awards,95,38826319
5R35GM142918-04,39764102,Awards,96,39764102
5F31MH130122-03,39229156,Awards,98,39229156
5F31MH130122-03,39026810,Awards,98,39026810
5R01HL161365-02,40345666,Awards,100,40345666
5R01HL161365-02,40210679,Awards,100,40210679
5R01HL161365-02,39256359,Awards,100,39256359
5R01HL161365-02,39039281,Awards,100,39039281
5R01HL161365-02,38969303,Awards,100,38969303
5R01HL161365-02,38821540,Awards,100,38821540
5R01HL161365-02,38211685,Awards,100,38211685
5R03HD111492-02,40210679,Awards,101,40210679
5R03HD111492-02,39039281,Awards,101,39039281
5R03HD111492-02,38821540,Awards,101,38821540
5R03HD111492-02,38211685,Awards,101,38211685
5U24CA271114-03,40501705,Awards,102,40501705
5U24CA271114-03,40308216,Awards,102,40308216
5U24CA271114-03,40133794,Awards,102,40133794
5U24CA271114-03,40062614,Awards,102,40062614
5U24CA271114-03,39569206,Awards,102,39569206
5U24CA271114-03,39565691,Awards,102,39565691
5U24CA271114-03,39127042,Awards,102,39127042
5U24CA271114-03,38981438,Awards,102,38981438
5U24CA271114-03,38703764,Awards,102,38703764
5U24CA271114-03,38645198,Awards,102,38645198
5U24CA271114-03,38412834,Awards,102,38412834
5U24CA271114-03,38364782,Awards,102,38364782
5U24CA271114-03,38359819,Awards,102,38359819
5U24CA271114-03,38327830,Awards,102,38327830
5U24CA271114-03,38177134,Awards,102,38177134
5R01DK134783-02,39700288,Awards,105,39700288
5R01DK134783-02,38888238,Awards,105,38888238
5R01DK134783-02,37823037,Awards,105,37823037
5R01AG068030-05,40502140,Awards,106,40502140
5R01AG068030-05,40491569,Awards,106,40491569
5R01AG068030-05,40065072,Awards,106,40065072
5R01AG068030-05,39973082,Awards,106,39973082
5R01AG068030-05,39713290,Awards,106,39713290
5R01AG068030-05,39168984,Awards,106,39168984
5R01AG068030-05,38802590,Awards,106,38802590
5R01AG068030-05,38496619,Awards,106,38496619
5R01AG068030-05,38462606,Awards,106,38462606
5R01AG068030-05,38254666,Awards,106,38254666
1R01AG085182-01A1,40491569,Awards,107,40491569
4R01AG074010-02,40491569,Awards,108,40491569
4R01AG074010-02,39973082,Awards,108,39973082
4R01AG074010-02,39764102,Awards,108,39764102
4R01AG074010-02,39677706,Awards,108,39677706
4R01AG074010-02,38462606,Awards,108,38462606
4R01AG074010-02,38254666,Awards,108,38254666
5T32CA078207-25,40252079,Awards,109,40252079
5T32CA078207-25,40232306,Awards,109,40232306
5T32CA078207-25,40214647,Awards,109,40214647
5T32CA078207-25,39905966,Awards,109,39905966
5T32CA078207-25,39856363,Awards,109,39856363
5T32CA078207-25,39853278,Awards,109,39853278
5T32CA078207-25,39716936,Awards,109,39716936
5T32CA078207-25,39560425,Awards,109,39560425
5T32CA078207-25,39378878,Awards,109,39378878
5T32CA078207-25,38812546,Awards,109,38812546
5T32CA078207-25,38802590,Awards,109,38802590
5T32CA078207-25,38614269,Awards,109,38614269
5T32CA078207-25,38602846,Awards,109,38602846
5T32CA078207-25,38508241,Awards,109,38508241
5T32CA078207-25,38464025,Awards,109,38464025
5T32CA078207-25,38459027,Awards,109,38459027
5T32CA078207-25,38311543,Awards,109,38311543
5T32CA078207-25,38295690,Awards,109,38295690
5T32CA078207-25,38230954,Awards,109,38230954
5T32CA078207-25,38184712,Awards,109,38184712
5T32CA078207-25,37919548,Awards,109,37919548
5K23DK129762-04,40645392,Awards,110,40645392
5K23DK129762-04,39954693,Awards,110,39954693
5K23DK129762-04,39856480,Awards,110,39856480
5K23DK129762-04,39657593,Awards,110,39657593
5K23DK129762-04,39572132,Awards,110,39572132
5K23DK129762-04,39549765,Awards,110,39549765
5K23DK129762-04,39461465,Awards,110,39461465
5K23DK129762-04,39425738,Awards,110,39425738
5K23DK129762-04,39403049,Awards,110,39403049
5K23DK129762-04,39270875,Awards,110,39270875
5K23DK129762-04,39179372,Awards,110,39179372
5K23DK129762-04,39054059,Awards,110,39054059
5K23DK129762-04,38729392,Awards,110,38729392
5K23DK129762-04,38495524,Awards,110,38495524
5K23DK129762-04,38154728,Awards,110,38154728
5K23DK129762-04,38128971,Awards,110,38128971
5K23DK129762-04,38123972,Awards,110,38123972
5K23DK129762-04,38008228,Awards,110,38008228
5K23DK129762-04,37950021,Awards,110,37950021
5R33AG065726-05,40566741,Awards,111,40566741
5R33AG065726-05,40252859,Awards,111,40252859
5R33AG065726-05,40122413,Awards,111,40122413
5R33AG065726-05,39812182,Awards,111,39812182
5R33AG065726-05,39447848,Awards,111,39447848
5R33AG065726-05,38278187,Awards,111,38278187
5K01DK128387-03,38206362,Awards,112,38206362
5K76AG064427-05,39720848,Awards,113,39720848
5K76AG064427-05,38822746,Awards,113,38822746
5K76AG064427-05,38819620,Awards,113,38819620
5K76AG064427-05,38597342,Awards,113,38597342
5K76AG064427-05,38506841,Awards,113,38506841
5K76AG064427-05,38152855,Awards,113,38152855
5T32HL160511-02,39528718,Awards,114,39528718
5T32HL160511-02,39499779,Awards,114,39499779
5T32HL160511-02,38937887,Awards,114,38937887
5R25DK124917-05,38443711,Awards,115,38443711
5R25DK124917-05,37923131,Awards,115,37923131
5R25DK124917-05,37899379,Awards,115,37899379
5R00CA263033-04,39835789,Awards,116,39835789
5R01NS110837-05,39892705,Awards,119,39892705
1R03DK138492-01,38205242,Awards,120,38205242
1R03DK138492-01,38064570,Awards,120,38064570
5K12CA270375-03,40505637,Awards,121,40505637
5K12CA270375-03,40436855,Awards,121,40436855
5K12CA270375-03,39383457,Awards,121,39383457
5U01CA288425-02,40221147,Awards,124,40221147
5U01CA288425-02,40018369,Awards,124,40018369
5U01CA288425-02,38373106,Awards,124,38373106
5U01CA288425-02,38230878,Awards,124,38230878
5R01CA244780-05,39837324,Awards,125,39837324
5R01CA244780-05,39037651,Awards,125,39037651
5R01CA244780-05,38311543,Awards,125,38311543
5R01CA244780-05,38184712,Awards,125,38184712
5R61CA278402-02,39837324,Awards,126,39837324
5R61CA278402-02,39037651,Awards,126,39037651
5R61CA278402-02,38311543,Awards,126,38311543
5R61CA278402-02,38184712,Awards,126,38184712
5U01CA282114-02,39838105,Awards,128,39838105
5U01CA282114-02,39762425,Awards,128,39762425
5U01CA282114-02,39481380,Awards,128,39481380
5U01CA282114-02,39236155,Awards,128,39236155
5U01CA282114-02,38057662,Awards,128,38057662
5U01AI160082-04,39530396,Awards,129,39530396
5R35GM147269-03,40015280,Awards,130,40015280
5R35GM147269-03,39864129,Awards,130,39864129
5R35GM147269-03,38712196,Awards,130,38712196
5R35GM147269-03,37934943,Awards,130,37934943
5R01DK134610-02,40015280,Awards,131,40015280
5R01DK134610-02,39864129,Awards,131,39864129
5R01DK134610-02,38712196,Awards,131,38712196
5R01DK134610-02,38237590,Awards,131,38237590
5R01DK134610-02,37934943,Awards,131,37934943
5R01HL167107-02,40015280,Awards,132,40015280
5R01HL167107-02,38712196,Awards,132,38712196
5R01HL167107-02,38237590,Awards,132,38237590
5R01HL167107-02,37934943,Awards,132,37934943
5R21HL165298-02,40196696,Awards,133,40196696
2R01DK122807-06A1,38452919,Awards,134,38452919
5U01DK133093-03,40417545,Awards,135,40417545
5U01DK133093-03,40358510,Awards,135,40358510
5U01DK133093-03,40235211,Awards,135,40235211
5U01DK133093-03,40198127,Awards,135,40198127
5U01DK133093-03,39332674,Awards,135,39332674
5U01DK133093-03,39137050,Awards,135,39137050
5U01DK133093-03,38904098,Awards,135,38904098
5U01DK133093-03,38474316,Awards,135,38474316
5U01DK133093-03,38429282,Awards,135,38429282
5U01DK133093-03,38394643,Awards,135,38394643
5U01DK133093-03,38287344,Awards,135,38287344
5U01DK133093-03,38199997,Awards,135,38199997
5U01DK133093-03,38154558,Awards,135,38154558
5U01DK133093-03,37871973,Awards,135,37871973
5U01DK133093-03,37533147,Awards,135,37533147
5K23DK124645-04,40305113,Awards,136,40305113
5K23DK124645-04,39879098,Awards,136,39879098
5K23DK124645-04,39851186,Awards,136,39851186
5K23DK124645-04,39137050,Awards,136,39137050
5K23DK124645-04,38730421,Awards,136,38730421
5K23DK124645-04,38329973,Awards,136,38329973
5K23DK124645-04,37851423,Awards,136,37851423
5U01DK137259-02,40459949,Awards,137,40459949
5U01DK137259-02,39137050,Awards,137,39137050
5U01DK137259-02,39088407,Awards,137,39088407
5R01MH134319-02,40609533,Awards,138,40609533
5R01MH134319-02,39599911,Awards,138,39599911
5R01MH134319-02,38529284,Awards,138,38529284
5R01AI162223-04,40044684,Awards,139,40044684
1R38AI181012-01,40548379,Awards,140,40548379
5R37AI148064-13,39889907,Awards,142,39889907
5R37AI148064-13,39108723,Awards,142,39108723
5R37AI148064-13,36824869,Awards,142,36824869
5F30DK131862-03,39868147,Awards,143,39868147
5R01CA267696-03,39763924,Awards,144,39763924
5R01CA267696-03,39378840,Awards,144,39378840
5R01CA267696-03,39324415,Awards,144,39324415
5R01CA267696-03,38531973,Awards,144,38531973
5R01CA267696-03,38486272,Awards,144,38486272
5R01CA267696-03,38194271,Awards,144,38194271
5R01CA237264-05,40166161,Awards,145,40166161
5R01CA237264-05,39863913,Awards,145,39863913
5R01CA237264-05,39835789,Awards,145,39835789
5R01CA237264-05,39763924,Awards,145,39763924
5R01CA237264-05,39716936,Awards,145,39716936
5R01CA237264-05,39378840,Awards,145,39378840
5R01CA237264-05,38531973,Awards,145,38531973
5R01CA237264-05,38486272,Awards,145,38486272
5R01CA237264-05,38194271,Awards,145,38194271
5R01CA271346-02,39763924,Awards,146,39763924
5R01CA271346-02,39378840,Awards,146,39378840
5R01CA271346-02,39324415,Awards,146,39324415
5R01CA271346-02,38531973,Awards,146,38531973
5R01CA271346-02,38486272,Awards,146,38486272
5R01CA271346-02,38194271,Awards,146,38194271
5R01AI172899-03,39615218,Awards,147,39615218
5R01AI172899-03,39388279,Awards,147,39388279
2R56AI132949-06,39810769,Awards,150,39810769
2R56AI132949-06,39044331,Awards,150,39044331
5K23HL151884-04,39969536,Awards,151,39969536
5K23HL151884-04,38746469,Awards,151,38746469
5K23HL151884-04,38639326,Awards,151,38639326
5K23HL151884-04,38592713,Awards,151,38592713
5K23HL151884-04,38554715,Awards,151,38554715
1R01DK139395-01,39706169,Awards,152,39706169
1R01DK139395-01,39207847,Awards,152,39207847
1R01DK139395-01,39174195,Awards,152,39174195
1R01DK139395-01,38929151,Awards,152,38929151
5F30AI162222-03,40044684,Awards,153,40044684
3P30CA196521-10S1,40588371,Awards,154,40588371
3P30CA196521-10S1,40585213,Awards,154,40585213
3P30CA196521-10S1,40566742,Awards,154,40566742
3P30CA196521-10S1,40536340,Awards,154,40536340
3P30CA196521-10S1,40436855,Awards,154,40436855
3P30CA196521-10S1,40429725,Awards,154,40429725
3P30CA196521-10S1,40252649,Awards,154,40252649
3P30CA196521-10S1,40166940,Awards,154,40166940
3P30CA196521-10S1,40166299,Awards,154,40166299
3P30CA196521-10S1,40166161,Awards,154,40166161
3P30CA196521-10S1,40161787,Awards,154,40161787
3P30CA196521-10S1,40152257,Awards,154,40152257
3P30CA196521-10S1,40014375,Awards,154,40014375
3P30CA196521-10S1,40010771,Awards,154,40010771
3P30CA196521-10S1,39994175,Awards,154,39994175
3P30CA196521-10S1,39975057,Awards,154,39975057
3P30CA196521-10S1,39930084,Awards,154,39930084
3P30CA196521-10S1,39907729,Awards,154,39907729
3P30CA196521-10S1,39896259,Awards,154,39896259
3P30CA196521-10S1,39875582,Awards,154,39875582
3P30CA196521-10S1,39837324,Awards,154,39837324
3P30CA196521-10S1,39835789,Awards,154,39835789
3P30CA196521-10S1,39823183,Awards,154,39823183
3P30CA196521-10S1,39763924,Awards,154,39763924
3P30CA196521-10S1,39763802,Awards,154,39763802
3P30CA196521-10S1,39762425,Awards,154,39762425
3P30CA196521-10S1,39667999,Awards,154,39667999
3P30CA196521-10S1,39666007,Awards,154,39666007
3P30CA196521-10S1,39657664,Awards,154,39657664
3P30CA196521-10S1,39625409,Awards,154,39625409
3P30CA196521-10S1,39560425,Awards,154,39560425
3P30CA196521-10S1,39542655,Awards,154,39542655
3P30CA196521-10S1,39524206,Awards,154,39524206
3P30CA196521-10S1,39509704,Awards,154,39509704
3P30CA196521-10S1,39481380,Awards,154,39481380
3P30CA196521-10S1,39478230,Awards,154,39478230
3P30CA196521-10S1,39454027,Awards,154,39454027
3P30CA196521-10S1,39388279,Awards,154,39388279
3P30CA196521-10S1,39384951,Awards,154,39384951
3P30CA196521-10S1,39383457,Awards,154,39383457
3P30CA196521-10S1,39378878,Awards,154,39378878
3P30CA196521-10S1,39378840,Awards,154,39378840
3P30CA196521-10S1,39331709,Awards,154,39331709
3P30CA196521-10S1,39321451,Awards,154,39321451
3P30CA196521-10S1,39283238,Awards,154,39283238
3P30CA196521-10S1,39282294,Awards,154,39282294
3P30CA196521-10S1,39254646,Awards,154,39254646
3P30CA196521-10S1,39236155,Awards,154,39236155
3P30CA196521-10S1,39229151,Awards,154,39229151
3P30CA196521-10S1,39222793,Awards,154,39222793
3P30CA196521-10S1,39177280,Awards,154,39177280
3P30CA196521-10S1,39151003,Awards,154,39151003
3P30CA196521-10S1,39150898,Awards,154,39150898
3P30CA196521-10S1,39106432,Awards,154,39106432
3P30CA196521-10S1,39080486,Awards,154,39080486
3P30CA196521-10S1,39037651,Awards,154,39037651
3P30CA196521-10S1,39010877,Awards,154,39010877
3P30CA196521-10S1,38985468,Awards,154,38985468
3P30CA196521-10S1,38968143,Awards,154,38968143
3P30CA196521-10S1,38937606,Awards,154,38937606
3P30CA196521-10S1,38934093,Awards,154,38934093
3P30CA196521-10S1,38888723,Awards,154,38888723
3P30CA196521-10S1,38885804,Awards,154,38885804
3P30CA196521-10S1,38874815,Awards,154,38874815
3P30CA196521-10S1,38870008,Awards,154,38870008
3P30CA196521-10S1,38867022,Awards,154,38867022
3P30CA196521-10S1,38866556,Awards,154,38866556
3P30CA196521-10S1,38866555,Awards,154,38866555
3P30CA196521-10S1,38847806,Awards,154,38847806
3P30CA196521-10S1,38834239,Awards,154,38834239
3P30CA196521-10S1,38798338,Awards,154,38798338
3P30CA196521-10S1,38783890,Awards,154,38783890
3P30CA196521-10S1,38782828,Awards,154,38782828
3P30CA196521-10S1,38776911,Awards,154,38776911
3P30CA196521-10S1,38744503,Awards,154,38744503
3P30CA196521-10S1,38630441,Awards,154,38630441
3P30CA196521-10S1,38609316,Awards,154,38609316
3P30CA196521-10S1,38602846,Awards,154,38602846
3P30CA196521-10S1,38597345,Awards,154,38597345
3P30CA196521-10S1,38508241,Awards,154,38508241
3P30CA196521-10S1,38464025,Awards,154,38464025
3P30CA196521-10S1,38457262,Awards,154,38457262
3P30CA196521-10S1,38456551,Awards,154,38456551
3P30CA196521-10S1,38431550,Awards,154,38431550
3P30CA196521-10S1,38430535,Awards,154,38430535
3P30CA196521-10S1,38405698,Awards,154,38405698
3P30CA196521-10S1,38373106,Awards,154,38373106
3P30CA196521-10S1,38339227,Awards,154,38339227
3P30CA196521-10S1,38319712,Awards,154,38319712
3P30CA196521-10S1,38311543,Awards,154,38311543
3P30CA196521-10S1,38277235,Awards,154,38277235
3P30CA196521-10S1,38242983,Awards,154,38242983
3P30CA196521-10S1,38230434,Awards,154,38230434
3P30CA196521-10S1,38184712,Awards,154,38184712
3P30CA196521-10S1,38162407,Awards,154,38162407
3P30CA196521-10S1,38134932,Awards,154,38134932
3P30CA196521-10S1,38134422,Awards,154,38134422
3P30CA196521-10S1,38082068,Awards,154,38082068
3P30CA196521-10S1,38057662,Awards,154,38057662
3P30CA196521-10S1,37772981,Awards,154,37772981
3P30CA196521-10S1,37728489,Awards,154,37728489
3P30CA196521-10S1,36169797,Awards,154,36169797
5R01HD100812-05,38753423,Awards,155,38753423
5R01HD100812-05,38408933,Awards,155,38408933
2T32AI078892-16A1,39930084,Awards,156,39930084
2T32AI078892-16A1,39763831,Awards,156,39763831
2T32AI078892-16A1,39630912,Awards,156,39630912
2T32AI078892-16A1,39560425,Awards,156,39560425
2T32AI078892-16A1,39478215,Awards,156,39478215
2T32AI078892-16A1,39388279,Awards,156,39388279
2T32AI078892-16A1,38563820,Awards,156,38563820
2T32AI078892-16A1,38459027,Awards,156,38459027
2T32AI078892-16A1,38386728,Awards,156,38386728
2T32AI078892-16A1,38324641,Awards,156,38324641
2T32AI078892-16A1,38168662,Awards,156,38168662
5T32AG066598-05,40516033,Awards,158,40516033
5T32AG066598-05,40473975,Awards,158,40473975
5T32AG066598-05,39825782,Awards,158,39825782
5T32AG066598-05,39797574,Awards,158,39797574
5T32AG066598-05,39576984,Awards,158,39576984
5T32AG066598-05,39340471,Awards,158,39340471
5T32AG066598-05,39260438,Awards,158,39260438
5T32AG066598-05,39120095,Awards,158,39120095
5T32AG066598-05,38777615,Awards,158,38777615
5T32AG066598-05,38696169,Awards,158,38696169
5T32AG066598-05,38193960,Awards,158,38193960
5T32AG066598-05,38039805,Awards,158,38039805
5T32AG066598-05,37777171,Awards,158,37777171
5T32AG066598-05,37418698,Awards,158,37418698
5R01AG066471-05,40233955,Awards,159,40233955
5P01CA039542-35,40123552,Awards,160,40123552
5P01CA039542-35,39670843,Awards,160,39670843
5P01CA039542-35,39667999,Awards,160,39667999
5P01CA039542-35,39232559,Awards,160,39232559
5P01CA039542-35,39222793,Awards,160,39222793
5P01CA039542-35,38968143,Awards,160,38968143
5P01CA039542-35,38640197,Awards,160,38640197
5P01CA039542-35,38640195,Awards,160,38640195
5P01CA039542-35,38548227,Awards,160,38548227
5P01CA039542-35,38324721,Awards,160,38324721
5P01CA039542-35,38320730,Awards,160,38320730
3R35GM127289-07S1,40250441,Awards,162,40250441
3R35GM127289-07S1,39565872,Awards,162,39565872
3R35GM127289-07S1,39211083,Awards,162,39211083
3R35GM127289-07S1,39147127,Awards,162,39147127
3R35GM127289-07S1,39097586,Awards,162,39097586
3R35GM127289-07S1,38405971,Awards,162,38405971
1R21AI183028-01,40588817,Awards,163,40588817
5R01DK128289-04,40166940,Awards,164,40166940
5R01DK128289-04,39972137,Awards,164,39972137
5R01DK128289-04,39911942,Awards,164,39911942
5R01DK128289-04,39717507,Awards,164,39717507
5R01DK128289-04,39404414,Awards,164,39404414
5R01DK128289-04,39354161,Awards,164,39354161
5R01DK128289-04,39131140,Awards,164,39131140
5R01DK128289-04,39002533,Awards,164,39002533
5R01DK128289-04,38916482,Awards,164,38916482
5R01DK128289-04,38867022,Awards,164,38867022
5R01DK128289-04,38712196,Awards,164,38712196
5R01DK128289-04,38508241,Awards,164,38508241
5R01DK128289-04,38430535,Awards,164,38430535
5R01DK128289-04,38424197,Awards,164,38424197
5R01DK128289-04,38373106,Awards,164,38373106
5R01DK128289-04,38273792,Awards,164,38273792
5R01DK128289-04,38159678,Awards,164,38159678
5R01DK128289-04,37879461,Awards,164,37879461
5R01DK128289-04,37535375,Awards,164,37535375
5T32DK131953-02,40116750,Awards,165,40116750
5T32DK131953-02,39490950,Awards,165,39490950
5K01DK125614-04,38910328,Awards,166,38910328
5K01DK125614-04,38816950,Awards,166,38816950
5R01LM013766-03,40240324,Awards,167,40240324
5R25CA281789-02,40098842,Awards,168,40098842
5R25CA281789-02,39624951,Awards,168,39624951
5R25CA281789-02,39222793,Awards,168,39222793
5R25CA281789-02,37977487,Awards,168,37977487
5TL1TR004420-03,40087845,Awards,169,40087845
5TL1TR004420-03,39799755,Awards,169,39799755
5TL1TR004420-03,39553797,Awards,169,39553797
5TL1TR004420-03,39260536,Awards,169,39260536
5TL1TR004420-03,39184540,Awards,169,39184540
5TL1TR004420-03,39181999,Awards,169,39181999
5TL1TR004420-03,39133553,Awards,169,39133553
5TL1TR004420-03,38703709,Awards,169,38703709
5TL1TR004420-03,38597600,Awards,169,38597600
5TL1TR004420-03,38565563,Awards,169,38565563
5TL1TR004420-03,38432086,Awards,169,38432086
5TL1TR004420-03,38431513,Awards,169,38431513
5TL1TR004420-03,38403568,Awards,169,38403568
5TL1TR004420-03,38319985,Awards,169,38319985
5TL1TR004420-03,38319958,Awards,169,38319958
5TL1TR004420-03,38262614,Awards,169,38262614
5TL1TR004420-03,38216374,Awards,169,38216374
5TL1TR004420-03,38117050,Awards,169,38117050
5TL1TR004420-03,38117041,Awards,169,38117041
5TL1TR004420-03,37983817,Awards,169,37983817
5TL1TR004420-03,37699114,Awards,169,37699114
5TL1TR004420-03,37610319,Awards,169,37610319
5TL1TR004420-03,37486364,Awards,169,37486364
5R37CA266853-03,39151003,Awards,170,39151003
5R37CA266853-03,39110275,Awards,170,39110275
5R37CA266853-03,38775155,Awards,170,38775155
5R37CA266853-03,37772981,Awards,170,37772981
3U01HL088942-17S1,40568360,Awards,172,40568360
3U01HL088942-17S1,40116009,Awards,172,40116009
3U01HL088942-17S1,39830255,Awards,172,39830255
3U01HL088942-17S1,39437132,Awards,172,39437132
3U01HL088942-17S1,38815595,Awards,172,38815595
3U01HL088942-17S1,38776106,Awards,172,38776106
3U01HL088942-17S1,38658105,Awards,172,38658105
3U01HL088942-17S1,38627112,Awards,172,38627112
3U01HL088942-17S1,38522771,Awards,172,38522771
3U01HL088942-17S1,38376212,Awards,172,38376212
3U01HL088942-17S1,38324729,Awards,172,38324729
3U01HL088942-17S1,38155462,Awards,172,38155462
3U01HL088942-17S1,38103765,Awards,172,38103765
3U01HL088942-17S1,37948759,Awards,172,37948759
3U01HL088942-17S1,37931426,Awards,172,37931426
3U01HL088942-17S1,36669972,Awards,172,36669972
3U01HL088942-17S1,36494209,Awards,172,36494209
3U01HL088942-17S1,35483981,Awards,172,35483981
5R01AG075589-02,39606444,Awards,174,39606444
5R21CA270702-02,40645964,Awards,175,40645964
5R21CA270702-02,38978600,Awards,175,38978600
5R01DK107670-08,38963696,Awards,176,38963696
5R01DK107670-08,38861356,Awards,176,38861356
5R01DK107670-08,38718755,Awards,176,38718755
5R01DK107670-08,38370676,Awards,176,38370676
5R01DK107670-08,38232308,Awards,176,38232308
5U24CA224319-03,40588371,Awards,177,40588371
5U24CA224319-03,40585213,Awards,177,40585213
5U24CA224319-03,40166299,Awards,177,40166299
5U24CA224319-03,40120123,Awards,177,40120123
5U24CA224319-03,40010771,Awards,177,40010771
5U24CA224319-03,39896259,Awards,177,39896259
5U24CA224319-03,39763802,Awards,177,39763802
5U24CA224319-03,39762425,Awards,177,39762425
5U24CA224319-03,39709141,Awards,177,39709141
5U24CA224319-03,39666007,Awards,177,39666007
5U24CA224319-03,39625409,Awards,177,39625409
5U24CA224319-03,39542655,Awards,177,39542655
5U24CA224319-03,39461879,Awards,177,39461879
5U24CA224319-03,39454027,Awards,177,39454027
5U24CA224319-03,39236287,Awards,177,39236287
5U24CA224319-03,39236155,Awards,177,39236155
5U24CA224319-03,39010877,Awards,177,39010877
5U24CA224319-03,38934093,Awards,177,38934093
5U24CA224319-03,38798338,Awards,177,38798338
5U24CA224319-03,38609316,Awards,177,38609316
5U24CA224319-03,38519056,Awards,177,38519056
5U24CA224319-03,38431550,Awards,177,38431550
5U24CA224319-03,38339227,Awards,177,38339227
5U24CA224319-03,38277235,Awards,177,38277235
5U24CA224319-03,38242983,Awards,177,38242983
5U24CA224319-03,38230434,Awards,177,38230434
5U24CA224319-03,38167262,Awards,177,38167262
5U24CA224319-03,38057662,Awards,177,38057662
5U24CA224319-03,37961528,Awards,177,37961528
5U01DK124165-05,40588371,Awards,178,40588371
5U01DK124165-05,40585213,Awards,178,40585213
5U01DK124165-05,40166299,Awards,178,40166299
5U01DK124165-05,40010771,Awards,178,40010771
5U01DK124165-05,39896259,Awards,178,39896259
5U01DK124165-05,39763802,Awards,178,39763802
5U01DK124165-05,39762425,Awards,178,39762425
5U01DK124165-05,39709141,Awards,178,39709141
5U01DK124165-05,39666007,Awards,178,39666007
5U01DK124165-05,39625409,Awards,178,39625409
5U01DK124165-05,39542655,Awards,178,39542655
5U01DK124165-05,39461879,Awards,178,39461879
5U01DK124165-05,39454027,Awards,178,39454027
5U01DK124165-05,39010877,Awards,178,39010877
5U01DK124165-05,38934093,Awards,178,38934093
5U01DK124165-05,38798338,Awards,178,38798338
5U01DK124165-05,38609316,Awards,178,38609316
5U01DK124165-05,38339227,Awards,178,38339227
5U01DK124165-05,38277235,Awards,178,38277235
5U01DK124165-05,38242983,Awards,178,38242983
5U01DK124165-05,38230434,Awards,178,38230434
5U01DK124165-05,38057662,Awards,178,38057662
5R00HL150234-05,39680452,Awards,179,39680452
5R00HL150234-05,39630236,Awards,179,39630236
5R00HL150234-05,39304473,Awards,179,39304473
5R00HL150234-05,39190492,Awards,179,39190492
5K23HL161316-02,38461101,Awards,180,38461101
5R01HL164644-03,39285234,Awards,181,39285234
5R01HL164644-03,38168645,Awards,181,38168645
5R01HL123078-09,39992031,Awards,182,39992031
5R01HL123078-09,39285234,Awards,182,39285234
5R01HL123078-09,38748723,Awards,182,38748723
5R01HL123078-09,38478604,Awards,182,38478604
5R01HL123078-09,38168645,Awards,182,38168645
5R01CA249204-05,39384951,Awards,183,39384951
5R01HD102385-04,39994175,Awards,184,39994175
5R01CA256480-04,40226336,Awards,185,40226336
5R01CA256480-04,39560425,Awards,185,39560425
5R01CA256480-04,38508241,Awards,185,38508241
5R01CA256480-04,37919548,Awards,185,37919548
4UH3CA271390-02,38609316,Awards,186,38609316
4UH3CA271390-02,37772981,Awards,186,37772981
5R01DK131047-04,38912583,Awards,189,38912583
5R01DK131047-04,38247039,Awards,189,38247039
5R01DK131047-04,38153852,Awards,189,38153852
5R01DK122980-05,39704174,Awards,190,39704174
5R01DK122980-05,39382984,Awards,190,39382984
5R01DK122980-05,38981608,Awards,190,38981608
5R01DK122980-05,38910328,Awards,190,38910328
5R01DK122980-05,38837668,Awards,190,38837668
5R01DK122980-05,38816950,Awards,190,38816950
5R01DK122980-05,38697478,Awards,190,38697478
5R01DK122980-05,38512421,Awards,190,38512421
5R01DK122980-05,38159678,Awards,190,38159678
5R01DK122980-05,38031730,Awards,190,38031730
5R01DK131525-03,40501705,Awards,192,40501705
5R01DK131525-03,40308216,Awards,192,40308216
5R01DK131525-03,40133794,Awards,192,40133794
5R01DK131525-03,39569206,Awards,192,39569206
5R01DK131525-03,39565691,Awards,192,39565691
5R01DK131525-03,39565209,Awards,192,39565209
5R01DK131525-03,39127042,Awards,192,39127042
5R01DK131525-03,38910328,Awards,192,38910328
5R01DK131525-03,38645198,Awards,192,38645198
5R01DK131525-03,38159678,Awards,192,38159678
7U24DK114886-08,40592888,Awards,193,40592888
7U24DK114886-08,40417545,Awards,193,40417545
7U24DK114886-08,40386414,Awards,193,40386414
7U24DK114886-08,40358510,Awards,193,40358510
7U24DK114886-08,40235211,Awards,193,40235211
7U24DK114886-08,40198127,Awards,193,40198127
7U24DK114886-08,40106489,Awards,193,40106489
7U24DK114886-08,40082611,Awards,193,40082611
7U24DK114886-08,40062478,Awards,193,40062478
7U24DK114886-08,39934102,Awards,193,39934102
7U24DK114886-08,39764400,Awards,193,39764400
7U24DK114886-08,39764040,Awards,193,39764040
7U24DK114886-08,39763856,Awards,193,39763856
7U24DK114886-08,39746157,Awards,193,39746157
7U24DK114886-08,39516256,Awards,193,39516256
7U24DK114886-08,39332674,Awards,193,39332674
7U24DK114886-08,39253466,Awards,193,39253466
7U24DK114886-08,39228698,Awards,193,39228698
7U24DK114886-08,39113274,Awards,193,39113274
7U24DK114886-08,39070623,Awards,193,39070623
7U24DK114886-08,38904098,Awards,193,38904098
7U24DK114886-08,38855868,Awards,193,38855868
7U24DK114886-08,38834597,Awards,193,38834597
7U24DK114886-08,38826261,Awards,193,38826261
7U24DK114886-08,38771634,Awards,193,38771634
7U24DK114886-08,38705774,Awards,193,38705774
7U24DK114886-08,38640019,Awards,193,38640019
7U24DK114886-08,38621633,Awards,193,38621633
7U24DK114886-08,38570905,Awards,193,38570905
7U24DK114886-08,38570632,Awards,193,38570632
7U24DK114886-08,38512380,Awards,193,38512380
7U24DK114886-08,38474316,Awards,193,38474316
7U24DK114886-08,38429282,Awards,193,38429282
7U24DK114886-08,38394643,Awards,193,38394643
7U24DK114886-08,38341135,Awards,193,38341135
7U24DK114886-08,38287344,Awards,193,38287344
7U24DK114886-08,38199997,Awards,193,38199997
7U24DK114886-08,38196777,Awards,193,38196777
7U24DK114886-08,38168661,Awards,193,38168661
7U24DK114886-08,38154558,Awards,193,38154558
7U24DK114886-08,38069999,Awards,193,38069999
7U24DK114886-08,37947085,Awards,193,37947085
7U24DK114886-08,37871973,Awards,193,37871973
7U24DK114886-08,37839688,Awards,193,37839688
7U24DK114886-08,37657635,Awards,193,37657635
7U24DK114886-08,37533147,Awards,193,37533147
7U2CTR004867-02,39855202,Awards,194,39855202
7U2CTR004867-02,38959889,Awards,194,38959889
7U2CTR004867-02,38838223,Awards,194,38838223
7U2CTR004867-02,38579684,Awards,194,38579684
5R01AI148327-04,39380992,Awards,195,39380992
5R01AI148327-04,39108723,Awards,195,39108723
5R01AI148327-04,36824869,Awards,195,36824869
3U54CA260560-02S3,40483399,Awards,196,40483399
3U54CA260560-02S3,40434103,Awards,196,40434103
3U54CA260560-02S3,40145745,Awards,196,40145745
3U54CA260560-02S3,39711546,Awards,196,39711546
3U54CA260560-02S3,39558820,Awards,196,39558820
3U54CA260560-02S3,39384042,Awards,196,39384042
3U54CA260560-02S3,39367276,Awards,196,39367276
3U54CA260560-02S3,39303682,Awards,196,39303682
3U54CA260560-02S3,39147210,Awards,196,39147210
3U54CA260560-02S3,39122606,Awards,196,39122606
3U54CA260560-02S3,39066351,Awards,196,39066351
3U54CA260560-02S3,38768348,Awards,196,38768348
3U54CA260560-02S3,38507240,Awards,196,38507240
3U54CA260560-02S3,37436465,Awards,196,37436465
5K23DK129835-04,39826619,Awards,197,39826619
5K23DK129835-04,39033864,Awards,197,39033864
5K23DK129835-04,38663011,Awards,197,38663011
5K23DK129835-04,38317723,Awards,197,38317723
5K23DK129835-04,38310197,Awards,197,38310197
5P01CA108671-16,40643151,Awards,198,40643151
5P01CA108671-16,40490510,Awards,198,40490510
5P01CA108671-16,39715853,Awards,198,39715853
5P01CA108671-16,39556352,Awards,198,39556352
5P01CA108671-16,39532065,Awards,198,39532065
5P01CA108671-16,39114884,Awards,198,39114884
5P01CA108671-16,39110040,Awards,198,39110040
5P01CA108671-16,39062946,Awards,198,39062946
5P01CA108671-16,38824647,Awards,198,38824647
5P01CA108671-16,38819218,Awards,198,38819218
5P01CA108671-16,38772686,Awards,198,38772686
5P01CA108671-16,38720070,Awards,198,38720070
5P01CA108671-16,38672425,Awards,198,38672425
5P01CA108671-16,38370646,Awards,198,38370646
5P01CA108671-16,38230747,Awards,198,38230747
5P01CA108671-16,38117649,Awards,198,38117649
5P01CA108671-16,37992313,Awards,198,37992313
5P01CA108671-16,37871309,Awards,198,37871309
5R01HL164821-03,39772994,Awards,200,39772994
5R01HL164821-03,38426500,Awards,200,38426500
5R01HL164821-03,38343548,Awards,200,38343548
3U01HG010248-05S3,39088407,Awards,201,39088407
1R01HL173593-01,39716867,Awards,202,39716867
1R01HL173593-01,39617804,Awards,202,39617804
5R01HL139963-07,39716867,Awards,203,39716867
5R01HL139963-07,39617804,Awards,203,39617804
5R01HL139963-07,38676896,Awards,203,38676896
5R01HL139963-07,38676894,Awards,203,38676894
5R01HL139963-07,38457313,Awards,203,38457313
5R01HL139963-07,37022610,Awards,203,37022610
5R01MD014890-04,39918855,Awards,206,39918855
5R01MD014890-04,38820185,Awards,206,38820185
5R01MD014890-04,38450056,Awards,206,38450056
5R01AI153363-04,39763802,Awards,207,39763802
5R01AI153363-04,39345453,Awards,207,39345453
5R01AI153363-04,38448581,Awards,207,38448581
5K01DK128378-04,39626675,Awards,208,39626675
5R00HL155785-04,38117250,Awards,209,38117250
5K23DK127241-03,40334111,Awards,212,40334111
5K23DK127241-03,39418122,Awards,212,39418122
5K23DK127241-03,39207312,Awards,212,39207312
5K23DK127241-03,39038228,Awards,212,39038228
5K23DK127241-03,38976322,Awards,212,38976322
5K23DK127241-03,38521548,Awards,212,38521548
5K23DK127241-03,37975591,Awards,212,37975591
5K23DK127241-03,37611086,Awards,212,37611086
5U01HG011176-05,40391568,Awards,213,40391568
5U01HG011176-05,40236425,Awards,213,40236425
5U01HG011176-05,39913582,Awards,213,39913582
5U01HG011176-05,39764105,Awards,213,39764105
5U01HG011176-05,39606329,Awards,213,39606329
5U01HG011176-05,39080328,Awards,213,39080328
5U01HG011176-05,38688278,Awards,213,38688278
5U01HG011176-05,38374346,Awards,213,38374346
5R01CA260889-04,40392085,Awards,214,40392085
5R01CA260889-04,39958214,Awards,214,39958214
5R01CA260889-04,39863408,Awards,214,39863408
5R01CA260889-04,38945743,Awards,214,38945743
5R01CA260889-04,38454761,Awards,214,38454761
5R01CA260889-04,38323785,Awards,214,38323785
5R01CA260889-04,38300115,Awards,214,38300115
5R01CA260889-04,38095275,Awards,214,38095275
7K99AR083536-02,38772365,Awards,215,38772365
5R01HL155356-04,39698805,Awards,217,39698805
5R01HL155356-04,39348455,Awards,217,39348455
1R38HL172261-01,40548379,Awards,219,40548379
1R38HL172261-01,38775155,Awards,219,38775155
5K23HL161324-03,39817189,Awards,220,39817189
5K23HL161324-03,39758351,Awards,220,39758351
5K23HL161324-03,39513996,Awards,220,39513996
5K23HL161324-03,39385622,Awards,220,39385622
5K23HL161324-03,38592223,Awards,220,38592223
5K23HL161324-03,38358332,Awards,220,38358332
5K23HL161324-03,37904574,Awards,220,37904574
5K23HL163486-02,39540121,Awards,222,39540121
5K23HL163486-02,38626448,Awards,222,38626448
5K23HL163486-02,38273801,Awards,222,38273801
5K23HL163486-02,37031718,Awards,222,37031718
5R01ES034433-03,39893911,Awards,224,39893911
5R01ES034433-03,39867416,Awards,224,39867416
5R01ES034433-03,39647686,Awards,224,39647686
5R01ES034433-03,38506828,Awards,224,38506828
5R01ES034433-03,38016085,Awards,224,38016085
5R01ES034433-03,37798345,Awards,224,37798345
1U24ES036007-01,39647686,Awards,225,39647686
5R01DK133912-03,39704174,Awards,226,39704174
5R01DK133912-03,39382984,Awards,226,39382984
5R01DK133912-03,38981608,Awards,226,38981608
5R01DK133912-03,38910328,Awards,226,38910328
5R01DK133912-03,38816950,Awards,226,38816950
5R01DK133912-03,38697478,Awards,226,38697478
5R01DK133912-03,38512421,Awards,226,38512421
5R01DK133912-03,38159678,Awards,226,38159678
5R01DK133912-03,38031730,Awards,226,38031730
5R01DK129467-04,39704174,Awards,227,39704174
5R01DK129467-04,39382984,Awards,227,39382984
5R01DK129467-04,38981608,Awards,227,38981608
5R01DK129467-04,38910328,Awards,227,38910328
5R01DK129467-04,38837668,Awards,227,38837668
5R01DK129467-04,38816950,Awards,227,38816950
5R01DK129467-04,38697478,Awards,227,38697478
5R01DK129467-04,38512421,Awards,227,38512421
5R01DK129467-04,38159678,Awards,227,38159678
5R01DK129467-04,38031730,Awards,227,38031730
1K08DK137022-01A1,39568566,Awards,228,39568566
2UG1HL138645-08,40503168,Awards,229,40503168
2UG1HL138645-08,39752608,Awards,229,39752608
2UG1HL138645-08,39471440,Awards,229,39471440
2UG1HL138645-08,39374573,Awards,229,39374573
2UG1HL138645-08,39167766,Awards,229,39167766
2UG1HL138645-08,38801746,Awards,229,38801746
2UG1HL138645-08,38746469,Awards,229,38746469
2UG1HL138645-08,38471061,Awards,229,38471061
2UG1HL138645-08,38458478,Awards,229,38458478
2UG1HL138645-08,38343182,Awards,229,38343182
2UG1HL138645-08,38261970,Awards,229,38261970
2UG1HL138645-08,38110620,Awards,229,38110620
5R01DK110352-08,38490347,Awards,230,38490347
5R01CA273932-02,39972137,Awards,231,39972137
5R01CA273932-02,39911942,Awards,231,39911942
5R01CA273932-02,39709141,Awards,231,39709141
5R01CA273932-02,39524206,Awards,231,39524206
5R01CA273932-02,39354161,Awards,231,39354161
5R01CA273932-02,38424197,Awards,231,38424197
5R37CA230636-07,39763802,Awards,233,39763802
5R37CA230636-07,39560425,Awards,233,39560425
5R37CA230636-07,38508241,Awards,233,38508241
5R37CA230636-07,38507413,Awards,233,38507413
5R01AI165820-03,38746108,Awards,234,38746108
5R01AI165820-03,38745695,Awards,234,38745695
5R01CA257548-04,39875582,Awards,235,39875582
5K08HL163489-02,38720070,Awards,236,38720070
5K08CA267309-03,38957483,Awards,237,38957483
5R01HL158534-04,40246882,Awards,238,40246882
5R01HL158534-04,39528718,Awards,238,39528718
5R01HL158534-04,39478215,Awards,238,39478215
5R01HL158534-04,39232162,Awards,238,39232162
5R01HL158534-04,39086175,Awards,238,39086175
5R01HL158534-04,39010139,Awards,238,39010139
5R01DK123749-05,39937896,Awards,239,39937896
5R01DK123749-05,39868147,Awards,239,39868147
5R01DK123749-05,39454027,Awards,239,39454027
5R01DK123749-05,38640252,Awards,239,38640252
5R01CA277479-02,39920276,Awards,241,39920276
5R01CA277479-02,39838105,Awards,241,39838105
5R01CA277479-02,39481380,Awards,241,39481380
5R01CA277479-02,39236155,Awards,241,39236155
5R01CA277479-02,38979166,Awards,241,38979166
5R01CA154947-13,39763802,Awards,242,39763802
5R01CA154947-13,38687639,Awards,242,38687639
5R01CA154947-13,38501390,Awards,242,38501390
5R01CA154947-13,38501389,Awards,242,38501389
5R01CA154947-13,38057662,Awards,242,38057662
5R01CA254104-04,39988560,Awards,243,39988560
5R01CA254104-04,39838105,Awards,243,39838105
5R01CA254104-04,39763802,Awards,243,39763802
5R01CA254104-04,39481380,Awards,243,39481380
5R01CA254104-04,39378878,Awards,243,39378878
5R01CA254104-04,39236155,Awards,243,39236155
5R01CA254104-04,38057662,Awards,243,38057662
5R01CA257195-04,39763802,Awards,244,39763802
5R01CA257195-04,39481380,Awards,244,39481380
5R01CA257195-04,39378878,Awards,244,39378878
5R01CA257195-04,39236155,Awards,244,39236155
5R01CA257195-04,38057662,Awards,244,38057662
1K23DK139454-01,40175035,Awards,246,40175035
1K23DK139454-01,39851186,Awards,246,39851186
1K23DK139454-01,39654970,Awards,246,39654970
1K23DK139454-01,39345710,Awards,246,39345710
1K23DK139454-01,39240790,Awards,246,39240790
1K23DK139454-01,39088407,Awards,246,39088407
1K23DK139454-01,38973768,Awards,246,38973768
1K23DK139454-01,38851444,Awards,246,38851444
1K23DK139454-01,38654119,Awards,246,38654119
1K23DK139454-01,37594625,Awards,246,37594625
5P01AG066605-05,40503752,Awards,248,40503752
5P01AG066605-05,40168549,Awards,248,40168549
5P01AG066605-05,39812182,Awards,248,39812182
5P01AG066605-05,39797726,Awards,248,39797726
5P01AG066605-05,39720848,Awards,248,39720848
5P01AG066605-05,39585693,Awards,248,39585693
5P01AG066605-05,39542075,Awards,248,39542075
5P01AG066605-05,39530148,Awards,248,39530148
5P01AG066605-05,39495506,Awards,248,39495506
5P01AG066605-05,39447848,Awards,248,39447848
5P01AG066605-05,39404637,Awards,248,39404637
5P01AG066605-05,39367289,Awards,248,39367289
5P01AG066605-05,39349038,Awards,248,39349038
5P01AG066605-05,39312220,Awards,248,39312220
5P01AG066605-05,39264625,Awards,248,39264625
5P01AG066605-05,39212987,Awards,248,39212987
5P01AG066605-05,39167541,Awards,248,39167541
5P01AG066605-05,39155601,Awards,248,39155601
5P01AG066605-05,39115063,Awards,248,39115063
5P01AG066605-05,39056523,Awards,248,39056523
5P01AG066605-05,39056184,Awards,248,39056184
5P01AG066605-05,38980644,Awards,248,38980644
5P01AG066605-05,38976269,Awards,248,38976269
5P01AG066605-05,38941059,Awards,248,38941059
5P01AG066605-05,38885931,Awards,248,38885931
5P01AG066605-05,38822746,Awards,248,38822746
5P01AG066605-05,38819620,Awards,248,38819620
5P01AG066605-05,38805226,Awards,248,38805226
5P01AG066605-05,38687764,Awards,248,38687764
5P01AG066605-05,38663339,Awards,248,38663339
5P01AG066605-05,38648065,Awards,248,38648065
5P01AG066605-05,38647702,Awards,248,38647702
5P01AG066605-05,38599615,Awards,248,38599615
5P01AG066605-05,38597793,Awards,248,38597793
5P01AG066605-05,38597342,Awards,248,38597342
5P01AG066605-05,38554545,Awards,248,38554545
5P01AG066605-05,38547357,Awards,248,38547357
5P01AG066605-05,38431550,Awards,248,38431550
5P01AG066605-05,38346312,Awards,248,38346312
5P01AG066605-05,38263877,Awards,248,38263877
5P01AG066605-05,38259161,Awards,248,38259161
5P01AG066605-05,38206864,Awards,248,38206864
5P01AG066605-05,38152855,Awards,248,38152855
5P01AG066605-05,38071603,Awards,248,38071603
5P01AG066605-05,38048097,Awards,248,38048097
5P01AG066605-05,38032070,Awards,248,38032070
5P01AG066605-05,37963605,Awards,248,37963605
5P01AG066605-05,37931897,Awards,248,37931897
5P01AG066605-05,37863109,Awards,248,37863109
5P01AG066605-05,37862570,Awards,248,37862570
5P01AG066605-05,37699248,Awards,248,37699248
5P01AG066605-05,37615482,Awards,248,37615482
5R01AG067045-03,38822734,Awards,249,38822734
5R01AG067045-03,38777615,Awards,249,38777615
1R01CA292376-01,39930084,Awards,250,39930084
1R01CA292376-01,39920269,Awards,250,39920269
5R01HL167050-02,40459949,Awards,251,40459949
5R01HL167050-02,39137050,Awards,251,39137050
5R01HL167050-02,38925729,Awards,251,38925729
5R01DK127139-04,40485706,Awards,252,40485706
5R01DK127139-04,40459949,Awards,252,40459949
5R01DK127139-04,39899385,Awards,252,39899385
5R01DK127139-04,38730421,Awards,252,38730421
5R01DK127139-04,38205827,Awards,252,38205827
5R01DK127139-04,37962879,Awards,252,37962879
7R01AI168462-04,38772365,Awards,253,38772365
5R01CA251425-05,39983670,Awards,254,39983670
5R01CA251425-05,39856363,Awards,254,39856363
5R01CA251425-05,39345578,Awards,254,39345578
5R01CA251425-05,38354782,Awards,254,38354782
5R01CA251425-05,38354780,Awards,254,38354780
5R01CA251425-05,38265261,Awards,254,38265261
5R01CA271331-03,40609533,Awards,255,40609533
5R01CA271331-03,39652739,Awards,255,39652739
5R01CA271331-03,39478230,Awards,255,39478230
5R01CA271331-03,38096361,Awards,255,38096361
5R01CA271331-03,37967363,Awards,255,37967363
5R01CA271418-02,40609533,Awards,256,40609533
5R01CA271418-02,39652739,Awards,256,39652739
5R01CA271418-02,39478230,Awards,256,39478230
5R01CA271418-02,38096361,Awards,256,38096361
5R01CA271418-02,37967363,Awards,256,37967363
5R01CA260711-03,40609533,Awards,257,40609533
5R01CA260711-03,39652739,Awards,257,39652739
5R01CA260711-03,39478230,Awards,257,39478230
5R01CA260711-03,39316766,Awards,257,39316766
5R01CA260711-03,38819218,Awards,257,38819218
5R01CA260711-03,38558935,Awards,257,38558935
5R01CA260711-03,38096361,Awards,257,38096361
5R01CA260711-03,37967363,Awards,257,37967363
1R21HL173733-01,40083068,Awards,258,40083068
1R21HL173733-01,40080690,Awards,258,40080690
1R21HL173733-01,40039669,Awards,258,40039669
1R21HL173733-01,39989096,Awards,258,39989096
1R21HL173733-01,39945146,Awards,258,39945146
1R21HL173733-01,39903530,Awards,258,39903530
1R21HL173733-01,39894601,Awards,258,39894601
1R21HL173733-01,39786322,Awards,258,39786322
1R21HL173733-01,39499779,Awards,258,39499779
1R21HL173733-01,39229876,Awards,258,39229876
1R21HL173733-01,39056328,Awards,258,39056328
1R21HL173733-01,38937887,Awards,258,38937887
1R21HL173733-01,38798432,Awards,258,38798432
1R01HL171813-01,40083068,Awards,259,40083068
1R01HL171813-01,40080690,Awards,259,40080690
1R01HL171813-01,40039669,Awards,259,40039669
1R01HL171813-01,39989096,Awards,259,39989096
1R01HL171813-01,39945146,Awards,259,39945146
1R01HL171813-01,39903530,Awards,259,39903530
1R01HL171813-01,39894601,Awards,259,39894601
1R01HL171813-01,39786322,Awards,259,39786322
1R01HL171813-01,39499779,Awards,259,39499779
1R01HL171813-01,39229876,Awards,259,39229876
1R01HL171813-01,39056328,Awards,259,39056328
1R01HL171813-01,38937887,Awards,259,38937887
1R01HL171813-01,38798432,Awards,259,38798432
1R01HL171813-01,38271706,Awards,259,38271706
5K25HL151912-04,40083068,Awards,260,40083068
5K25HL151912-04,40080690,Awards,260,40080690
5K25HL151912-04,40039669,Awards,260,40039669
5K25HL151912-04,39989096,Awards,260,39989096
5K25HL151912-04,39945146,Awards,260,39945146
5K25HL151912-04,39903530,Awards,260,39903530
5K25HL151912-04,39894601,Awards,260,39894601
5K25HL151912-04,39786322,Awards,260,39786322
5K25HL151912-04,39499779,Awards,260,39499779
5K25HL151912-04,39229876,Awards,260,39229876
5K25HL151912-04,38937887,Awards,260,38937887
5K25HL151912-04,38798432,Awards,260,38798432
5K25HL151912-04,38271706,Awards,260,38271706
5R01CA252222-05,40436855,Awards,261,40436855
5R01CA252222-05,39383457,Awards,261,39383457
5R01CA252222-05,39283238,Awards,261,39283238
5R01CA252222-05,38776911,Awards,261,38776911
5R01CA252222-05,38609316,Awards,261,38609316
5R01CA252222-05,38376944,Awards,261,38376944
5R01CA252222-05,38285963,Awards,261,38285963
5R01CA252222-05,37772981,Awards,261,37772981
5R01CA244899-05,40436855,Awards,262,40436855
5R01CA244899-05,39383457,Awards,262,39383457
5R01CA244899-05,39283238,Awards,262,39283238
5R01CA244899-05,38776911,Awards,262,38776911
5R01CA244899-05,38609316,Awards,262,38609316
5R01CA244899-05,37772981,Awards,262,37772981
5KL2TR004421-03,40627353,Awards,263,40627353
5KL2TR004421-03,40373236,Awards,263,40373236
5KL2TR004421-03,40280474,Awards,263,40280474
5KL2TR004421-03,40065360,Awards,263,40065360
5KL2TR004421-03,39799755,Awards,263,39799755
5KL2TR004421-03,39657681,Awards,263,39657681
5KL2TR004421-03,39454027,Awards,263,39454027
5KL2TR004421-03,39406732,Awards,263,39406732
5KL2TR004421-03,39383457,Awards,263,39383457
5KL2TR004421-03,39343496,Awards,263,39343496
5KL2TR004421-03,39316396,Awards,263,39316396
5KL2TR004421-03,39283238,Awards,263,39283238
5KL2TR004421-03,38862854,Awards,263,38862854
5KL2TR004421-03,37975497,Awards,263,37975497
5KL2TR004421-03,37933635,Awards,263,37933635
5KL2TR004421-03,37585681,Awards,263,37585681
5KL2TR004421-03,37577721,Awards,263,37577721
5R01CA240362-05,40282469,Awards,264,40282469
5R01CA240362-05,39885369,Awards,264,39885369
5R01CA240362-05,38168366,Awards,264,38168366
1R01CA285713-01,40282469,Awards,265,40282469
1R01CA285713-01,39885369,Awards,265,39885369
1R01CA285713-01,38731852,Awards,265,38731852
1R01CA285713-01,38168366,Awards,265,38168366
1DP1DK140003-01,39748048,Awards,267,39748048
1DP1DK140003-01,39358382,Awards,267,39358382
1R01DK136035-01A1,39921241,Awards,268,39921241
1R01DK136035-01A1,39748048,Awards,268,39748048
1R01DK136035-01A1,39358382,Awards,268,39358382
5K23AG066930-05,40645235,Awards,269,40645235
5K23AG066930-05,40371672,Awards,269,40371672
5K23AG066930-05,40037553,Awards,269,40037553
5K23AG066930-05,39822234,Awards,269,39822234
5K23AG066930-05,39120095,Awards,269,39120095
5K23AG066930-05,38794947,Awards,269,38794947
5K23AG066930-05,38715236,Awards,269,38715236
5K23AG066930-05,38647702,Awards,269,38647702
5K23AG066930-05,38280225,Awards,269,38280225
5F31AI172404-03,38324641,Awards,272,38324641
5K08DK131286-04,40522118,Awards,274,40522118
5K08DK131286-04,40425725,Awards,274,40425725
5K08DK131286-04,40420108,Awards,274,40420108
5K08DK131286-04,40398851,Awards,274,40398851
5K08DK131286-04,40377180,Awards,274,40377180
5K08DK131286-04,39966171,Awards,274,39966171
5K08DK131286-04,39742871,Awards,274,39742871
5K08DK131286-04,39608761,Awards,274,39608761
5K08DK131286-04,39592855,Awards,274,39592855
5K08DK131286-04,39148835,Awards,274,39148835
5K08DK131286-04,39073166,Awards,274,39073166
5K08DK131286-04,38730421,Awards,274,38730421
5K08DK131286-04,38407240,Awards,274,38407240
5K08DK131286-04,38352556,Awards,274,38352556
5K08DK131286-04,38156471,Awards,274,38156471
5K08DK131286-04,37962879,Awards,274,37962879
5K08DK131286-04,37885206,Awards,274,37885206
1R01CA283469-01A1,39962082,Awards,275,39962082
1R01CA283469-01A1,39762425,Awards,275,39762425
1R01CA283469-01A1,39632211,Awards,275,39632211
1R01CA283469-01A1,38386728,Awards,275,38386728
5R01DK130300-04,40025013,Awards,276,40025013
5R01DK130300-04,38405965,Awards,276,38405965
5R01DK130300-04,38206362,Awards,276,38206362
5R01CA258784-04,40198901,Awards,278,40198901
5R01CA258784-04,39657664,Awards,278,39657664
5R01CA258784-04,39331709,Awards,278,39331709
5R01CA258784-04,38965396,Awards,278,38965396
5R01CA258784-04,38533509,Awards,278,38533509
1R01HL168897-01A1,39817189,Awards,279,39817189
1R01HL168897-01A1,39148827,Awards,279,39148827
1R01HL168897-01A1,39137050,Awards,279,39137050
1R01HL168897-01A1,38358332,Awards,279,38358332
5F30CA261144-04,39666007,Awards,280,39666007
1R01CA285580-01A1,39341365,Awards,281,39341365
2R01GM135301-05A1,39448602,Awards,282,39448602
5R01CA285342-02,39624951,Awards,283,39624951
5R01CA256660-04,38837335,Awards,284,38837335
5R01CA256660-04,37728489,Awards,284,37728489
5P30AG028741-15,40566741,Awards,285,40566741
5P30AG028741-15,40371672,Awards,285,40371672
5P30AG028741-15,40357666,Awards,285,40357666
5P30AG028741-15,40252859,Awards,285,40252859
5P30AG028741-15,40122413,Awards,285,40122413
5P30AG028741-15,40037553,Awards,285,40037553
5P30AG028741-15,39825782,Awards,285,39825782
5P30AG028741-15,39812182,Awards,285,39812182
5P30AG028741-15,39809980,Awards,285,39809980
5P30AG028741-15,39797781,Awards,285,39797781
5P30AG028741-15,39797574,Awards,285,39797574
5P30AG028741-15,39557333,Awards,285,39557333
5P30AG028741-15,39503943,Awards,285,39503943
5P30AG028741-15,39447848,Awards,285,39447848
5P30AG028741-15,39340471,Awards,285,39340471
5P30AG028741-15,39264625,Awards,285,39264625
5P30AG028741-15,39247957,Awards,285,39247957
5P30AG028741-15,39207322,Awards,285,39207322
5P30AG028741-15,39006519,Awards,285,39006519
5P30AG028741-15,38975667,Awards,285,38975667
5P30AG028741-15,38943488,Awards,285,38943488
5P30AG028741-15,38866115,Awards,285,38866115
5P30AG028741-15,38822734,Awards,285,38822734
5P30AG028741-15,38647702,Awards,285,38647702
5P30AG028741-15,38518887,Awards,285,38518887
5P30AG028741-15,38437944,Awards,285,38437944
5P30AG028741-15,38431550,Awards,285,38431550
5P30AG028741-15,38377231,Awards,285,38377231
5P30AG028741-15,38354281,Awards,285,38354281
5P30AG028741-15,38346312,Awards,285,38346312
5P30AG028741-15,38278187,Awards,285,38278187
5P30AG028741-15,38039805,Awards,285,38039805
5P30AG028741-15,37496127,Awards,285,37496127
5T35AG067578-05,39867702,Awards,287,39867702
5T35AG067578-05,39154163,Awards,287,39154163
5T35AG067578-05,38280225,Awards,287,38280225
5T35AG067578-05,38039805,Awards,287,38039805
5T35AG067578-05,37096420,Awards,287,37096420
5UM1CA121947-18,40646161,Awards,288,40646161
5UM1CA121947-18,40415574,Awards,288,40415574
5UM1CA121947-18,40237497,Awards,288,40237497
5UM1CA121947-18,40168402,Awards,288,40168402
5UM1CA121947-18,40149339,Awards,288,40149339
5UM1CA121947-18,40048673,Awards,288,40048673
5UM1CA121947-18,39930489,Awards,288,39930489
5UM1CA121947-18,39924174,Awards,288,39924174
5UM1CA121947-18,39883059,Awards,288,39883059
5UM1CA121947-18,39539035,Awards,288,39539035
5UM1CA121947-18,39431505,Awards,288,39431505
5UM1CA121947-18,39368095,Awards,288,39368095
5UM1CA121947-18,39334203,Awards,288,39334203
5UM1CA121947-18,39031851,Awards,288,39031851
5UM1CA121947-18,38635762,Awards,288,38635762
5UM1CA121947-18,38504387,Awards,288,38504387
5UM1CA121947-18,38431550,Awards,288,38431550
5UM1CA121947-18,38190392,Awards,288,38190392
5UM1CA121947-18,37962072,Awards,288,37962072
5UM1CA121947-18,37805952,Awards,288,37805952
5R01DK124461-04,40631185,Awards,289,40631185
5R01DK124461-04,39010249,Awards,289,39010249
5R01DK124461-04,38585822,Awards,289,38585822
5R01DK124461-04,37786709,Awards,289,37786709
5R01DK129196-04,39626675,Awards,290,39626675
5R01DK129196-04,39301926,Awards,290,39301926
5R01DK129196-04,38985854,Awards,290,38985854
5R01DK129196-04,38042369,Awards,290,38042369
5R01DK105015-08,39301926,Awards,291,39301926
5R01DK105015-08,38985854,Awards,291,38985854
5F31AI174808-02,39743591,Awards,292,39743591
5T32GM146636-03,40239213,Awards,293,40239213
5T32GM146636-03,40034107,Awards,293,40034107
5T32GM146636-03,39838110,Awards,293,39838110
5T32GM146636-03,39700136,Awards,293,39700136
5T32GM146636-03,39365860,Awards,293,39365860
5T32GM146636-03,39240708,Awards,293,39240708
5T32GM146636-03,39191393,Awards,293,39191393
5T32GM146636-03,39181999,Awards,293,39181999
5T32GM146636-03,39156641,Awards,293,39156641
5T32GM146636-03,39062017,Awards,293,39062017
5T32GM146636-03,39006413,Awards,293,39006413
5T32GM146636-03,38979204,Awards,293,38979204
5T32GM146636-03,38979166,Awards,293,38979166
5T32GM146636-03,38979135,Awards,293,38979135
5T32GM146636-03,38860401,Awards,293,38860401
5T32GM146636-03,38847806,Awards,293,38847806
5T32GM146636-03,38812546,Awards,293,38812546
5T32GM146636-03,38812061,Awards,293,38812061
5T32GM146636-03,38802590,Awards,293,38802590
5T32GM146636-03,38793132,Awards,293,38793132
5T32GM146636-03,38766086,Awards,293,38766086
5T32GM146636-03,38746439,Awards,293,38746439
5T32GM146636-03,38737007,Awards,293,38737007
5T32GM146636-03,38709237,Awards,293,38709237
5T32GM146636-03,38663404,Awards,293,38663404
5T32GM146636-03,38642551,Awards,293,38642551
5T32GM146636-03,38585822,Awards,293,38585822
5T32GM146636-03,38585716,Awards,293,38585716
5T32GM146636-03,38563820,Awards,293,38563820
5T32GM146636-03,38529284,Awards,293,38529284
5T32GM146636-03,38515122,Awards,293,38515122
5T32GM146636-03,38508241,Awards,293,38508241
5T32GM146636-03,38426726,Awards,293,38426726
5T32GM146636-03,38426105,Awards,293,38426105
5T32GM146636-03,38359819,Awards,293,38359819
5T32GM146636-03,38352556,Awards,293,38352556
5T32GM146636-03,38319712,Awards,293,38319712
5T32GM146636-03,38295690,Awards,293,38295690
5T32GM146636-03,38260368,Awards,293,38260368
5T32GM146636-03,38095106,Awards,293,38095106
5T32GM146636-03,38057662,Awards,293,38057662
5T32GM146636-03,38054729,Awards,293,38054729
5T32GM146636-03,37425718,Awards,293,37425718
5T32GM146636-03,37389976,Awards,293,37389976
5T32GM146636-03,35969028,Awards,293,35969028
5R01DA052255-05,39599911,Awards,294,39599911
5R01DA052255-05,39529883,Awards,294,39529883
5R01DA052255-05,38529284,Awards,294,38529284
1R01DA059876-01,39599911,Awards,295,39599911
1R01DA059876-01,39529883,Awards,295,39529883
5F30CA275269-03,38847806,Awards,297,38847806
5F30CA275269-03,38812546,Awards,297,38812546
5R03DK132440-02,40382782,Awards,298,40382782
5R03DK132440-02,39757503,Awards,298,39757503
5R03DK132440-02,39591878,Awards,298,39591878
5R03DK132440-02,38154728,Awards,298,38154728
1R01AI179427-01A1,40006695,Awards,299,40006695
5R01AG066870-05,40083068,Awards,300,40083068
5R01AG066870-05,40019824,Awards,300,40019824
5R01AG066870-05,38937887,Awards,300,38937887
5R01DA052844-05,39459844,Awards,302,39459844
5R01DA052844-05,38793575,Awards,302,38793575
1R01CA290681-01,40287957,Awards,303,40287957
1R01CA290681-01,40166161,Awards,303,40166161
1R01CA290681-01,39652739,Awards,303,39652739
1R01CA292503-01,40287957,Awards,304,40287957
1R01CA292503-01,40166161,Awards,304,40166161
1R01CA292503-01,39652739,Awards,304,39652739
1K08CA283362-01A1,39650260,Awards,305,39650260
5R01DK136016-02,38867022,Awards,306,38867022
5R01DK136016-02,38508241,Awards,306,38508241
5R01DK136016-02,38373106,Awards,306,38373106
5R01CA264995-04,40374891,Awards,308,40374891
5R01CA264995-04,38321314,Awards,308,38321314
5T32CA225617-07,40652447,Awards,309,40652447
5T32CA225617-07,40505637,Awards,309,40505637
5T32CA225617-07,40500246,Awards,309,40500246
5T32CA225617-07,40500244,Awards,309,40500244
5T32CA225617-07,40179354,Awards,309,40179354
5T32CA225617-07,39823183,Awards,309,39823183
5T32CA225617-07,39761417,Awards,309,39761417
5T32CA225617-07,39706803,Awards,309,39706803
5T32CA225617-07,39650260,Awards,309,39650260
5T32CA225617-07,39148820,Awards,309,39148820
5T32CA225617-07,39131721,Awards,309,39131721
5T32CA225617-07,39042489,Awards,309,39042489
5T32CA225617-07,38991177,Awards,309,38991177
5T32CA225617-07,38834911,Awards,309,38834911
5T32CA225617-07,38604244,Awards,309,38604244
5T32CA225617-07,38601955,Awards,309,38601955
5T32CA225617-07,38498290,Awards,309,38498290
5T32CA225617-07,38185918,Awards,309,38185918
5T32CA225617-07,37655715,Awards,309,37655715
5T32CA225617-07,36169797,Awards,309,36169797
5R01CA271604-02,39568566,Awards,310,39568566
3K08DK132501-02S1,40175028,Awards,312,40175028
3K08DK132501-02S1,40127865,Awards,312,40127865
3K08DK132501-02S1,39427763,Awards,312,39427763
3K08DK132501-02S1,39004461,Awards,312,39004461
5R01CA269382-03,39630912,Awards,313,39630912
5R01CA269382-03,39443795,Awards,313,39443795
5R01CA269382-03,39229105,Awards,313,39229105
5R01AI168178-03,40358209,Awards,314,40358209
5R01AI168178-03,40161664,Awards,314,40161664
5R01AI168178-03,39713327,Awards,314,39713327
5R01AI168178-03,39504245,Awards,314,39504245
5R01AI168178-03,39071292,Awards,314,39071292
5R01AI168178-03,38935072,Awards,314,38935072
5R01AI168178-03,38464151,Awards,314,38464151
5R01AI168178-03,38103991,Awards,314,38103991
5R01AI168178-03,38054729,Awards,314,38054729
5R01AI148663-06,38617272,Awards,315,38617272
5R01AI148663-06,38559040,Awards,315,38559040
5R01AI175303-02,38926343,Awards,317,38926343
3U19AI168631-03S2,40161664,Awards,318,40161664
3U19AI168631-03S2,40145745,Awards,318,40145745
3U19AI168631-03S2,39558820,Awards,318,39558820
3U19AI168631-03S2,39367276,Awards,318,39367276
3U19AI168631-03S2,39303682,Awards,318,39303682
3U19AI168631-03S2,39089348,Awards,318,39089348
3U19AI168631-03S2,39071292,Awards,318,39071292
3U19AI168631-03S2,39009691,Awards,318,39009691
3U19AI168631-03S2,38917323,Awards,318,38917323
3U19AI168631-03S2,38464151,Awards,318,38464151
3U19AI168631-03S2,38433913,Awards,318,38433913
3U19AI168631-03S2,38416036,Awards,318,38416036
3U19AI168631-03S2,38395697,Awards,318,38395697
3U19AI168631-03S2,38112467,Awards,318,38112467
3U19AI168631-03S2,37436465,Awards,318,37436465
5U19AI135972-07,40631320,Awards,319,40631320
5U19AI135972-07,40504864,Awards,319,40504864
5U19AI135972-07,40434103,Awards,319,40434103
5U19AI135972-07,40378209,Awards,319,40378209
5U19AI135972-07,40163530,Awards,319,40163530
5U19AI135972-07,39580470,Awards,319,39580470
5U19AI135972-07,39571001,Awards,319,39571001
5U19AI135972-07,39558820,Awards,319,39558820
5U19AI135972-07,39547210,Awards,319,39547210
5U19AI135972-07,39484236,Awards,319,39484236
5U19AI135972-07,39488529,Awards,319,39488529
5U19AI135972-07,39464067,Awards,319,39464067
5U19AI135972-07,39365995,Awards,319,39365995
5U19AI135972-07,39067667,Awards,319,39067667
5U19AI135972-07,39026801,Awards,319,39026801
5U19AI135972-07,39020164,Awards,319,39020164
5U19AI135972-07,38800652,Awards,319,38800652
5U19AI135972-07,38768348,Awards,319,38768348
5U19AI135972-07,38648902,Awards,319,38648902
5U19AI135972-07,38433913,Awards,319,38433913
5U19AI135972-07,38424040,Awards,319,38424040
5U19AI135972-07,38416036,Awards,319,38416036
5U19AI135972-07,38289826,Awards,319,38289826
5U19AI135972-07,38198521,Awards,319,38198521
5U19AI135972-07,38112266,Awards,319,38112266
5R01AI167691-02,39831303,Awards,320,39831303
5R25GM150146-02,40145745,Awards,322,40145745
5R25GM150146-02,39367276,Awards,322,39367276
5R25GM150146-02,39303682,Awards,322,39303682
5R25GM150146-02,38809027,Awards,322,38809027
5R61DA058294-02,40042313,Awards,326,40042313
5R01AI151029-05,39743591,Awards,329,39743591
5R01AI151029-05,39353439,Awards,329,39353439
5R01AI151029-05,38563820,Awards,329,38563820
5R21AI176069-02,40475560,Awards,330,40475560
5R21AI176069-02,39975920,Awards,330,39975920
5R21AI176069-02,39738586,Awards,330,39738586
5R21AI176069-02,39489918,Awards,330,39489918
5R21AI176069-02,39300090,Awards,330,39300090
5R21AI176069-02,38953250,Awards,330,38953250
5R21AI176069-02,38848648,Awards,330,38848648
5R21AI176069-02,38711520,Awards,330,38711520
5R21AI176069-02,38648902,Awards,330,38648902
5R21AI176069-02,38586014,Awards,330,38586014
5R21AI176069-02,38293047,Awards,330,38293047
5R21AI176069-02,38289826,Awards,330,38289826
1R21AI180874-01,39975920,Awards,331,39975920
1R21AI180874-01,39738586,Awards,331,39738586
5P01AI172531-02,40042313,Awards,334,40042313
5P01AI172531-02,39921982,Awards,334,39921982
5P01AI172531-02,39713327,Awards,334,39713327
5P01AI172531-02,39504245,Awards,334,39504245
5P01AI172531-02,39303682,Awards,334,39303682
5P01AI172531-02,39091730,Awards,334,39091730
5P01AI172531-02,39071292,Awards,334,39071292
5P01AI172531-02,38464151,Awards,334,38464151
5P01AI172531-02,38395697,Awards,334,38395697
5P01AI172531-02,38112467,Awards,334,38112467
5T32AI007647-25,40475560,Awards,335,40475560
5T32AI007647-25,40447571,Awards,335,40447571
5T32AI007647-25,40299764,Awards,335,40299764
5T32AI007647-25,40118521,Awards,335,40118521
5T32AI007647-25,40027748,Awards,335,40027748
5T32AI007647-25,39580470,Awards,335,39580470
5T32AI007647-25,39494910,Awards,335,39494910
5T32AI007647-25,39484455,Awards,335,39484455
5T32AI007647-25,39345144,Awards,335,39345144
5T32AI007647-25,39282406,Awards,335,39282406
5T32AI007647-25,39253971,Awards,335,39253971
5T32AI007647-25,39108723,Awards,335,39108723
5T32AI007647-25,38926343,Awards,335,38926343
5T32AI007647-25,38832789,Awards,335,38832789
5T32AI007647-25,38746439,Awards,335,38746439
5T32AI007647-25,38659760,Awards,335,38659760
5T32AI007647-25,38577999,Awards,335,38577999
5T32AI007647-25,38559040,Awards,335,38559040
5T32AI007647-25,38426726,Awards,335,38426726
5T32AI007647-25,38289826,Awards,335,38289826
5T32AI007647-25,38054729,Awards,335,38054729
5T32AI007647-25,36824869,Awards,335,36824869
1R56AI175974-01A1,40299764,Awards,336,40299764
5K23AG080163-02,40516033,Awards,339,40516033
5K23AG080163-02,40503752,Awards,339,40503752
5K23AG080163-02,39825782,Awards,339,39825782
5K23AG080163-02,39340471,Awards,339,39340471
5K01AG078442-02,38198537,Awards,340,38198537
1R21NS133826-01A1,39935824,Awards,343,39935824
1R21NS133826-01A1,38838644,Awards,343,38838644
1R03NS137124-01A1,39935824,Awards,344,39935824
1R03NS137124-01A1,38123901,Awards,344,38123901
5R01AG063819-05,40481857,Awards,346,40481857
5R01AG063819-05,39648200,Awards,346,39648200
5R01DK122853-05,40347412,Awards,348,40347412
5R01DK122853-05,39764146,Awards,348,39764146
5R01DK122853-05,39763802,Awards,348,39763802
5R01DK122853-05,39464041,Awards,348,39464041
5R01DK122853-05,39399020,Awards,348,39399020
2U24DK112331-07,40475656,Awards,349,40475656
2U24DK112331-07,40078573,Awards,349,40078573
2U24DK112331-07,39933702,Awards,349,39933702
2U24DK112331-07,39606465,Awards,349,39606465
2U24DK112331-07,39149399,Awards,349,39149399
2U24DK112331-07,38984994,Awards,349,38984994
2U24DK112331-07,38701776,Awards,349,38701776
2U24DK112331-07,38697122,Awards,349,38697122
2U24DK112331-07,38693412,Awards,349,38693412
2U24DK112331-07,38693320,Awards,349,38693320
2U24DK112331-07,38693125,Awards,349,38693125
2U24DK112331-07,38691461,Awards,349,38691461
2U24DK112331-07,38634503,Awards,349,38634503
2U24DK112331-07,36711841,Awards,349,36711841
2R56DK046943-28,39818879,Awards,350,39818879
2R56DK046943-28,39366377,Awards,350,39366377
2R56DK046943-28,38084892,Awards,350,38084892
2R56DK046943-28,37961197,Awards,350,37961197
5R01HD082176-09,39974136,Awards,351,39974136
5R01DC019928-03,38486679,Awards,353,38486679
5R01NS117590-05,40162211,Awards,354,40162211
5R01NS117590-05,38600097,Awards,354,38600097
5R01AG072520-04,38600097,Awards,355,38600097
5R01AG072520-04,38198537,Awards,355,38198537
5R01NS060123-17,40162211,Awards,356,40162211
5R01NS060123-17,38600097,Awards,356,38600097
5R01NS060123-17,38198537,Awards,356,38198537
5K99DA058213-02,39939764,Awards,357,39939764
5K99DA058213-02,38326622,Awards,357,38326622
3R01NS114239-05S1,40612515,Awards,360,40612515
3R01NS114239-05S1,39975381,Awards,360,39975381
3R01NS114239-05S1,38979135,Awards,360,38979135
3R01NS114239-05S1,38198537,Awards,360,38198537
5K01MH125144-05,38852158,Awards,361,38852158
5R01MH120162-05,40601747,Awards,363,40601747
5R01MH120162-05,39868201,Awards,363,39868201
5R01MH120162-05,39847482,Awards,363,39847482
5R01MH120162-05,39651295,Awards,363,39651295
5R01MH120162-05,39554090,Awards,363,39554090
5R01MH120162-05,39506117,Awards,363,39506117
5R01MH120162-05,39427320,Awards,363,39427320
5R01MH120162-05,39300271,Awards,363,39300271
5R01MH120162-05,39005306,Awards,363,39005306
5R01MH120162-05,38712831,Awards,363,38712831
5R01MH120162-05,38559224,Awards,363,38559224
5R01MH120162-05,38141911,Awards,363,38141911
5R01MH120162-05,36945605,Awards,363,36945605
5R56MH132959-02,40601747,Awards,364,40601747
5R56MH132959-02,40216771,Awards,364,40216771
5R56MH132959-02,39868201,Awards,364,39868201
5R56MH132959-02,39847482,Awards,364,39847482
5R56MH132959-02,39651295,Awards,364,39651295
5R56MH132959-02,39554090,Awards,364,39554090
5R56MH132959-02,39506117,Awards,364,39506117
5R56MH132959-02,39427320,Awards,364,39427320
5R56MH132959-02,39300271,Awards,364,39300271
5R56MH132959-02,39005306,Awards,364,39005306
5R56MH132959-02,38712831,Awards,364,38712831
5R56MH132959-02,38559224,Awards,364,38559224
5R56MH132959-02,38141911,Awards,364,38141911
5R56MH132959-02,36945605,Awards,364,36945605
4R01AG072300-02,40475629,Awards,365,40475629
4R01AG072300-02,39006413,Awards,365,39006413
4R01AG072300-02,39000484,Awards,365,39000484
4R01AG072300-02,37945435,Awards,365,37945435
5R01AG061382-05,40475629,Awards,366,40475629
5R01AG061382-05,39689057,Awards,366,39689057
5R01AG061382-05,37945435,Awards,366,37945435
5K99DK137037-02,39939764,Awards,368,39939764
5K99DK137037-02,38326622,Awards,368,38326622
5R01MH124880-05,39425930,Awards,370,39425930
5R01MH124880-05,38964318,Awards,370,38964318
5R01MH124880-05,38613783,Awards,370,38613783
5R01MH132224-02,39425930,Awards,371,39425930
5F31NS132558-02,40060435,Awards,375,40060435
5F31NS132558-02,38266980,Awards,375,38266980
1F99NS139541-01A1,40060435,Awards,376,40060435
5R01AT011697-04,39235942,Awards,377,39235942
5R01AT011697-04,39121857,Awards,377,39121857
5R35NS111600-06,40262615,Awards,379,40262615
5R35NS111600-06,39886589,Awards,379,39886589
5R35NS111600-06,39058595,Awards,379,39058595
5R35NS111600-06,38329885,Awards,379,38329885
1R21NS134158-01A1,40566742,Awards,381,40566742
1R21NS134158-01A1,39747004,Awards,381,39747004
5F31NS130909-02,38979135,Awards,382,38979135
5F31MH133297-02,40524640,Awards,383,40524640
5F31MH133297-02,38671178,Awards,383,38671178
5F31MH133297-02,37349475,Awards,383,37349475
5F31AG079604-02,40475629,Awards,385,40475629
5F31AG079604-02,37945435,Awards,385,37945435
1R01AG087945-01,40589943,Awards,386,40589943
5T32AG049688-10,40631185,Awards,387,40631185
5T32AG049688-10,40475629,Awards,387,40475629
5T32AG049688-10,39868201,Awards,387,39868201
5T32AG049688-10,39328984,Awards,387,39328984
5T32AG049688-10,38559224,Awards,387,38559224
5T32AG049688-10,38395968,Awards,387,38395968
5T32AG049688-10,38370645,Awards,387,38370645
5T32AG049688-10,38200091,Awards,387,38200091
5T32AG049688-10,38198537,Awards,387,38198537
5T32AG049688-10,38187737,Awards,387,38187737
5T32AG049688-10,37945435,Awards,387,37945435
5T32AG049688-10,37777848,Awards,387,37777848
5T32MH087004-15,39689057,Awards,388,39689057
5T32MH087004-15,39658624,Awards,388,39658624
5T32MH087004-15,39328984,Awards,388,39328984
5T32MH087004-15,38968112,Awards,388,38968112
5T32MH087004-15,38915600,Awards,388,38915600
5T32MH087004-15,38843332,Awards,388,38843332
5T32MH087004-15,38671178,Awards,388,38671178
5T32MH087004-15,38198537,Awards,388,38198537
5T32MH087004-15,37349475,Awards,388,37349475
1R01NS135728-01,39328984,Awards,389,39328984
1R01NS135728-01,38968112,Awards,389,38968112
5F31AG074652-03,39843911,Awards,391,39843911
5K01NS127948-02,39747004,Awards,392,39747004
5T32DA053558-04,40343025,Awards,393,40343025
5T32DA053558-04,40133300,Awards,393,40133300
5T32DA053558-04,39838110,Awards,393,39838110
5T32DA053558-04,39693067,Awards,393,39693067
5T32DA053558-04,39606326,Awards,393,39606326
5T32DA053558-04,39530592,Awards,393,39530592
5T32DA053558-04,39345578,Awards,393,39345578
5T32DA053558-04,39026727,Awards,393,39026727
5T32DA053558-04,39020140,Awards,393,39020140
5T32DA053558-04,38946983,Awards,393,38946983
5T32DA053558-04,38843332,Awards,393,38843332
5T32DA053558-04,38720072,Awards,393,38720072
5T32DA053558-04,38630816,Awards,393,38630816
5T32DA053558-04,38168118,Awards,393,38168118
5T32DA053558-04,38141605,Awards,393,38141605
5T32DA053558-04,37961156,Awards,393,37961156
5T32DA053558-04,37940687,Awards,393,37940687
5T32DA053558-04,37434487,Awards,393,37434487
5U01DA053629-04,38879719,Awards,394,38879719
5U01DA053629-04,38843332,Awards,394,38843332
5U01DA053629-04,38793575,Awards,394,38793575
5U01DA053629-04,38559273,Awards,394,38559273
5U01DA053629-04,37951088,Awards,394,37951088
1K99AG084853-01,40191899,Awards,396,40191899
1K99AG084853-01,39680037,Awards,396,39680037
1K99AG084853-01,38819050,Awards,396,38819050
5R03AG078953-02,39352664,Awards,397,39352664
5R01DA056595-03,40160416,Awards,398,40160416
5R01DA056595-03,39779849,Awards,398,39779849
5R01DA056595-03,39345578,Awards,398,39345578
5R01DA056595-03,39019389,Awards,398,39019389
2R01HD097088-06,40160416,Awards,399,40160416
2R01MH116900-06A1,40516534,Awards,400,40516534
2R01MH116900-06A1,40160416,Awards,400,40160416
2R01MH116900-06A1,40060435,Awards,400,40060435
2R01MH116900-06A1,39779849,Awards,400,39779849
2R01MH116900-06A1,39345578,Awards,400,39345578
2R01MH116900-06A1,38871707,Awards,400,38871707
2R01MH116900-06A1,38848464,Awards,400,38848464
2R01MH116900-06A1,38266980,Awards,400,38266980
2R01MH116900-06A1,36945605,Awards,400,36945605
2P01DA047233-06A1,40609535,Awards,401,40609535
2P01DA047233-06A1,40603300,Awards,401,40603300
2P01DA047233-06A1,40506501,Awards,401,40506501
2P01DA047233-06A1,40494620,Awards,401,40494620
2P01DA047233-06A1,40317512,Awards,401,40317512
2P01DA047233-06A1,40188314,Awards,401,40188314
2P01DA047233-06A1,40133300,Awards,401,40133300
2P01DA047233-06A1,39962245,Awards,401,39962245
2P01DA047233-06A1,39843911,Awards,401,39843911
2P01DA047233-06A1,39779849,Awards,401,39779849
2P01DA047233-06A1,39730457,Awards,401,39730457
2P01DA047233-06A1,39587295,Awards,401,39587295
2P01DA047233-06A1,39394974,Awards,401,39394974
2P01DA047233-06A1,39365860,Awards,401,39365860
2P01DA047233-06A1,39346680,Awards,401,39346680
2P01DA047233-06A1,39281867,Awards,401,39281867
2P01DA047233-06A1,39026727,Awards,401,39026727
2P01DA047233-06A1,39012593,Awards,401,39012593
2P01DA047233-06A1,38843332,Awards,401,38843332
2P01DA047233-06A1,38766127,Awards,401,38766127
2P01DA047233-06A1,38669575,Awards,401,38669575
2P01DA047233-06A1,38637154,Awards,401,38637154
2P01DA047233-06A1,38626009,Awards,401,38626009
2P01DA047233-06A1,38559273,Awards,401,38559273
2P01DA047233-06A1,38559084,Awards,401,38559084
2P01DA047233-06A1,38464110,Awards,401,38464110
2P01DA047233-06A1,38370645,Awards,401,38370645
2P01DA047233-06A1,38343388,Awards,401,38343388
2P01DA047233-06A1,38332016,Awards,401,38332016
2P01DA047233-06A1,38215742,Awards,401,38215742
2P01DA047233-06A1,38187775,Awards,401,38187775
2P01DA047233-06A1,37940687,Awards,401,37940687
2P01DA047233-06A1,37517704,Awards,401,37517704
5R01DA007359-36,40506501,Awards,402,40506501
5R01DA007359-36,40494620,Awards,402,40494620
5R01DA007359-36,40133300,Awards,402,40133300
5R01DA007359-36,39365860,Awards,402,39365860
5R01DA007359-36,39026727,Awards,402,39026727
5R01DA007359-36,39012593,Awards,402,39012593
5R01DA007359-36,38669575,Awards,402,38669575
5R01DA007359-36,38637154,Awards,402,38637154
5R01DA007359-36,38626009,Awards,402,38626009
5R01DA007359-36,38343388,Awards,402,38343388
5R01DA007359-36,38332016,Awards,402,38332016
5R01DA007359-36,37517704,Awards,402,37517704
5R01MH129306-02,40644558,Awards,403,40644558
5R01MH129306-02,40562842,Awards,403,40562842
5R01MH129306-02,39484441,Awards,403,39484441
5R01MH129306-02,39369762,Awards,403,39369762
5R01MH129306-02,38959894,Awards,403,38959894
5R01MH129306-02,38795707,Awards,403,38795707
5R01MH129306-02,38659771,Awards,403,38659771
5R01MH129306-02,38351270,Awards,403,38351270
5R01MH129306-02,38326622,Awards,403,38326622
5R01MH129306-02,38293227,Awards,403,38293227
5R01MH129306-02,38141911,Awards,403,38141911
5R01MH129306-02,37349475,Awards,403,37349475
5R01DA014133-25,40603300,Awards,404,40603300
5R01DA014133-25,40506501,Awards,404,40506501
5R01DA014133-25,38669575,Awards,404,38669575
5R01DA014133-25,38626009,Awards,404,38626009
5K99MH131792-02,40601747,Awards,405,40601747
5K99MH131792-02,39554090,Awards,405,39554090
5K99MH131792-02,39506117,Awards,405,39506117
5K99MH131792-02,39427320,Awards,405,39427320
5K99MH131792-02,39005306,Awards,405,39005306
5K99MH131792-02,36945605,Awards,405,36945605
1F31NS134301-01A1,40601747,Awards,406,40601747
1F31NS134301-01A1,39868201,Awards,406,39868201
1F31NS134301-01A1,39847482,Awards,406,39847482
5R01NS116006-04,40557710,Awards,407,40557710
5R01NS116006-04,40502569,Awards,407,40502569
5R01NS116006-04,40196259,Awards,407,40196259
5R01NS116006-04,40166159,Awards,407,40166159
5R01NS116006-04,40093234,Awards,407,40093234
5R01NS116006-04,39692283,Awards,407,39692283
5R01NS116006-04,38854101,Awards,407,38854101
4R01AG065926-02,40502569,Awards,408,40502569
4R01AG065926-02,40502140,Awards,408,40502140
4R01AG065926-02,40166159,Awards,408,40166159
4R01AG065926-02,40093234,Awards,408,40093234
4R01AG065926-02,40065072,Awards,408,40065072
4R01AG065926-02,39713290,Awards,408,39713290
4R01AG065926-02,38854101,Awards,408,38854101
4R01AG065926-02,38343831,Awards,408,38343831
5U01AG068880-05,40502569,Awards,409,40502569
5U01AG068880-05,40166159,Awards,409,40166159
5U01AG068880-05,40093234,Awards,409,40093234
5U01AG068880-05,40033057,Awards,409,40033057
5U01AG068880-05,39677477,Awards,409,39677477
5U01AG068880-05,39251599,Awards,409,39251599
5U01AG068880-05,38854101,Awards,409,38854101
5U01AG068880-05,38343831,Awards,409,38343831
1R56AG088669-01,40609533,Awards,410,40609533
1R56AG088669-01,40502569,Awards,410,40502569
5R01MH134845-02,38940740,Awards,411,38940740
5R01MH132789-02,39198580,Awards,415,39198580
5R01MH132789-02,38915600,Awards,415,38915600
5R01MH132789-02,38287101,Awards,415,38287101
5R01MH132064-02,40180571,Awards,416,40180571
5R01MH132064-02,39553955,Awards,416,39553955
5R01MH132064-02,39293441,Awards,416,39293441
5R01MH132064-02,39026728,Awards,416,39026728
5R01MH132064-02,38991790,Awards,416,38991790
5R01MH132064-02,38915600,Awards,416,38915600
5R01MH132064-02,38640933,Awards,416,38640933
5R01MH132064-02,38559221,Awards,416,38559221
1T32MH135853-01,39939764,Awards,417,39939764
1T32MH135853-01,39803419,Awards,417,39803419
1T32MH135853-01,39730457,Awards,417,39730457
1T32MH135853-01,39345578,Awards,417,39345578
1T32MH135853-01,39292771,Awards,417,39292771
1T32MH135853-01,39120643,Awards,417,39120643
1T32MH135853-01,38134921,Awards,417,38134921
5R01MH133299-02,40199995,Awards,418,40199995
5R01MH133299-02,39939764,Awards,418,39939764
5R01MH133299-02,39803419,Awards,418,39803419
5R01MH133299-02,39730457,Awards,418,39730457
5R01MH133299-02,39345578,Awards,418,39345578
5R01MH133299-02,39120643,Awards,418,39120643
5R01MH133299-02,38959503,Awards,418,38959503
5R01MH133299-02,38871707,Awards,418,38871707
5R01MH133299-02,38795707,Awards,418,38795707
5R01MH133299-02,38720072,Awards,418,38720072
5R01MH133299-02,38483288,Awards,418,38483288
5R01MH133299-02,38326622,Awards,418,38326622
5R01MH133299-02,38008236,Awards,418,38008236
5R01MH133299-02,37992997,Awards,418,37992997
3R01MH127820-04S1,40644558,Awards,419,40644558
3R01MH127820-04S1,40199995,Awards,419,40199995
3R01MH127820-04S1,39939764,Awards,419,39939764
3R01MH127820-04S1,39803419,Awards,419,39803419
3R01MH127820-04S1,39730457,Awards,419,39730457
3R01MH127820-04S1,39500417,Awards,419,39500417
3R01MH127820-04S1,39345578,Awards,419,39345578
3R01MH127820-04S1,39120643,Awards,419,39120643
3R01MH127820-04S1,38871707,Awards,419,38871707
3R01MH127820-04S1,38795707,Awards,419,38795707
3R01MH127820-04S1,38720072,Awards,419,38720072
3R01MH127820-04S1,38483288,Awards,419,38483288
3R01MH127820-04S1,38326622,Awards,419,38326622
3R01MH127820-04S1,38141911,Awards,419,38141911
3R01MH127820-04S1,38008236,Awards,419,38008236
3R01MH127820-04S1,37992997,Awards,419,37992997
2R01MH104559-11,40644558,Awards,420,40644558
2R01MH104559-11,40199995,Awards,420,40199995
2R01MH104559-11,39939764,Awards,420,39939764
2R01MH104559-11,39803419,Awards,420,39803419
2R01MH104559-11,39730457,Awards,420,39730457
2R01MH104559-11,39500417,Awards,420,39500417
2R01MH104559-11,39345578,Awards,420,39345578
2R01MH104559-11,39120643,Awards,420,39120643
2R01MH104559-11,38959503,Awards,420,38959503
2R01MH104559-11,38871707,Awards,420,38871707
2R01MH104559-11,38795707,Awards,420,38795707
2R01MH104559-11,38720072,Awards,420,38720072
2R01MH104559-11,38483288,Awards,420,38483288
2R01MH104559-11,38326622,Awards,420,38326622
2R01MH104559-11,38141911,Awards,420,38141911
2R01MH104559-11,38008236,Awards,420,38008236
2R01MH104559-11,37992997,Awards,420,37992997
4R01AG068558-02,39939753,Awards,422,39939753
4R01AG068558-02,39843911,Awards,422,39843911
4R01AG068558-02,39281867,Awards,422,39281867
4R01AG068558-02,38766127,Awards,422,38766127
4R01AG068558-02,38370645,Awards,422,38370645
5R01NS106721-05,40609535,Awards,423,40609535
5R01NS106721-05,39939753,Awards,423,39939753
5R01NS106721-05,39843911,Awards,423,39843911
5R01NS106721-05,39281867,Awards,423,39281867
5R01NS106721-05,38766127,Awards,423,38766127
5R01NS106721-05,38370645,Awards,423,38370645
1R01NS136590-01,40601747,Awards,425,40601747
1R01NS136590-01,39868201,Awards,425,39868201
1R01NS136590-01,39847482,Awards,425,39847482
1R01NS136590-01,39508007,Awards,425,39508007
1R01NS136590-01,39506117,Awards,425,39506117
1R01NS136590-01,39427320,Awards,425,39427320
1R01NS136590-01,38559224,Awards,425,38559224
3RF1AG072497-01A1S1,40601747,Awards,426,40601747
3RF1AG072497-01A1S1,39868201,Awards,426,39868201
3RF1AG072497-01A1S1,39847482,Awards,426,39847482
3RF1AG072497-01A1S1,39506117,Awards,426,39506117
3RF1AG072497-01A1S1,39427320,Awards,426,39427320
3RF1AG072497-01A1S1,39005306,Awards,426,39005306
3RF1AG072497-01A1S1,38559224,Awards,426,38559224
3RF1AG072497-01A1S1,36945605,Awards,426,36945605
5R01NS116357-04,40601747,Awards,427,40601747
5R01NS116357-04,39868201,Awards,427,39868201
5R01NS116357-04,39847482,Awards,427,39847482
5R01NS116357-04,39508007,Awards,427,39508007
5R01NS116357-04,39506117,Awards,427,39506117
5R01NS116357-04,39427320,Awards,427,39427320
5R01NS116357-04,39005306,Awards,427,39005306
5R01NS116357-04,38559224,Awards,427,38559224
5R01NS116357-04,38327536,Awards,427,38327536
5R01NS116357-04,36945605,Awards,427,36945605
5R01AA018734-13,39662702,Awards,428,39662702
5R01AA018734-13,39103320,Awards,428,39103320
5R01AA018734-13,36993693,Awards,428,36993693
5F99NS135813-02,39847482,Awards,430,39847482
5F99NS135813-02,38559224,Awards,430,38559224
5R01AG078755-03,39418178,Awards,431,39418178
5R01AG078755-03,39122950,Awards,431,39122950
5R01AG078755-03,38947933,Awards,431,38947933
5F31MH133365-02,39337329,Awards,432,39337329
1R01MH136228-01,40307550,Awards,433,40307550
5R00MH122697-05,40307550,Awards,434,40307550
3R01MH129372-03S1,39677822,Awards,436,39677822
3R01MH129372-03S1,39337329,Awards,436,39337329
5R01NS116057-05,39677822,Awards,437,39677822
5R01AG069976-05,38926387,Awards,438,38926387
5R01AG069976-05,38765961,Awards,438,38765961
5R01AG069976-05,38409356,Awards,438,38409356
5R01NS092735-09,40566742,Awards,439,40566742
5R01NS092735-09,40536340,Awards,439,40536340
5R01NS092735-09,40442367,Awards,439,40442367
5R01NS092735-09,39747004,Awards,439,39747004
5R01NS092735-09,38538643,Awards,439,38538643
5R01NS092735-09,38313256,Awards,439,38313256
5R01CA258636-03,39395421,Awards,440,39395421
5R01CA258636-03,38771655,Awards,440,38771655
5R01NS100864-09,39395421,Awards,441,39395421
5R01NS100864-09,38811170,Awards,441,38811170
1U24NS135391-01,39843877,Awards,443,39843877
5R01MH124763-04,39952668,Awards,445,39952668
5R01MH124763-04,38766086,Awards,445,38766086
5R01NS134159-02,40566742,Awards,446,40566742
5R01NS134159-02,40536340,Awards,446,40536340
5R01NS134159-02,39747004,Awards,446,39747004
5R01NS134159-02,38811170,Awards,446,38811170
5R01NS127442-02,37961567,Awards,447,37961567
5R01HD098867-05,40386438,Awards,448,40386438
5R01HD098867-05,38854063,Awards,448,38854063
5R01HD098867-05,38514622,Awards,448,38514622
5R01HD102318-06,40386438,Awards,449,40386438
5R01HD102318-06,38854063,Awards,449,38854063
5R01HD102318-06,38514622,Awards,449,38514622
5R01NR014784-10,40093185,Awards,450,40093185
5R01NR014784-10,38705650,Awards,450,38705650
5R01NR014784-10,38514622,Awards,450,38514622
5R01NR014784-10,38246324,Awards,450,38246324
5R01NR014784-10,37557898,Awards,450,37557898
5R03AG082994-02,39557333,Awards,451,39557333
5R03AG082994-02,39247957,Awards,451,39247957
5R03AG082994-02,38518887,Awards,451,38518887
5R03AG082994-02,38437944,Awards,451,38437944
5R03AG082994-02,38377231,Awards,451,38377231
3R01MH127315-03S1,39187612,Awards,452,39187612
3R01MH127315-03S1,38504979,Awards,452,38504979
3R01MH127315-03S1,38134722,Awards,452,38134722
5R01HL159433-04,38716661,Awards,453,38716661
5R01CA276087-03,39788967,Awards,454,39788967
2R01EY027301-06,39854010,Awards,456,39854010
2R01EY027301-06,39553865,Awards,456,39553865
2R01EY027301-06,39543723,Awards,456,39543723
5R00EY031339-05,39940664,Awards,457,39940664
5R00EY031339-05,39819808,Awards,457,39819808
5R00EY031339-05,39569143,Awards,457,39569143
5R00EY031339-05,38091879,Awards,457,38091879
5R01EY032559-04,40590803,Awards,458,40590803
5R01EY032559-04,40268369,Awards,458,40268369
5R01EY032559-04,40211014,Awards,458,40211014
5R01EY032559-04,39982391,Awards,458,39982391
5R01EY032559-04,39896457,Awards,458,39896457
5R01EY032559-04,39551815,Awards,458,39551815
5R01EY032559-04,39464630,Awards,458,39464630
5R01EY032559-04,39250119,Awards,458,39250119
5R01EY032559-04,39128550,Awards,458,39128550
5R01EY032559-04,39064230,Awards,458,39064230
5R01EY032559-04,39028976,Awards,458,39028976
5R01EY032559-04,38906208,Awards,458,38906208
5R01EY032559-04,38723778,Awards,458,38723778
5R01EY032559-04,38506820,Awards,458,38506820
5R01EY032559-04,38393715,Awards,458,38393715
5R01EY032559-04,38266105,Awards,458,38266105
5R01EY032559-04,38195602,Awards,458,38195602
5R01EY032559-04,36990674,Awards,458,36990674
1R01EY036460-01,40272416,Awards,459,40272416
1R01EY036460-01,40211014,Awards,459,40211014
1R01EY036460-01,39982391,Awards,459,39982391
1R01EY036460-01,39896457,Awards,459,39896457
1R01EY036460-01,39551815,Awards,459,39551815
5R01AR082797-02,40214977,Awards,460,40214977
5R01AR082797-02,39833191,Awards,460,39833191
3R01AR080616-03S1,40040295,Awards,461,40040295
3R01AR080616-03S1,39702607,Awards,461,39702607
3R01AR080616-03S1,38775429,Awards,461,38775429
5R01AR078764-03,38706880,Awards,462,38706880
3R01AR080096-03S1,40139648,Awards,463,40139648
3R01AR080096-03S1,39702607,Awards,463,39702607
3R01AR080096-03S1,39319260,Awards,463,39319260
3R01AR080096-03S1,38948728,Awards,463,38948728
3R01AR080096-03S1,38339040,Awards,463,38339040
5R01AR078857-03,40139648,Awards,464,40139648
5R01AR078857-03,38948728,Awards,464,38948728
5R01AR078857-03,38339040,Awards,464,38339040
5R01AR078857-03,38312949,Awards,464,38312949
5U01DK062422-25,39961646,Awards,467,39961646
5U01DK062422-25,39591878,Awards,467,39591878
5U01DK062422-25,38969076,Awards,467,38969076
5U01DK062422-25,38663404,Awards,467,38663404
5U01DK062422-25,38490347,Awards,467,38490347
5U01DK062422-25,37976264,Awards,467,37976264
5U24DK062429-25,39591878,Awards,468,39591878
5U24DK062429-25,38969076,Awards,468,38969076
5U24DK062429-25,38663404,Awards,468,38663404
5U24DK062429-25,37976264,Awards,468,37976264
5R01DK135272-02,40117343,Awards,469,40117343
5R01DK135272-02,39137883,Awards,469,39137883
5K01AG070326-03,40567433,Awards,471,40567433
5K01AG070326-03,40463251,Awards,471,40463251
5K01AG070326-03,40055946,Awards,471,40055946
5K01AG070326-03,39737785,Awards,471,39737785
5K01AG070326-03,39484274,Awards,471,39484274
5K01AG070326-03,39251599,Awards,471,39251599
5K01AG070326-03,39154163,Awards,471,39154163
5K01AG070326-03,38520489,Awards,471,38520489
5K01AG070326-03,38464214,Awards,471,38464214
5K01AG070326-03,38234807,Awards,471,38234807
5K01AG070326-03,38198537,Awards,471,38198537
5K01AG070326-03,37777848,Awards,471,37777848
5F30DK127736-04,38663404,Awards,473,38663404
1R01CA274251-01A1,40341143,Awards,474,40341143
1R01CA274251-01A1,40074951,Awards,474,40074951
1R01CA274251-01A1,39893178,Awards,474,39893178
5F32AG072837-02,39648200,Awards,475,39648200
5R01HL164775-02,39648751,Awards,476,39648751
5K24HL150312-05,40087909,Awards,477,40087909
5K24HL150312-05,39671893,Awards,477,39671893
5K24HL150312-05,39648751,Awards,477,39648751
5K24HL150312-05,39087502,Awards,477,39087502
5K24HL150312-05,38460460,Awards,477,38460460
5K24HL150312-05,38122928,Awards,477,38122928
5K24HL150312-05,37973262,Awards,477,37973262
5K24HL150312-05,37967704,Awards,477,37967704
7K01HL163457-03,38565809,Awards,478,38565809
7K01HL163457-03,40458769,Awards,478,40458769
7K01HL163457-03,38408083,Awards,478,38408083
3R01DK121154-05S1,38693784,Awards,479,38693784
3R01DK121154-05S1,38508241,Awards,479,38508241
3R01DK121154-05S1,38430535,Awards,479,38430535
3R01DK121154-05S1,37668904,Awards,479,37668904
5R01AI153708-04,40558527,Awards,480,40558527
5R01AI153708-04,39389123,Awards,480,39389123
5R01AI153708-04,39054615,Awards,480,39054615
5R01AI153708-04,38324641,Awards,480,38324641
5R01AI072204-17,40094146,Awards,481,40094146
5R01AI072204-17,39818212,Awards,481,39818212
1U01AI181883-01,38407394,Awards,485,38407394
5K23DK125760-03,38476237,Awards,486,38476237
5K23DK125760-03,38134405,Awards,486,38134405
5UL1TR004419-03,40652447,Awards,487,40652447
5UL1TR004419-03,40631321,Awards,487,40631321
5UL1TR004419-03,40585261,Awards,487,40585261
5UL1TR004419-03,40584973,Awards,487,40584973
5UL1TR004419-03,40575667,Awards,487,40575667
5UL1TR004419-03,40505637,Awards,487,40505637
5UL1TR004419-03,40502785,Awards,487,40502785
5UL1TR004419-03,40502608,Awards,487,40502608
5UL1TR004419-03,40502569,Awards,487,40502569
5UL1TR004419-03,40495250,Awards,487,40495250
5UL1TR004419-03,40475629,Awards,487,40475629
5UL1TR004419-03,40475145,Awards,487,40475145
5UL1TR004419-03,40473624,Awards,487,40473624
5UL1TR004419-03,40433992,Awards,487,40433992
5UL1TR004419-03,40425725,Awards,487,40425725
5UL1TR004419-03,40401624,Awards,487,40401624
5UL1TR004419-03,40399555,Awards,487,40399555
5UL1TR004419-03,40393809,Awards,487,40393809
5UL1TR004419-03,40386437,Awards,487,40386437
5UL1TR004419-03,40382782,Awards,487,40382782
5UL1TR004419-03,40348910,Awards,487,40348910
5UL1TR004419-03,40311333,Awards,487,40311333
5UL1TR004419-03,40297445,Awards,487,40297445
5UL1TR004419-03,40274765,Awards,487,40274765
5UL1TR004419-03,40270399,Awards,487,40270399
5UL1TR004419-03,40240324,Awards,487,40240324
5UL1TR004419-03,40203750,Awards,487,40203750
5UL1TR004419-03,40194317,Awards,487,40194317
5UL1TR004419-03,40179354,Awards,487,40179354
5UL1TR004419-03,40166161,Awards,487,40166161
5UL1TR004419-03,40166159,Awards,487,40166159
5UL1TR004419-03,40161787,Awards,487,40161787
5UL1TR004419-03,40161664,Awards,487,40161664
5UL1TR004419-03,40160448,Awards,487,40160448
5UL1TR004419-03,40155050,Awards,487,40155050
5UL1TR004419-03,40093243,Awards,487,40093243
5UL1TR004419-03,40093234,Awards,487,40093234
5UL1TR004419-03,40084623,Awards,487,40084623
5UL1TR004419-03,40061343,Awards,487,40061343
5UL1TR004419-03,40060050,Awards,487,40060050
5UL1TR004419-03,40054060,Awards,487,40054060
5UL1TR004419-03,40049579,Awards,487,40049579
5UL1TR004419-03,40042313,Awards,487,40042313
5UL1TR004419-03,40027824,Awards,487,40027824
5UL1TR004419-03,40027748,Awards,487,40027748
5UL1TR004419-03,40010771,Awards,487,40010771
5UL1TR004419-03,39994175,Awards,487,39994175
5UL1TR004419-03,39990586,Awards,487,39990586
5UL1TR004419-03,39979244,Awards,487,39979244
5UL1TR004419-03,39975411,Awards,487,39975411
5UL1TR004419-03,39975057,Awards,487,39975057
5UL1TR004419-03,39974894,Awards,487,39974894
5UL1TR004419-03,39974125,Awards,487,39974125
5UL1TR004419-03,39968791,Awards,487,39968791
5UL1TR004419-03,39930465,Awards,487,39930465
5UL1TR004419-03,39930084,Awards,487,39930084
5UL1TR004419-03,39910394,Awards,487,39910394
5UL1TR004419-03,39907729,Awards,487,39907729
5UL1TR004419-03,39899385,Awards,487,39899385
5UL1TR004419-03,39899356,Awards,487,39899356
5UL1TR004419-03,39867394,Awards,487,39867394
5UL1TR004419-03,39856480,Awards,487,39856480
5UL1TR004419-03,39854479,Awards,487,39854479
5UL1TR004419-03,39854326,Awards,487,39854326
5UL1TR004419-03,39830258,Awards,487,39830258
5UL1TR004419-03,39827879,Awards,487,39827879
5UL1TR004419-03,39823183,Awards,487,39823183
5UL1TR004419-03,39799755,Awards,487,39799755
5UL1TR004419-03,39764146,Awards,487,39764146
5UL1TR004419-03,39757503,Awards,487,39757503
5UL1TR004419-03,39726173,Awards,487,39726173
5UL1TR004419-03,39716936,Awards,487,39716936
5UL1TR004419-03,39713327,Awards,487,39713327
5UL1TR004419-03,39711711,Awards,487,39711711
5UL1TR004419-03,39711543,Awards,487,39711543
5UL1TR004419-03,39709141,Awards,487,39709141
5UL1TR004419-03,39701022,Awards,487,39701022
5UL1TR004419-03,39700422,Awards,487,39700422
5UL1TR004419-03,39677706,Awards,487,39677706
5UL1TR004419-03,39663801,Awards,487,39663801
5UL1TR004419-03,39649609,Awards,487,39649609
5UL1TR004419-03,39627187,Awards,487,39627187
5UL1TR004419-03,39606472,Awards,487,39606472
5UL1TR004419-03,39606345,Awards,487,39606345
5UL1TR004419-03,39606191,Awards,487,39606191
5UL1TR004419-03,39605415,Awards,487,39605415
5UL1TR004419-03,39600525,Awards,487,39600525
5UL1TR004419-03,39592855,Awards,487,39592855
5UL1TR004419-03,39591878,Awards,487,39591878
5UL1TR004419-03,39589192,Awards,487,39589192
5UL1TR004419-03,39585963,Awards,487,39585963
5UL1TR004419-03,39580497,Awards,487,39580497
5UL1TR004419-03,39567710,Awards,487,39567710
5UL1TR004419-03,39566494,Awards,487,39566494
5UL1TR004419-03,39558090,Awards,487,39558090
5UL1TR004419-03,39554174,Awards,487,39554174
5UL1TR004419-03,39549765,Awards,487,39549765
5UL1TR004419-03,39542655,Awards,487,39542655
5UL1TR004419-03,39541732,Awards,487,39541732
5UL1TR004419-03,39536662,Awards,487,39536662
5UL1TR004419-03,39524206,Awards,487,39524206
5UL1TR004419-03,39521388,Awards,487,39521388
5UL1TR004419-03,39504245,Awards,487,39504245
5UL1TR004419-03,39481380,Awards,487,39481380
5UL1TR004419-03,39478230,Awards,487,39478230
5UL1TR004419-03,39464041,Awards,487,39464041
5UL1TR004419-03,39454027,Awards,487,39454027
5UL1TR004419-03,39447570,Awards,487,39447570
5UL1TR004419-03,39423850,Awards,487,39423850
5UL1TR004419-03,39402051,Awards,487,39402051
5UL1TR004419-03,39386704,Awards,487,39386704
5UL1TR004419-03,39384761,Awards,487,39384761
5UL1TR004419-03,39379499,Awards,487,39379499
5UL1TR004419-03,39375594,Awards,487,39375594
5UL1TR004419-03,39374897,Awards,487,39374897
5UL1TR004419-03,39372931,Awards,487,39372931
5UL1TR004419-03,39368809,Awards,487,39368809
5UL1TR004419-03,39345948,Awards,487,39345948
5UL1TR004419-03,39345488,Awards,487,39345488
5UL1TR004419-03,39343496,Awards,487,39343496
5UL1TR004419-03,39320087,Awards,487,39320087
5UL1TR004419-03,39316396,Awards,487,39316396
5UL1TR004419-03,39293757,Awards,487,39293757
5UL1TR004419-03,39283628,Awards,487,39283628
5UL1TR004419-03,39283238,Awards,487,39283238
5UL1TR004419-03,39265426,Awards,487,39265426
5UL1TR004419-03,39260536,Awards,487,39260536
5UL1TR004419-03,39251599,Awards,487,39251599
5UL1TR004419-03,39244607,Awards,487,39244607
5UL1TR004419-03,39235542,Awards,487,39235542
5UL1TR004419-03,39233096,Awards,487,39233096
5UL1TR004419-03,39207514,Awards,487,39207514
5UL1TR004419-03,39181999,Awards,487,39181999
5UL1TR004419-03,39180400,Awards,487,39180400
5UL1TR004419-03,39149451,Awards,487,39149451
5UL1TR004419-03,39148830,Awards,487,39148830
5UL1TR004419-03,39148827,Awards,487,39148827
5UL1TR004419-03,39148820,Awards,487,39148820
5UL1TR004419-03,39148818,Awards,487,39148818
5UL1TR004419-03,39147228,Awards,487,39147228
5UL1TR004419-03,39133553,Awards,487,39133553
5UL1TR004419-03,39118963,Awards,487,39118963
5UL1TR004419-03,39117147,Awards,487,39117147
5UL1TR004419-03,39095048,Awards,487,39095048
5UL1TR004419-03,39071292,Awards,487,39071292
5UL1TR004419-03,39060814,Awards,487,39060814
5UL1TR004419-03,39054313,Awards,487,39054313
5UL1TR004419-03,39046952,Awards,487,39046952
5UL1TR004419-03,39040191,Awards,487,39040191
5UL1TR004419-03,39029665,Awards,487,39029665
5UL1TR004419-03,39026764,Awards,487,39026764
5UL1TR004419-03,39021250,Awards,487,39021250
5UL1TR004419-03,39006413,Awards,487,39006413
5UL1TR004419-03,39000484,Awards,487,39000484
5UL1TR004419-03,38984754,Awards,487,38984754
5UL1TR004419-03,38976322,Awards,487,38976322
5UL1TR004419-03,38973267,Awards,487,38973267
5UL1TR004419-03,38964580,Awards,487,38964580
5UL1TR004419-03,38960320,Awards,487,38960320
5UL1TR004419-03,38947077,Awards,487,38947077
5UL1TR004419-03,38947033,Awards,487,38947033
5UL1TR004419-03,38947032,Awards,487,38947032
5UL1TR004419-03,38937887,Awards,487,38937887
5UL1TR004419-03,38937606,Awards,487,38937606
5UL1TR004419-03,38934093,Awards,487,38934093
5UL1TR004419-03,38932753,Awards,487,38932753
5UL1TR004419-03,38915184,Awards,487,38915184
5UL1TR004419-03,38885590,Awards,487,38885590
5UL1TR004419-03,38866556,Awards,487,38866556
5UL1TR004419-03,38866555,Awards,487,38866555
5UL1TR004419-03,38828430,Awards,487,38828430
5UL1TR004419-03,38818331,Awards,487,38818331
5UL1TR004419-03,38798338,Awards,487,38798338
5UL1TR004419-03,38796021,Awards,487,38796021
5UL1TR004419-03,38773772,Awards,487,38773772
5UL1TR004419-03,38766168,Awards,487,38766168
5UL1TR004419-03,38758124,Awards,487,38758124
5UL1TR004419-03,38746311,Awards,487,38746311
5UL1TR004419-03,38744503,Awards,487,38744503
5UL1TR004419-03,38741190,Awards,487,38741190
5UL1TR004419-03,38712255,Awards,487,38712255
5UL1TR004419-03,38699362,Awards,487,38699362
5UL1TR004419-03,38699298,Awards,487,38699298
5UL1TR004419-03,38687616,Awards,487,38687616
5UL1TR004419-03,38671065,Awards,487,38671065
5UL1TR004419-03,38659881,Awards,487,38659881
5UL1TR004419-03,38657914,Awards,487,38657914
5UL1TR004419-03,38657407,Awards,487,38657407
5UL1TR004419-03,38652672,Awards,487,38652672
5UL1TR004419-03,38648902,Awards,487,38648902
5UL1TR004419-03,38648692,Awards,487,38648692
5UL1TR004419-03,38640989,Awards,487,38640989
5UL1TR004419-03,38633792,Awards,487,38633792
5UL1TR004419-03,38630816,Awards,487,38630816
5UL1TR004419-03,38597304,Awards,487,38597304
5UL1TR004419-03,38592761,Awards,487,38592761
5UL1TR004419-03,38565563,Awards,487,38565563
5UL1TR004419-03,38559273,Awards,487,38559273
5UL1TR004419-03,38508241,Awards,487,38508241
5UL1TR004419-03,38464151,Awards,487,38464151
5UL1TR004419-03,38456551,Awards,487,38456551
5UL1TR004419-03,38448474,Awards,487,38448474
5UL1TR004419-03,38443464,Awards,487,38443464
5UL1TR004419-03,38431550,Awards,487,38431550
5UL1TR004419-03,38412256,Awards,487,38412256
5UL1TR004419-03,38410473,Awards,487,38410473
5UL1TR004419-03,38395697,Awards,487,38395697
5UL1TR004419-03,38395541,Awards,487,38395541
5UL1TR004419-03,38381324,Awards,487,38381324
5UL1TR004419-03,38370847,Awards,487,38370847
5UL1TR004419-03,38363634,Awards,487,38363634
5UL1TR004419-03,38354356,Awards,487,38354356
5UL1TR004419-03,38354342,Awards,487,38354342
5UL1TR004419-03,38352556,Awards,487,38352556
5UL1TR004419-03,38343740,Awards,487,38343740
5UL1TR004419-03,38343731,Awards,487,38343731
5UL1TR004419-03,38330728,Awards,487,38330728
5UL1TR004419-03,38328099,Awards,487,38328099
5UL1TR004419-03,38319712,Awards,487,38319712
5UL1TR004419-03,38309331,Awards,487,38309331
5UL1TR004419-03,38278245,Awards,487,38278245
5UL1TR004419-03,38277235,Awards,487,38277235
5UL1TR004419-03,38238779,Awards,487,38238779
5UL1TR004419-03,38221536,Awards,487,38221536
5UL1TR004419-03,38211685,Awards,487,38211685
5UL1TR004419-03,38207257,Awards,487,38207257
5UL1TR004419-03,38168118,Awards,487,38168118
5UL1TR004419-03,38157961,Awards,487,38157961
5UL1TR004419-03,38156471,Awards,487,38156471
5UL1TR004419-03,38154728,Awards,487,38154728
5UL1TR004419-03,38145728,Awards,487,38145728
5UL1TR004419-03,38135863,Awards,487,38135863
5UL1TR004419-03,38128386,Awards,487,38128386
5UL1TR004419-03,38112266,Awards,487,38112266
5UL1TR004419-03,38101622,Awards,487,38101622
5UL1TR004419-03,38090670,Awards,487,38090670
5UL1TR004419-03,38084892,Awards,487,38084892
5UL1TR004419-03,38082068,Awards,487,38082068
5UL1TR004419-03,37975497,Awards,487,37975497
5UL1TR004419-03,37973263,Awards,487,37973263
5UL1TR004419-03,37973255,Awards,487,37973255
5UL1TR004419-03,37933635,Awards,487,37933635
5UL1TR004419-03,37884142,Awards,487,37884142
5UL1TR004419-03,37819650,Awards,487,37819650
5UL1TR004419-03,37796549,Awards,487,37796549
5UL1TR004419-03,37772981,Awards,487,37772981
5UL1TR004419-03,37728489,Awards,487,37728489
5UL1TR004419-03,37694774,Awards,487,37694774
5UL1TR004419-03,37610319,Awards,487,37610319
5UL1TR004419-03,37577721,Awards,487,37577721
5UL1TR004419-03,37541974,Awards,487,37541974
5UL1TR004419-03,37503172,Awards,487,37503172
5UL1TR004419-03,37486364,Awards,487,37486364
5UL1TR004419-03,37454787,Awards,487,37454787
5UL1TR004419-03,37034715,Awards,487,37034715
5UL1TR004419-03,36169797,Awards,487,36169797
5UL1TR004419-03,35512185,Awards,487,35512185
5R01ES033436-04,38719081,Awards,488,38719081
5R01ES033436-04,37981721,Awards,488,37981721
5R01ES033436-04,37610319,Awards,488,37610319
5UG3OD023337-09,40588377,Awards,489,40588377
5UG3OD023337-09,40386437,Awards,489,40386437
5UG3OD023337-09,40089117,Awards,489,40089117
5UG3OD023337-09,40074732,Awards,489,40074732
5UG3OD023337-09,40013430,Awards,489,40013430
5UG3OD023337-09,39904821,Awards,489,39904821
5UG3OD023337-09,39884749,Awards,489,39884749
5UG3OD023337-09,39786706,Awards,489,39786706
5UG3OD023337-09,39778060,Awards,489,39778060
5UG3OD023337-09,39762643,Awards,489,39762643
5UG3OD023337-09,39731317,Awards,489,39731317
5UG3OD023337-09,39655664,Awards,489,39655664
5UG3OD023337-09,39642347,Awards,489,39642347
5UG3OD023337-09,39599589,Awards,489,39599589
5UG3OD023337-09,39570591,Awards,489,39570591
5UG3OD023337-09,39567710,Awards,489,39567710
5UG3OD023337-09,39501816,Awards,489,39501816
5UG3OD023337-09,39473136,Awards,489,39473136
5UG3OD023337-09,39447895,Awards,489,39447895
5UG3OD023337-09,39437621,Awards,489,39437621
5UG3OD023337-09,39342237,Awards,489,39342237
5UG3OD023337-09,39186267,Awards,489,39186267
5UG3OD023337-09,38953698,Awards,489,38953698
5UG3OD023337-09,38892704,Awards,489,38892704
5UG3OD023337-09,38796448,Awards,489,38796448
5UG3OD023337-09,38782975,Awards,489,38782975
5UG3OD023337-09,38719081,Awards,489,38719081
5UG3OD023337-09,38657407,Awards,489,38657407
5UG3OD023337-09,38598238,Awards,489,38598238
5UG3OD023337-09,38548252,Awards,489,38548252
5UG3OD023337-09,38486952,Awards,489,38486952
5UG3OD023337-09,38431121,Awards,489,38431121
5UG3OD023337-09,38407105,Awards,489,38407105
5UG3OD023337-09,38382019,Awards,489,38382019
5UG3OD023337-09,38367551,Awards,489,38367551
5UG3OD023337-09,38145728,Awards,489,38145728
5UG3OD023337-09,38111349,Awards,489,38111349
5UG3OD023337-09,38101622,Awards,489,38101622
5UG3OD023337-09,37981721,Awards,489,37981721
5UG3OD023337-09,37973263,Awards,489,37973263
5UG3OD023337-09,37610319,Awards,489,37610319
5UG3OD023337-09,36781160,Awards,489,36781160
5K12ES033594-03,39648751,Awards,490,39648751
5K12ES033594-03,39582260,Awards,490,39582260
5K12ES033594-03,39343496,Awards,490,39343496
5K12ES033594-03,38892704,Awards,490,38892704
5K12ES033594-03,38330728,Awards,490,38330728
5K12ES033594-03,38295102,Awards,490,38295102
5K12ES033594-03,38056610,Awards,490,38056610
5K12ES033594-03,37971952,Awards,490,37971952
5K12ES033594-03,37694774,Awards,490,37694774
5K12ES033594-03,37034715,Awards,490,37034715
1R21ES035169-01A1,39501816,Awards,491,39501816
1R21ES035169-01A1,39447895,Awards,491,39447895
1R21ES035169-01A1,38548252,Awards,491,38548252
2R35GM131780-06,40473611,Awards,493,40473611
2R35GM131780-06,40186057,Awards,493,40186057
2R35GM131780-06,39244607,Awards,493,39244607
2R35GM131780-06,38898102,Awards,493,38898102
2R35GM131780-06,38889725,Awards,493,38889725
2R35GM131780-06,38844755,Awards,493,38844755
2R35GM131780-06,38798402,Awards,493,38798402
2R35GM131780-06,38720088,Awards,493,38720088
2R35GM131780-06,38328099,Awards,493,38328099
2R35GM131780-06,38321146,Awards,493,38321146
5R01GM147211-02,39180400,Awards,495,39180400
5R01AI168004-03,38657041,Awards,497,38657041
5R01DA058681-02,39187388,Awards,498,39187388
5R01DA058681-02,39103231,Awards,498,39103231
5R01DA058681-02,38705568,Awards,498,38705568
5R01DA008863-29,39187388,Awards,499,39187388
5R01DA008863-29,39103231,Awards,499,39103231
5R01DA008863-29,39009835,Awards,499,39009835
5R01DA008863-29,38705568,Awards,499,38705568
1R21DA059420-01,40056143,Awards,500,40056143
1R21DA059420-01,39713468,Awards,500,39713468
1R01HL173203-01,39966642,Awards,501,39966642
5R01HL158998-03,39732652,Awards,503,39732652
5R01CA268384-03,40202531,Awards,504,40202531
5R01CA268384-03,38469801,Awards,504,38469801
5R01AG084184-02,40610428,Awards,505,40610428
5R01AG084184-02,40328756,Awards,505,40328756
5R01AG084184-02,39011107,Awards,505,39011107
5R01AG084184-02,38796700,Awards,505,38796700
5R01CA260666-04,40202531,Awards,506,40202531
5R01CA260666-04,40087269,Awards,506,40087269
5R01CA260666-04,39196923,Awards,506,39196923
5R01CA260666-04,39168637,Awards,506,39168637
5R01CA260666-04,38469801,Awards,506,38469801
5R01CA260666-04,38141874,Awards,506,38141874
5R01CA260666-04,38135180,Awards,506,38135180
5R35GM124838-08,39180400,Awards,508,39180400
5R35GM124838-08,38915184,Awards,508,38915184
5R35GM124838-08,38370847,Awards,508,38370847
5U24CA264250-03,40501705,Awards,509,40501705
5U24CA264250-03,40308216,Awards,509,40308216
5U24CA264250-03,40133794,Awards,509,40133794
5U24CA264250-03,39569206,Awards,509,39569206
5U24CA264250-03,39565691,Awards,509,39565691
5U24CA264250-03,39127042,Awards,509,39127042
5U24CA264250-03,38645198,Awards,509,38645198
5U24CA264250-03,38643247,Awards,509,38643247
5U24CA264250-03,38359819,Awards,509,38359819
3OT2OD030160-01S5,40501705,Awards,510,40501705
3OT2OD030160-01S5,40308216,Awards,510,40308216
3OT2OD030160-01S5,40133794,Awards,510,40133794
3OT2OD030160-01S5,39569206,Awards,510,39569206
3OT2OD030160-01S5,39565691,Awards,510,39565691
3OT2OD030160-01S5,39127042,Awards,510,39127042
3OT2OD030160-01S5,38645198,Awards,510,38645198
3OT2OD030160-01S5,38643247,Awards,510,38643247
3OT2OD036435-01S1,40501705,Awards,511,40501705
3OT2OD036435-01S1,40308216,Awards,511,40308216
3OT2OD036435-01S1,40208796,Awards,511,40208796
3OT2OD036435-01S1,40133794,Awards,511,40133794
3OT2OD036435-01S1,39990419,Awards,511,39990419
3OT2OD036435-01S1,39569206,Awards,511,39569206
3OT2OD036435-01S1,39565691,Awards,511,39565691
3OT2OD036435-01S1,39415993,Awards,511,39415993
3OT2OD036435-01S1,38645198,Awards,511,38645198
3OT2OD036435-01S1,38643247,Awards,511,38643247
3OT2OD036435-01S1,38339304,Awards,511,38339304
5R01CA277794-11,39406732,Awards,512,39406732
5R01CA277794-11,38763337,Awards,512,38763337
5R01CA277794-11,38597304,Awards,512,38597304
5R35GM137905-05,39447570,Awards,513,39447570
5R35GM137905-05,39180400,Awards,513,39180400
5R35GM137905-05,39127037,Awards,513,39127037
5R35GM137905-05,38955181,Awards,513,38955181
5R01AI163011-03,39447570,Awards,514,39447570
5R01AI163011-03,38326495,Awards,514,38326495
5R01HL167520-02,39259757,Awards,516,39259757
5R01HL167520-02,38758124,Awards,516,38758124
5R01HL167520-02,38260376,Awards,516,38260376
2R35GM133504-06,38720072,Awards,517,38720072
2R35GM133504-06,38630816,Awards,517,38630816
2R35GM133504-06,38168118,Awards,517,38168118
5R35GM138214-06,38170904,Awards,518,38170904
5R01GM146061-04,38657601,Awards,519,38657601
5R01GM143440-04,40348873,Awards,521,40348873
5R01GM143440-04,39609651,Awards,521,39609651
5R01GM143440-04,38890331,Awards,521,38890331
5R01AG071870-04,40480851,Awards,522,40480851
5R01AG071870-04,39713333,Awards,522,39713333
5R01AG071870-04,39548323,Awards,522,39548323
5R01AG071870-04,39096452,Awards,522,39096452
5R01AG071870-04,38963696,Awards,522,38963696
5R01AG071870-04,38718755,Awards,522,38718755
5R01AG071870-04,38579764,Awards,522,38579764
5R01AG071870-04,38463956,Awards,522,38463956
5R01AG071870-04,38370676,Awards,522,38370676
5R01AG074092-04,40480851,Awards,523,40480851
5R01AG074092-04,39713333,Awards,523,39713333
5R01AG074092-04,39548323,Awards,523,39548323
5R01AG074092-04,39096452,Awards,523,39096452
5R01AG074092-04,38963696,Awards,523,38963696
5R01AG074092-04,38718755,Awards,523,38718755
5R01AG074092-04,38579764,Awards,523,38579764
5R01AG074092-04,38463956,Awards,523,38463956
5R01AG074092-04,38370676,Awards,523,38370676
2U19AG060917-06,40480851,Awards,524,40480851
2U19AG060917-06,39713333,Awards,524,39713333
2U19AG060917-06,39548323,Awards,524,39548323
2U19AG060917-06,39394788,Awards,524,39394788
2U19AG060917-06,39096452,Awards,524,39096452
2U19AG060917-06,38963696,Awards,524,38963696
2U19AG060917-06,38718755,Awards,524,38718755
2U19AG060917-06,38579764,Awards,524,38579764
2U19AG060917-06,38463956,Awards,524,38463956
2U19AG060917-06,38370676,Awards,524,38370676
5U01AG073148-04,40480851,Awards,525,40480851
5U01AG073148-04,39713333,Awards,525,39713333
5U01AG073148-04,39548323,Awards,525,39548323
5U01AG073148-04,39096452,Awards,525,39096452
5U01AG073148-04,38963696,Awards,525,38963696
5U01AG073148-04,38718755,Awards,525,38718755
5U01AG073148-04,38579764,Awards,525,38579764
5U01AG073148-04,38463956,Awards,525,38463956
5U01AG073148-04,38370676,Awards,525,38370676
5F30HL160179-04,39310778,Awards,526,39310778
5R01AI177461-02,40044670,Awards,527,40044670
5R01AI177461-02,39572658,Awards,527,39572658
5R01AG072562-04,40044670,Awards,528,40044670
5R01AG072562-04,39572658,Awards,528,39572658
5R01AG072562-04,38215053,Awards,528,38215053
5K23AG075188-04,39814366,Awards,529,39814366
3R01NS115957-05S1,39501534,Awards,530,39501534
3R01NS115957-05S1,38323539,Awards,530,38323539
5R00HD106060-04,40574978,Awards,531,40574978
5R00HD106060-04,39974133,Awards,531,39974133
5R00HD106060-04,39926612,Awards,531,39926612
5R00HD106060-04,39374687,Awards,531,39374687
5R00HD106060-04,38913739,Awards,531,38913739
5R00HD106060-04,38686872,Awards,531,38686872
5R00HD106060-04,38417777,Awards,531,38417777
1R01DA059455-01A1,39763617,Awards,533,39763617
5R01DA054526-04,40609533,Awards,535,40609533
5R01DA054526-04,39911537,Awards,535,39911537
5R01DA054526-04,39599911,Awards,535,39599911
5R01DA054526-04,39529883,Awards,535,39529883
5R01DA054526-04,38529284,Awards,535,38529284
5R01DA054526-04,38332016,Awards,535,38332016
5DP1DA056018-03,39631398,Awards,536,39631398
5DP1DA056018-03,39378335,Awards,536,39378335
5DP1DA056018-03,38937606,Awards,536,38937606
5R33DA048207-05,39974894,Awards,537,39974894
5U01DA053600-04,39974894,Awards,538,39974894
5U01DA053600-04,38879719,Awards,538,38879719
5R01DA049547-03,39842704,Awards,539,39842704
5R01DA049547-03,39788040,Awards,539,39788040
5R01DA049547-03,39551266,Awards,539,39551266
5R01DA049547-03,39399057,Awards,539,39399057
5R01DA049547-03,39362849,Awards,539,39362849
5R01DA049547-03,39178113,Awards,539,39178113
5R01DA049547-03,39147201,Awards,539,39147201
5R01DA049547-03,39026764,Awards,539,39026764
5R01DA049547-03,39020140,Awards,539,39020140
5R01DA049547-03,38946983,Awards,539,38946983
5R01DA049547-03,38850196,Awards,539,38850196
5R01DA049547-03,38765879,Awards,539,38765879
5R01DA049547-03,38753456,Awards,539,38753456
5R01DA049547-03,38746340,Awards,539,38746340
5R01DA049547-03,38685398,Awards,539,38685398
5R01DA049547-03,38631773,Awards,539,38631773
5R01DA049547-03,38575752,Awards,539,38575752
5R01DA049547-03,38324323,Awards,539,38324323
5R01DA049547-03,38218349,Awards,539,38218349
5R01DA049547-03,38078997,Awards,539,38078997
5R01DA049547-03,38050951,Awards,539,38050951
5R01DA049547-03,37961156,Awards,539,37961156
5R01DA049547-03,37951322,Awards,539,37951322
5R01DA049547-03,37693420,Awards,539,37693420
5R01DA049547-03,37434487,Awards,539,37434487
5R01MH124776-04,40552303,Awards,540,40552303
5R01MH124776-04,40313214,Awards,540,40313214
5R01MH124776-04,39491788,Awards,540,39491788
5R01MH124776-04,39441185,Awards,540,39441185
5R01MH124776-04,39342040,Awards,540,39342040
5R01MH124776-04,39209009,Awards,540,39209009
5R01MH124776-04,39084542,Awards,540,39084542
5R01MH124776-04,38750701,Awards,540,38750701
5R01MH124776-04,38522364,Awards,540,38522364
5R01MH124776-04,38504979,Awards,540,38504979
5R01MH124776-04,38158849,Awards,540,38158849
2R01MH122869-05,40593436,Awards,541,40593436
2R01MH122869-05,39806199,Awards,541,39806199
2R01MH122869-05,39441185,Awards,541,39441185
2R01MH122869-05,38489019,Awards,541,38489019
2R01MH122869-05,38347808,Awards,541,38347808
2R01MH122869-05,37990478,Awards,541,37990478
2R01MH122869-05,37421329,Awards,541,37421329
5R21MH129898-02,39638843,Awards,542,39638843
5R21MH129898-02,38741168,Awards,542,38741168
5R21MH129898-02,38583931,Awards,542,38583931
5R01MH132786-02,38583931,Awards,543,38583931
1R21MH137536-01,39072027,Awards,544,39072027
1R01AG087324-01,39537590,Awards,545,39537590
1R01AG087324-01,38926387,Awards,545,38926387
5R03AG080170-02,39537590,Awards,546,39537590
5R03AG080170-02,38926387,Awards,546,38926387
5R03AG080170-02,38765961,Awards,546,38765961
5R01MH128813-03,39830258,Awards,547,39830258
5R01MH128813-03,38633780,Awards,547,38633780
5R01MH128813-03,38016473,Awards,547,38016473
5R01MH129724-03,39867378,Awards,548,39867378
5R01MH129724-03,39830258,Awards,548,39830258
5R01MH129724-03,38633780,Awards,548,38633780
5K99MH128540-02,40360802,Awards,549,40360802
5K99MH128540-02,40122455,Awards,549,40122455
5K99MH128540-02,38997333,Awards,549,38997333
5K99MH128540-02,38712091,Awards,549,38712091
5K99MH128540-02,38113811,Awards,549,38113811
5K99MH128540-02,38016473,Awards,549,38016473
5R01MH132239-02,39106814,Awards,552,39106814
5R01MH132239-02,39081014,Awards,552,39081014
5R01MH131537-02,40374608,Awards,554,40374608
5R01MH131537-02,39605424,Awards,554,39605424
5R01MH131537-02,39592611,Awards,554,39592611
5R01HD104609-04,40374608,Awards,555,40374608
5R01HD104609-04,39878593,Awards,555,39878593
5R01HD104609-04,39828505,Awards,555,39828505
5R01HD104609-04,39605424,Awards,555,39605424
5R01HD104609-04,39167997,Awards,555,39167997
5R01HD104609-04,38976626,Awards,555,38976626
5R01MH122590-05,39962241,Awards,556,39962241
5R01MH122590-05,38913688,Awards,556,38913688
5R01MH122590-05,38781390,Awards,556,38781390
5R01MH122590-05,38781370,Awards,556,38781370
5R01MH122590-05,38781369,Awards,556,38781369
5R01MH122590-05,38781356,Awards,556,38781356
5R01MH122590-05,38781336,Awards,556,38781336
5R01MH122590-05,38781333,Awards,556,38781333
5R01MH122590-05,38562822,Awards,556,38562822
5R01MH122590-05,38395959,Awards,556,38395959
5R01MH122590-05,38321095,Awards,556,38321095
5R01MH122590-05,37712493,Awards,556,37712493
1K01DA059689-01A1,38706340,Awards,557,38706340
1R01MH133625-01A1,39638843,Awards,558,39638843
5R21DA058801-02,37961156,Awards,561,37961156
5R01DA048301-05,40441339,Awards,562,40441339
5R01DA048301-05,39788040,Awards,562,39788040
5R01DA048301-05,39606326,Awards,562,39606326
5R01DA048301-05,39399057,Awards,562,39399057
5R01DA048301-05,39020140,Awards,562,39020140
5R01DA048301-05,38850196,Awards,562,38850196
5R01DA048301-05,38324323,Awards,562,38324323
5R01DA048301-05,37693420,Awards,562,37693420
5R01DA048301-05,37434487,Awards,562,37434487
5R01MH124679-04,40360802,Awards,564,40360802
5R01MH124679-04,39649579,Awards,564,39649579
5R01MH124679-04,38836850,Awards,564,38836850
5R01MH124679-04,38712091,Awards,564,38712091
5R01MH124679-04,38214631,Awards,564,38214631
5R01MH124679-04,38016473,Awards,564,38016473
5R01MH124679-04,37946624,Awards,564,37946624
5R01MH121411-05,40483322,Awards,565,40483322
5R01MH121411-05,40117765,Awards,565,40117765
5R01MH121411-05,39658357,Awards,565,39658357
5R01DA055434-03,39763802,Awards,567,39763802
5R01DA055434-03,39236155,Awards,567,39236155
5R01DA055434-03,38890400,Awards,567,38890400
5R01DA055434-03,38706340,Awards,567,38706340
4UH3DA050323-02,37643301,Awards,568,37643301
5R01MH124817-04,39891002,Awards,570,39891002
5R01MH124817-04,39627412,Awards,570,39627412
5R01MH124817-04,39371166,Awards,570,39371166
5T32MH122394-05,40321774,Awards,571,40321774
5T32MH122394-05,39891002,Awards,571,39891002
5T32MH122394-05,39763535,Awards,571,39763535
5T32MH122394-05,39697392,Awards,571,39697392
5T32MH122394-05,39693067,Awards,571,39693067
5T32MH122394-05,39615789,Awards,571,39615789
5T32MH122394-05,39606472,Awards,571,39606472
5T32MH122394-05,39606326,Awards,571,39606326
5T32MH122394-05,39530592,Awards,571,39530592
5T32MH122394-05,39503777,Awards,571,39503777
5T32MH122394-05,39484445,Awards,571,39484445
5T32MH122394-05,39423850,Awards,571,39423850
5T32MH122394-05,39321638,Awards,571,39321638
5T32MH122394-05,39019039,Awards,571,39019039
5T32MH122394-05,38958993,Awards,571,38958993
5T32MH122394-05,38949537,Awards,571,38949537
5T32MH122394-05,38946983,Awards,571,38946983
5T32MH122394-05,38901423,Awards,571,38901423
5T32MH122394-05,38823495,Awards,571,38823495
5T32MH122394-05,38461964,Awards,571,38461964
5T32MH122394-05,38414716,Awards,571,38414716
5T32MH122394-05,38395541,Awards,571,38395541
5T32MH122394-05,38354871,Awards,571,38354871
5T32MH122394-05,38353974,Awards,571,38353974
5T32MH122394-05,38284341,Awards,571,38284341
5T32MH122394-05,38141909,Awards,571,38141909
5T32MH122394-05,37961156,Awards,571,37961156
5T32MH122394-05,37819650,Awards,571,37819650
5T32MH122394-05,37737273,Awards,571,37737273
5T32MH122394-05,37434487,Awards,571,37434487
5R01MH130354-03,39419768,Awards,574,39419768
5R01MH130354-03,38961482,Awards,574,38961482
5R61AG083582-02,39658879,Awards,576,39658879
5R61AG083582-02,38333772,Awards,576,38333772
5R61AG083582-02,38215053,Awards,576,38215053
5UH2AG083258-02,40491569,Awards,577,40491569
5UH2AG083258-02,39658879,Awards,577,39658879
5UH2AG083258-02,38333772,Awards,577,38333772
5UH2AG083258-02,38215053,Awards,577,38215053
5R01AG083840-02,40437880,Awards,578,40437880
5R01AG083840-02,39658879,Awards,578,39658879
5R01AG083840-02,39535468,Awards,578,39535468
5R01AG083840-02,39484241,Awards,578,39484241
5R01AG083840-02,38485127,Awards,578,38485127
5R01AG083840-02,38333772,Awards,578,38333772
5R01AG083840-02,38284802,Awards,578,38284802
5R01AG083840-02,38215053,Awards,578,38215053
5R01AG083840-02,37769652,Awards,578,37769652
5R21MH131933-02,39711717,Awards,579,39711717
5R21MH131933-02,39314949,Awards,579,39314949
5R21MH131933-02,37546727,Awards,579,37546727
1R34DA061263-01,40615554,Awards,580,40615554
1R34DA061263-01,38839538,Awards,580,38839538
2R01MH118297-06,40615554,Awards,582,40615554
2R01MH118297-06,39939764,Awards,582,39939764
2R01MH118297-06,39292771,Awards,582,39292771
2R01MH118297-06,38839538,Awards,582,38839538
2R01MH118297-06,38377990,Awards,582,38377990
1R01MH132733-01A1,39381946,Awards,583,39381946
1R01MH132733-01A1,39132474,Awards,583,39132474
5R01MH124839-04,40623285,Awards,584,40623285
5R01MH124839-04,40568675,Awards,584,40568675
5R01MH124839-04,40562893,Awards,584,40562893
5R01MH124839-04,40322774,Awards,584,40322774
5R01MH124839-04,39843750,Awards,584,39843750
5R01MH124839-04,39764137,Awards,584,39764137
5R01MH124839-04,39730880,Awards,584,39730880
5R01MH124839-04,39649609,Awards,584,39649609
5R01MH124839-04,39606413,Awards,584,39606413
5R01MH124839-04,39569450,Awards,584,39569450
5R01MH124839-04,39484441,Awards,584,39484441
5R01MH124839-04,39399035,Awards,584,39399035
5R01MH124839-04,39388989,Awards,584,39388989
5R01MH124839-04,39308203,Awards,584,39308203
5R01MH124839-04,39301620,Awards,584,39301620
5R01MH124839-04,39229156,Awards,584,39229156
5R01MH124839-04,39148498,Awards,584,39148498
5R01MH124839-04,39132474,Awards,584,39132474
5R01MH124839-04,39026810,Awards,584,39026810
5R01MH124839-04,38831010,Awards,584,38831010
5R01MH124839-04,38826319,Awards,584,38826319
5R01MH124839-04,38766033,Awards,584,38766033
5R01MH124839-04,38585944,Awards,584,38585944
5R01MH124839-04,38464132,Awards,584,38464132
5R01MH124839-04,38405768,Awards,584,38405768
5R01MH124839-04,38383672,Awards,584,38383672
5R01MH124839-04,38347808,Awards,584,38347808
5R01MH124839-04,38336601,Awards,584,38336601
5R01MH124839-04,38298792,Awards,584,38298792
5R01MH124839-04,38260678,Awards,584,38260678
5R01MH124839-04,38244365,Awards,584,38244365
5R01MH124839-04,38040602,Awards,584,38040602
5R01MH124839-04,37678542,Awards,584,37678542
5R01MH124839-04,37348803,Awards,584,37348803
5U19AT010835-05,37838079,Awards,585,37838079
7R01MH125004-04,39019006,Awards,587,39019006
5R01DA058039-02,39026764,Awards,589,39026764
5R61DA056779-02,39026764,Awards,590,39026764
5R25MH129256-02,40644558,Awards,591,40644558
5R25MH129256-02,40643356,Awards,591,40643356
5R25MH129256-02,40601747,Awards,591,40601747
5R25MH129256-02,40122772,Awards,591,40122772
5R25MH129256-02,39925007,Awards,591,39925007
5R25MH129256-02,39838110,Awards,591,39838110
5R25MH129256-02,39605399,Awards,591,39605399
5R25MH129256-02,39416157,Awards,591,39416157
5R25MH129256-02,39267052,Awards,591,39267052
5R25MH129256-02,39187183,Awards,591,39187183
5R25MH129256-02,38959503,Awards,591,38959503
5R25MH129256-02,38926387,Awards,591,38926387
5R25MH129256-02,38864154,Awards,591,38864154
5R25MH129256-02,38298803,Awards,591,38298803
5R25MH129256-02,38260368,Awards,591,38260368
5R25MH129256-02,37914893,Awards,591,37914893
5R25MH129256-02,37846128,Awards,591,37846128
5K99MH132873-02,39242805,Awards,592,39242805
5R21DK129908-03,39010139,Awards,593,39010139
5R01MH128971-03,40274815,Awards,594,40274815
5R01MH128971-03,39773326,Awards,594,39773326
5R01MH128971-03,39488945,Awards,594,39488945
5R01MH128971-03,38948832,Awards,594,38948832
5R01MH128971-03,38811692,Awards,594,38811692
5R01HD107528-03,39406732,Awards,595,39406732
5R01HD107528-03,39310778,Awards,595,39310778
5R01HD111117-02,40593436,Awards,597,40593436
5R01HD111117-02,39711717,Awards,597,39711717
5R01HD111117-02,39314949,Awards,597,39314949
5R01HD111117-02,37546727,Awards,597,37546727
5R01HD109613-03,40311333,Awards,598,40311333
5R01HD109613-03,38522364,Awards,598,38522364
5R01HD109613-03,38504979,Awards,598,38504979
5R01HD109613-03,38134722,Awards,598,38134722
5R01AG050986-09,40603300,Awards,599,40603300
5R01AG050986-09,40502140,Awards,599,40502140
5R01AG050986-09,39983974,Awards,599,39983974
5R01AG050986-09,39962241,Awards,599,39962241
5R01AG050986-09,39763727,Awards,599,39763727
5R01AG050986-09,39578476,Awards,599,39578476
5R01AG050986-09,39353437,Awards,599,39353437
5R01AG050986-09,38781369,Awards,599,38781369
5R01AG050986-09,38645177,Awards,599,38645177
5R01AG050986-09,38562822,Awards,599,38562822
5R01AG050986-09,38145985,Awards,599,38145985
5R01AG050986-09,36993704,Awards,599,36993704
5R01MH125246-04,40233938,Awards,600,40233938
5R01MH125246-04,39983974,Awards,600,39983974
5R01MH125246-04,39974071,Awards,600,39974071
5R01MH125246-04,39962241,Awards,600,39962241
5R01MH125246-04,39867394,Awards,600,39867394
5R01MH125246-04,39855972,Awards,600,39855972
5R01MH125246-04,39763727,Awards,600,39763727
5R01MH125246-04,39711543,Awards,600,39711543
5R01MH125246-04,39658624,Awards,600,39658624
5R01MH125246-04,39578476,Awards,600,39578476
5R01MH125246-04,39353437,Awards,600,39353437
5R01MH125246-04,39252912,Awards,600,39252912
5R01MH125246-04,38821194,Awards,600,38821194
5R01MH125246-04,38781390,Awards,600,38781390
5R01MH125246-04,38781369,Awards,600,38781369
5R01MH125246-04,38745458,Awards,600,38745458
5R01MH125246-04,38645177,Awards,600,38645177
5R01MH125246-04,38562822,Awards,600,38562822
5R01MH125246-04,38145985,Awards,600,38145985
5R01MH125246-04,37454787,Awards,600,37454787
5R01MH125246-04,36993704,Awards,600,36993704
5R01AG065582-05,40603300,Awards,601,40603300
5R01AG065582-05,40480991,Awards,601,40480991
5R01AG065582-05,40060050,Awards,601,40060050
5R01AG065582-05,39983974,Awards,601,39983974
5R01AG065582-05,39975411,Awards,601,39975411
5R01AG065582-05,39974071,Awards,601,39974071
5R01AG065582-05,39962241,Awards,601,39962241
5R01AG065582-05,39855972,Awards,601,39855972
5R01AG065582-05,39763727,Awards,601,39763727
5R01AG065582-05,39711543,Awards,601,39711543
5R01AG065582-05,39677435,Awards,601,39677435
5R01AG065582-05,39578476,Awards,601,39578476
5R01AG065582-05,39026764,Awards,601,39026764
5R01AG065582-05,39024449,Awards,601,39024449
5R01AG065582-05,38826407,Awards,601,38826407
5R01AG065582-05,38821194,Awards,601,38821194
5R01AG065582-05,38781369,Awards,601,38781369
5R01AG065582-05,38645177,Awards,601,38645177
5R01AG065582-05,38562822,Awards,601,38562822
5R01AG065582-05,38343831,Awards,601,38343831
5R01AG065582-05,38145985,Awards,601,38145985
5R01AG065582-05,36993704,Awards,601,36993704
1U24AG087563-01,39867394,Awards,602,39867394
1U24AG087563-01,39855972,Awards,602,39855972
1U24AG087563-01,39252912,Awards,602,39252912
1R01HD113669-01,39606368,Awards,603,39606368
5P30AG066514-05,40621876,Awards,604,40621876
5P30AG066514-05,40607454,Awards,604,40607454
5P30AG066514-05,40585241,Awards,604,40585241
5P30AG066514-05,40585075,Awards,604,40585075
5P30AG066514-05,40567433,Awards,604,40567433
5P30AG066514-05,40545618,Awards,604,40545618
5P30AG066514-05,40545555,Awards,604,40545555
5P30AG066514-05,40538025,Awards,604,40538025
5P30AG066514-05,40528277,Awards,604,40528277
5P30AG066514-05,40502602,Awards,604,40502602
5P30AG066514-05,40502591,Awards,604,40502591
5P30AG066514-05,40502575,Awards,604,40502575
5P30AG066514-05,40502569,Awards,604,40502569
5P30AG066514-05,40502266,Awards,604,40502266
5P30AG066514-05,40502163,Awards,604,40502163
5P30AG066514-05,40492063,Awards,604,40492063
5P30AG066514-05,40481857,Awards,604,40481857
5P30AG066514-05,40463251,Awards,604,40463251
5P30AG066514-05,40407102,Awards,604,40407102
5P30AG066514-05,40390234,Awards,604,40390234
5P30AG066514-05,40382659,Awards,604,40382659
5P30AG066514-05,40356023,Awards,604,40356023
5P30AG066514-05,40356018,Awards,604,40356018
5P30AG066514-05,40346726,Awards,604,40346726
5P30AG066514-05,40323260,Awards,604,40323260
5P30AG066514-05,40299764,Awards,604,40299764
5P30AG066514-05,40293530,Awards,604,40293530
5P30AG066514-05,40220663,Awards,604,40220663
5P30AG066514-05,40170292,Awards,604,40170292
5P30AG066514-05,40166530,Awards,604,40166530
5P30AG066514-05,40166159,Awards,604,40166159
5P30AG066514-05,40145251,Awards,604,40145251
5P30AG066514-05,40110684,Awards,604,40110684
5P30AG066514-05,40110658,Awards,604,40110658
5P30AG066514-05,40095078,Awards,604,40095078
5P30AG066514-05,40093234,Awards,604,40093234
5P30AG066514-05,40055946,Awards,604,40055946
5P30AG066514-05,40050014,Awards,604,40050014
5P30AG066514-05,40034133,Awards,604,40034133
5P30AG066514-05,40025710,Awards,604,40025710
5P30AG066514-05,39875385,Awards,604,39875385
5P30AG066514-05,39868756,Awards,604,39868756
5P30AG066514-05,39867413,Awards,604,39867413
5P30AG066514-05,39865328,Awards,604,39865328
5P30AG066514-05,39835592,Awards,604,39835592
5P30AG066514-05,39830268,Awards,604,39830268
5P30AG066514-05,39822590,Awards,604,39822590
5P30AG066514-05,39762366,Awards,604,39762366
5P30AG066514-05,39737787,Awards,604,39737787
5P30AG066514-05,39737785,Awards,604,39737785
5P30AG066514-05,39721217,Awards,604,39721217
5P30AG066514-05,39713891,Awards,604,39713891
5P30AG066514-05,39711133,Awards,604,39711133
5P30AG066514-05,39677464,Awards,604,39677464
5P30AG066514-05,39649607,Awards,604,39649607
5P30AG066514-05,39648200,Awards,604,39648200
5P30AG066514-05,39621511,Awards,604,39621511
5P30AG066514-05,39607591,Awards,604,39607591
5P30AG066514-05,39559932,Awards,604,39559932
5P30AG066514-05,39554163,Awards,604,39554163
5P30AG066514-05,39546031,Awards,604,39546031
5P30AG066514-05,39503843,Awards,604,39503843
5P30AG066514-05,39499046,Awards,604,39499046
5P30AG066514-05,39496718,Awards,604,39496718
5P30AG066514-05,39496102,Awards,604,39496102
5P30AG066514-05,39484274,Awards,604,39484274
5P30AG066514-05,39483910,Awards,604,39483910
5P30AG066514-05,39444005,Awards,604,39444005
5P30AG066514-05,39428957,Awards,604,39428957
5P30AG066514-05,39417691,Awards,604,39417691
5P30AG066514-05,39417134,Awards,604,39417134
5P30AG066514-05,39394362,Awards,604,39394362
5P30AG066514-05,39371140,Awards,604,39371140
5P30AG066514-05,39365322,Awards,604,39365322
5P30AG066514-05,39352226,Awards,604,39352226
5P30AG066514-05,39294787,Awards,604,39294787
5P30AG066514-05,39276722,Awards,604,39276722
5P30AG066514-05,39251599,Awards,604,39251599
5P30AG066514-05,39207946,Awards,604,39207946
5P30AG066514-05,39195563,Awards,604,39195563
5P30AG066514-05,39185475,Awards,604,39185475
5P30AG066514-05,39166851,Awards,604,39166851
5P30AG066514-05,39154163,Awards,604,39154163
5P30AG066514-05,39153054,Awards,604,39153054
5P30AG066514-05,39055313,Awards,604,39055313
5P30AG066514-05,39024720,Awards,604,39024720
5P30AG066514-05,39018014,Awards,604,39018014
5P30AG066514-05,39013750,Awards,604,39013750
5P30AG066514-05,39006222,Awards,604,39006222
5P30AG066514-05,38995786,Awards,604,38995786
5P30AG066514-05,38974877,Awards,604,38974877
5P30AG066514-05,38965435,Awards,604,38965435
5P30AG066514-05,38943387,Awards,604,38943387
5P30AG066514-05,38903124,Awards,604,38903124
5P30AG066514-05,38896163,Awards,604,38896163
5P30AG066514-05,38859733,Awards,604,38859733
5P30AG066514-05,38854101,Awards,604,38854101
5P30AG066514-05,38842328,Awards,604,38842328
5P30AG066514-05,38803218,Awards,604,38803218
5P30AG066514-05,38788065,Awards,604,38788065
5P30AG066514-05,38780681,Awards,604,38780681
5P30AG066514-05,38759012,Awards,604,38759012
5P30AG066514-05,38753380,Awards,604,38753380
5P30AG066514-05,38746455,Awards,604,38746455
5P30AG066514-05,38746437,Awards,604,38746437
5P30AG066514-05,38712073,Awards,604,38712073
5P30AG066514-05,38639110,Awards,604,38639110
5P30AG066514-05,38612729,Awards,604,38612729
5P30AG066514-05,38598986,Awards,604,38598986
5P30AG066514-05,38574399,Awards,604,38574399
5P30AG066514-05,38559129,Awards,604,38559129
5P30AG066514-05,38553838,Awards,604,38553838
5P30AG066514-05,38526701,Awards,604,38526701
5P30AG066514-05,38520489,Awards,604,38520489
5P30AG066514-05,38507374,Awards,604,38507374
5P30AG066514-05,38464214,Awards,604,38464214
5P30AG066514-05,38460116,Awards,604,38460116
5P30AG066514-05,38425134,Awards,604,38425134
5P30AG066514-05,38390561,Awards,604,38390561
5P30AG066514-05,38380866,Awards,604,38380866
5P30AG066514-05,38374692,Awards,604,38374692
5P30AG066514-05,38364295,Awards,604,38364295
5P30AG066514-05,38353367,Awards,604,38353367
5P30AG066514-05,38348782,Awards,604,38348782
5P30AG066514-05,38345347,Awards,604,38345347
5P30AG066514-05,38313558,Awards,604,38313558
5P30AG066514-05,38312309,Awards,604,38312309
5P30AG066514-05,38302557,Awards,604,38302557
5P30AG066514-05,38298163,Awards,604,38298163
5P30AG066514-05,38296755,Awards,604,38296755
5P30AG066514-05,38287720,Awards,604,38287720
5P30AG066514-05,38267189,Awards,604,38267189
5P30AG066514-05,38256223,Awards,604,38256223
5P30AG066514-05,38243325,Awards,604,38243325
5P30AG066514-05,38234807,Awards,604,38234807
5P30AG066514-05,38230729,Awards,604,38230729
5P30AG066514-05,38222248,Awards,604,38222248
5P30AG066514-05,38184787,Awards,604,38184787
5P30AG066514-05,39902153,Awards,604,39902153
5P30AG066514-05,38053483,Awards,604,38053483
5P30AG066514-05,38040087,Awards,604,38040087
5P30AG066514-05,38000018,Awards,604,38000018
5P30AG066514-05,37985223,Awards,604,37985223
5P30AG066514-05,37984853,Awards,604,37984853
5P30AG066514-05,37984431,Awards,604,37984431
5P30AG066514-05,37950448,Awards,604,37950448
5P30AG066514-05,37944004,Awards,604,37944004
5P30AG066514-05,37917117,Awards,604,37917117
5P30AG066514-05,37830443,Awards,604,37830443
5P30AG066514-05,37743611,Awards,604,37743611
5P30AG066514-05,37738515,Awards,604,37738515
5P30AG066514-05,37610594,Awards,604,37610594
5P30AG066514-05,37578203,Awards,604,37578203
5P30AG066514-05,37571992,Awards,604,37571992
5P30AG066514-05,37341072,Awards,604,37341072
5P30AG066514-05,36993704,Awards,604,36993704
5P30AG066514-05,36880250,Awards,604,36880250
5P30AG066514-05,36876335,Awards,604,36876335
5R01MH122611-05,40502785,Awards,605,40502785
5R01MH122611-05,40133401,Awards,605,40133401
5R01MH122611-05,40084231,Awards,605,40084231
5R01MH122611-05,39930465,Awards,605,39930465
5R01MH122611-05,39621793,Awards,605,39621793
5R01MH122611-05,39372931,Awards,605,39372931
5R01MH122611-05,39242921,Awards,605,39242921
5R01MH122611-05,39180693,Awards,605,39180693
5R01MH122611-05,38844456,Awards,605,38844456
5R01MH122611-05,38766168,Awards,605,38766168
5R01MH122611-05,38766086,Awards,605,38766086
5R01MH122611-05,38409356,Awards,605,38409356
5R01MH122611-05,38187737,Awards,605,38187737
5R01MH122611-05,37925091,Awards,605,37925091
5R01MH123069-04,40133401,Awards,606,40133401
5R01MH123069-04,39621793,Awards,606,39621793
5R01MH123069-04,39242921,Awards,606,39242921
5R01MH123069-04,38844456,Awards,606,38844456
5R01MH123069-04,38766168,Awards,606,38766168
5R01MH123069-04,38766086,Awards,606,38766086
5R01MH123069-04,38409356,Awards,606,38409356
5R01MH123069-04,38187737,Awards,606,38187737
5R01MH123069-04,37925091,Awards,606,37925091
5R01MH126448-04,40149652,Awards,607,40149652
5R01MH126448-04,39089096,Awards,607,39089096
5R01MH126448-04,38741168,Awards,607,38741168
5R01MH126448-04,38461893,Awards,607,38461893
1R01MH135079-01A1,39892305,Awards,609,39892305
1R01MH136230-01,40644558,Awards,610,40644558
1R01MH136230-01,39838110,Awards,610,39838110
5R01AG078657-02,39974071,Awards,611,39974071
5R01AG078657-02,39867394,Awards,611,39867394
5R01AG078657-02,39711543,Awards,611,39711543
5R01AG078657-02,39252912,Awards,611,39252912
1K99ES035894-01,39536662,Awards,613,39536662
1K99ES035894-01,39478741,Awards,613,39478741
1K99ES035894-01,39293757,Awards,613,39293757
1K99ES035894-01,39265426,Awards,613,39265426
1K99ES035894-01,39117147,Awards,613,39117147
1K99ES035894-01,39087502,Awards,613,39087502
1K99ES035894-01,39038770,Awards,613,39038770
1K99ES035894-01,38885590,Awards,613,38885590
1K99ES035894-01,38796021,Awards,613,38796021
5R01ES026033-08,39894752,Awards,614,39894752
5R01ES026033-08,39674324,Awards,614,39674324
5R01ES026033-08,38796021,Awards,614,38796021
5R01ES026033-08,38782342,Awards,614,38782342
5R01ES026033-08,38669590,Awards,614,38669590
5R01ES026033-08,38309331,Awards,614,38309331
4U2CES030859-06,40584973,Awards,615,40584973
4U2CES030859-06,40311333,Awards,615,40311333
4U2CES030859-06,40152856,Awards,615,40152856
4U2CES030859-06,40092438,Awards,615,40092438
4U2CES030859-06,39854307,Awards,615,39854307
4U2CES030859-06,39763802,Awards,615,39763802
4U2CES030859-06,39740267,Awards,615,39740267
4U2CES030859-06,39731317,Awards,615,39731317
4U2CES030859-06,39674324,Awards,615,39674324
4U2CES030859-06,39642347,Awards,615,39642347
4U2CES030859-06,39615574,Awards,615,39615574
4U2CES030859-06,39570591,Awards,615,39570591
4U2CES030859-06,39549765,Awards,615,39549765
4U2CES030859-06,39437621,Awards,615,39437621
4U2CES030859-06,39236155,Awards,615,39236155
4U2CES030859-06,39047923,Awards,615,39047923
4U2CES030859-06,38936497,Awards,615,38936497
4U2CES030859-06,38932753,Awards,615,38932753
4U2CES030859-06,38839205,Awards,615,38839205
4U2CES030859-06,38839204,Awards,615,38839204
4U2CES030859-06,38685432,Awards,615,38685432
4U2CES030859-06,38657407,Awards,615,38657407
4U2CES030859-06,38316574,Awards,615,38316574
4U2CES030859-06,38154728,Awards,615,38154728
4U2CES030859-06,38101622,Awards,615,38101622
4U2CES030859-06,38061983,Awards,615,38061983
4U2CES030859-06,37971952,Awards,615,37971952
4U2CES030859-06,37694774,Awards,615,37694774
4U2CES030859-06,37034715,Awards,615,37034715
5R35ES030435-05,39674324,Awards,616,39674324
5R35ES030435-05,39640590,Awards,616,39640590
5R35ES030435-05,39549765,Awards,616,39549765
5R35ES030435-05,39474439,Awards,616,39474439
5R35ES030435-05,38839205,Awards,616,38839205
5R35ES030435-05,38839204,Awards,616,38839204
5R35ES030435-05,38796021,Awards,616,38796021
5R35ES030435-05,38669590,Awards,616,38669590
5R35ES030435-05,38410473,Awards,616,38410473
5R35ES030435-05,38278245,Awards,616,38278245
5R35ES030435-05,37694774,Awards,616,37694774
5R35ES030435-05,37034715,Awards,616,37034715
5U24ES035386-02,38238779,Awards,619,38238779
5U24ES035386-02,38221536,Awards,619,38221536
5U24ES035386-02,37034715,Awards,619,37034715
5D43TW011403-05,40171495,Awards,622,40171495
5D43TW011403-05,38238355,Awards,622,38238355
5D43TW011403-05,40405892,Awards,622,40405892
2R25HL108857-11,39117147,Awards,624,39117147
2R25HL108857-11,37933143,Awards,624,37933143
5R01ES034521-03,40401624,Awards,625,40401624
5R01ES034521-03,40288741,Awards,625,40288741
5R01ES034521-03,40056412,Awards,625,40056412
5R01ES034521-03,39986430,Awards,625,39986430
5R01ES034521-03,39894752,Awards,625,39894752
5R01ES034521-03,39674324,Awards,625,39674324
5R01ES034521-03,37981721,Awards,625,37981721
5R01ES034521-03,37884142,Awards,625,37884142
5R01ES032242-05,40544343,Awards,626,40544343
5R01ES032242-05,40272393,Awards,626,40272393
5R01ES032242-05,40056412,Awards,626,40056412
5R01ES032242-05,40023887,Awards,626,40023887
5R01ES032242-05,39986430,Awards,626,39986430
5R01ES032242-05,39674324,Awards,626,39674324
5R01ES032242-05,39589192,Awards,626,39589192
5R01ES032242-05,39329068,Awards,626,39329068
5R01ES032242-05,38506828,Awards,626,38506828
5R01ES032242-05,37585681,Awards,626,37585681
1R01MH137220-01,39744833,Awards,627,39744833
1R01MH137220-01,39611256,Awards,627,39611256
1R01MH137220-01,39475956,Awards,627,39475956
5K25HD109509-03,40269898,Awards,628,40269898
5K25HD109509-03,38437642,Awards,628,38437642
5R01HD108263-03,40034107,Awards,629,40034107
5R01HD108263-03,39990544,Awards,629,39990544
5R01AG034157-14,38699675,Awards,630,38699675
5R01ES019222-13,40385409,Awards,633,40385409
5R01ES019222-13,39358346,Awards,633,39358346
5R01ES019222-13,39281765,Awards,633,39281765
5R01ES019222-13,38876740,Awards,633,38876740
5R01ES019222-13,38802534,Awards,633,38802534
5R01ES019222-13,38365053,Awards,633,38365053
5R01ES019222-13,38363634,Awards,633,38363634
5R01ES019222-13,37774885,Awards,633,37774885
2R01ES028927-06A1,38309331,Awards,634,38309331
1K99ES036277-01,39640590,Awards,635,39640590
1K99ES036277-01,39478741,Awards,635,39478741
1K99ES036277-01,39038770,Awards,635,39038770
5K25HD104918-04,40426716,Awards,636,40426716
5K25HD104918-04,39964568,Awards,636,39964568
5K25HD104918-04,39596657,Awards,636,39596657
5K25HD104918-04,39494216,Awards,636,39494216
5K25HD104918-04,39232724,Awards,636,39232724
5K25HD104918-04,38548252,Awards,636,38548252
5K25HD104918-04,38309331,Awards,636,38309331
5K25HD104918-04,38224844,Awards,636,38224844
5K25HD104918-04,36966251,Awards,636,36966251
5R01CA251754-04,40163666,Awards,637,40163666
5R01CA251754-04,38554120,Awards,637,38554120
5R25CA248462-04,40531062,Awards,638,40531062
5R25CA248462-04,40179354,Awards,638,40179354
7R01ES032552-03,40137527,Awards,640,40137527
7R01ES032552-03,39733956,Awards,640,39733956
7R01ES032552-03,39674324,Awards,640,39674324
7R01ES032552-03,39412272,Awards,640,39412272
1R01HG013350-01,40463540,Awards,641,40463540
1R01HG013350-01,40084623,Awards,641,40084623
1R01HG013350-01,39345488,Awards,641,39345488
5R01ES031117-05,38932753,Awards,642,38932753
5R01EB033799-03,38461101,Awards,643,38461101
5K99ES035120-02,39653783,Awards,644,39653783
5R01ES033245-03,40575667,Awards,646,40575667
5R01ES033245-03,39536662,Awards,646,39536662
5R01ES033245-03,39478741,Awards,646,39478741
5R01ES033245-03,39293757,Awards,646,39293757
5R01ES033245-03,39265426,Awards,646,39265426
5R01ES033245-03,39117147,Awards,646,39117147
5R01ES033245-03,38885590,Awards,646,38885590
5R01ES033245-03,38871332,Awards,646,38871332
5R01ES033245-03,38796021,Awards,646,38796021
5R01ES033245-03,38219443,Awards,646,38219443
5R01ES033245-03,37981721,Awards,646,37981721
5R01ES033245-03,37884142,Awards,646,37884142
2U24ES028522-06,40426716,Awards,647,40426716
2U24ES028522-06,39894752,Awards,647,39894752
2U24ES028522-06,39674324,Awards,647,39674324
2U24ES028522-06,39640590,Awards,647,39640590
2U24ES028522-06,39536662,Awards,647,39536662
2U24ES028522-06,39478741,Awards,647,39478741
2U24ES028522-06,39474439,Awards,647,39474439
2U24ES028522-06,39293757,Awards,647,39293757
2U24ES028522-06,39265426,Awards,647,39265426
2U24ES028522-06,39232724,Awards,647,39232724
2U24ES028522-06,39117147,Awards,647,39117147
2U24ES028522-06,39038770,Awards,647,39038770
2U24ES028522-06,38885590,Awards,647,38885590
2U24ES028522-06,38796021,Awards,647,38796021
2U24ES028522-06,38443464,Awards,647,38443464
2U24ES028522-06,38354885,Awards,647,38354885
2U24ES028522-06,38343740,Awards,647,38343740
2U24ES028522-06,38343731,Awards,647,38343731
2U24ES028522-06,38309331,Awards,647,38309331
2U24ES028522-06,38154728,Awards,647,38154728
2U24ES028522-06,37884142,Awards,647,37884142
5R25CA236636-05,40500244,Awards,648,40500244
5R25CA236636-05,40179354,Awards,648,40179354
5R25CA236636-05,39100730,Awards,648,39100730
5R25CA236636-05,38820185,Awards,648,38820185
5R25CA236636-05,38527820,Awards,648,38527820
5R25CA236636-05,38185918,Awards,648,38185918
5P20CA264076-04,40429725,Awards,651,40429725
5P20CA264076-04,40152257,Awards,651,40152257
5P20CA264076-04,39625409,Awards,651,39625409
5P20CA264076-04,39254646,Awards,651,39254646
5P20CA264076-04,39148266,Awards,651,39148266
5P20CA264076-04,39105261,Awards,651,39105261
5P20CA264076-04,38648082,Awards,651,38648082
4U2CES026555-07,40426716,Awards,652,40426716
4U2CES026555-07,40152856,Awards,652,40152856
4U2CES026555-07,39854307,Awards,652,39854307
4U2CES026555-07,39763566,Awards,652,39763566
4U2CES026555-07,39740267,Awards,652,39740267
4U2CES026555-07,39731317,Awards,652,39731317
4U2CES026555-07,39642347,Awards,652,39642347
4U2CES026555-07,39615574,Awards,652,39615574
4U2CES026555-07,39589192,Awards,652,39589192
4U2CES026555-07,39570591,Awards,652,39570591
4U2CES026555-07,39437621,Awards,652,39437621
4U2CES026555-07,39230332,Awards,652,39230332
4U2CES026555-07,39205349,Awards,652,39205349
4U2CES026555-07,39138494,Awards,652,39138494
4U2CES026555-07,38968090,Awards,652,38968090
4U2CES026555-07,38932753,Awards,652,38932753
4U2CES026555-07,38824227,Awards,652,38824227
4U2CES026555-07,38740209,Awards,652,38740209
4U2CES026555-07,38507935,Awards,652,38507935
4U2CES026555-07,38486233,Awards,652,38486233
4U2CES026555-07,38482639,Awards,652,38482639
4U2CES026555-07,38410473,Awards,652,38410473
4U2CES026555-07,38369152,Awards,652,38369152
4U2CES026555-07,38344436,Awards,652,38344436
4U2CES026555-07,38335968,Awards,652,38335968
4U2CES026555-07,38278245,Awards,652,38278245
4U2CES026555-07,38238779,Awards,652,38238779
4U2CES026555-07,38221536,Awards,652,38221536
4U2CES026555-07,37980882,Awards,652,37980882
4U2CES026555-07,37971328,Awards,652,37971328
4U2CES026555-07,37694774,Awards,652,37694774
5R01CA260961-03,38699675,Awards,653,38699675
5R01ES033688-03,40522222,Awards,654,40522222
5R01ES033688-03,40307849,Awards,654,40307849
5R01ES033688-03,40092438,Awards,654,40092438
5R01ES033688-03,39733956,Awards,654,39733956
5R01ES033688-03,39674324,Awards,654,39674324
5R01ES033688-03,39512894,Awards,654,39512894
5R01ES033688-03,38936497,Awards,654,38936497
5R01ES033688-03,38685432,Awards,654,38685432
5R01ES033688-03,38537583,Awards,654,38537583
5R01ES033688-03,38316574,Awards,654,38316574
5R01ES033688-03,38128386,Awards,654,38128386
5R01ES033688-03,38061983,Awards,654,38061983
5R01ES033688-03,38056610,Awards,654,38056610
5R01ES033688-03,37971952,Awards,654,37971952
1R01ES035773-01,39674324,Awards,655,39674324
1R01DK137968-01,40343485,Awards,656,40343485
5P30ES023515-11,40605063,Awards,657,40605063
5P30ES023515-11,40584973,Awards,657,40584973
5P30ES023515-11,40575667,Awards,657,40575667
5P30ES023515-11,40544343,Awards,657,40544343
5P30ES023515-11,40533471,Awards,657,40533471
5P30ES023515-11,40522222,Awards,657,40522222
5P30ES023515-11,40495250,Awards,657,40495250
5P30ES023515-11,40433992,Awards,657,40433992
5P30ES023515-11,40426716,Awards,657,40426716
5P30ES023515-11,40401624,Awards,657,40401624
5P30ES023515-11,40386437,Awards,657,40386437
5P30ES023515-11,40385409,Awards,657,40385409
5P30ES023515-11,40373236,Awards,657,40373236
5P30ES023515-11,40343485,Awards,657,40343485
5P30ES023515-11,40311333,Awards,657,40311333
5P30ES023515-11,40250593,Awards,657,40250593
5P30ES023515-11,40189085,Awards,657,40189085
5P30ES023515-11,40152856,Awards,657,40152856
5P30ES023515-11,40092438,Awards,657,40092438
5P30ES023515-11,40074732,Awards,657,40074732
5P30ES023515-11,40056412,Awards,657,40056412
5P30ES023515-11,39867416,Awards,657,39867416
5P30ES023515-11,39821318,Awards,657,39821318
5P30ES023515-11,39809980,Awards,657,39809980
5P30ES023515-11,39733956,Awards,657,39733956
5P30ES023515-11,39674324,Awards,657,39674324
5P30ES023515-11,39671893,Awards,657,39671893
5P30ES023515-11,39653783,Awards,657,39653783
5P30ES023515-11,39649167,Awards,657,39649167
5P30ES023515-11,39648751,Awards,657,39648751
5P30ES023515-11,39640590,Awards,657,39640590
5P30ES023515-11,39589192,Awards,657,39589192
5P30ES023515-11,39585963,Awards,657,39585963
5P30ES023515-11,39567710,Awards,657,39567710
5P30ES023515-11,39549765,Awards,657,39549765
5P30ES023515-11,39536662,Awards,657,39536662
5P30ES023515-11,39528036,Awards,657,39528036
5P30ES023515-11,39512894,Awards,657,39512894
5P30ES023515-11,39478741,Awards,657,39478741
5P30ES023515-11,39474439,Awards,657,39474439
5P30ES023515-11,39358346,Awards,657,39358346
5P30ES023515-11,39343496,Awards,657,39343496
5P30ES023515-11,39293757,Awards,657,39293757
5P30ES023515-11,39265426,Awards,657,39265426
5P30ES023515-11,39187093,Awards,657,39187093
5P30ES023515-11,39117147,Awards,657,39117147
5P30ES023515-11,39087502,Awards,657,39087502
5P30ES023515-11,39038770,Awards,657,39038770
5P30ES023515-11,38936497,Awards,657,38936497
5P30ES023515-11,38932753,Awards,657,38932753
5P30ES023515-11,38892704,Awards,657,38892704
5P30ES023515-11,38885590,Awards,657,38885590
5P30ES023515-11,38839205,Awards,657,38839205
5P30ES023515-11,38839204,Awards,657,38839204
5P30ES023515-11,38796021,Awards,657,38796021
5P30ES023515-11,38719081,Awards,657,38719081
5P30ES023515-11,38685432,Awards,657,38685432
5P30ES023515-11,38657407,Awards,657,38657407
5P30ES023515-11,38648692,Awards,657,38648692
5P30ES023515-11,38640989,Awards,657,38640989
5P30ES023515-11,38598238,Awards,657,38598238
5P30ES023515-11,38592761,Awards,657,38592761
5P30ES023515-11,38548252,Awards,657,38548252
5P30ES023515-11,38537583,Awards,657,38537583
5P30ES023515-11,38506828,Awards,657,38506828
5P30ES023515-11,38460460,Awards,657,38460460
5P30ES023515-11,38443464,Awards,657,38443464
5P30ES023515-11,38410473,Awards,657,38410473
5P30ES023515-11,38365053,Awards,657,38365053
5P30ES023515-11,38354885,Awards,657,38354885
5P30ES023515-11,38343740,Awards,657,38343740
5P30ES023515-11,38343731,Awards,657,38343731
5P30ES023515-11,38316574,Awards,657,38316574
5P30ES023515-11,38309331,Awards,657,38309331
5P30ES023515-11,38302628,Awards,657,38302628
5P30ES023515-11,38278245,Awards,657,38278245
5P30ES023515-11,38238779,Awards,657,38238779
5P30ES023515-11,38154728,Awards,657,38154728
5P30ES023515-11,38145728,Awards,657,38145728
5P30ES023515-11,38128386,Awards,657,38128386
5P30ES023515-11,38122928,Awards,657,38122928
5P30ES023515-11,38101622,Awards,657,38101622
5P30ES023515-11,38061983,Awards,657,38061983
5P30ES023515-11,38056610,Awards,657,38056610
5P30ES023515-11,38016085,Awards,657,38016085
5P30ES023515-11,37981721,Awards,657,37981721
5P30ES023515-11,37973264,Awards,657,37973264
5P30ES023515-11,37973263,Awards,657,37973263
5P30ES023515-11,37973255,Awards,657,37973255
5P30ES023515-11,37971952,Awards,657,37971952
5P30ES023515-11,37967704,Awards,657,37967704
5P30ES023515-11,37933143,Awards,657,37933143
5P30ES023515-11,37918548,Awards,657,37918548
5P30ES023515-11,37884142,Awards,657,37884142
5P30ES023515-11,37694774,Awards,657,37694774
5P30ES023515-11,37676269,Awards,657,37676269
5P30ES023515-11,37610319,Awards,657,37610319
5P30ES023515-11,37585681,Awards,657,37585681
5P30ES023515-11,37541974,Awards,657,37541974
5P30ES023515-11,37034715,Awards,657,37034715
5T32HD049311-18,40311333,Awards,658,40311333
5T32HD049311-18,39733956,Awards,658,39733956
5T32HD049311-18,39718547,Awards,658,39718547
5T32HD049311-18,39329068,Awards,658,39329068
5T32HD049311-18,39265426,Awards,658,39265426
5T32HD049311-18,39117147,Awards,658,39117147
5T32HD049311-18,39038770,Awards,658,39038770
5T32HD049311-18,38885590,Awards,658,38885590
5T32HD049311-18,38871332,Awards,658,38871332
5T32HD049311-18,38437642,Awards,658,38437642
5T32HD049311-18,38309331,Awards,658,38309331
5T32HD049311-18,38238779,Awards,658,38238779
5T32HD049311-18,37610319,Awards,658,37610319
5T32HD049311-18,37317954,Awards,658,37317954
5R01ES013744-17,40426716,Awards,660,40426716
5R01ES013744-17,40401167,Awards,660,40401167
5R01ES013744-17,39674324,Awards,660,39674324
5R01ES013744-17,39649614,Awards,660,39649614
5R01ES013744-17,39640590,Awards,660,39640590
5R01ES013744-17,39589192,Awards,660,39589192
5R01ES013744-17,39549765,Awards,660,39549765
5R01ES013744-17,39536662,Awards,660,39536662
5R01ES013744-17,39478741,Awards,660,39478741
5R01ES013744-17,39474439,Awards,660,39474439
5R01ES013744-17,39379499,Awards,660,39379499
5R01ES013744-17,39358346,Awards,660,39358346
5R01ES013744-17,39293757,Awards,660,39293757
5R01ES013744-17,39265426,Awards,660,39265426
5R01ES013744-17,39232724,Awards,660,39232724
5R01ES013744-17,39117147,Awards,660,39117147
5R01ES013744-17,39038770,Awards,660,39038770
5R01ES013744-17,38947077,Awards,660,38947077
5R01ES013744-17,38885590,Awards,660,38885590
5R01ES013744-17,38796021,Awards,660,38796021
5R01ES013744-17,38759779,Awards,660,38759779
5R01ES013744-17,38660759,Awards,660,38660759
5R01ES013744-17,38443464,Awards,660,38443464
5R01ES013744-17,38410473,Awards,660,38410473
5R01ES013744-17,38365053,Awards,660,38365053
5R01ES013744-17,38354885,Awards,660,38354885
5R01ES013744-17,38343740,Awards,660,38343740
5R01ES013744-17,38343731,Awards,660,38343731
5R01ES013744-17,38309331,Awards,660,38309331
5R01ES013744-17,38278245,Awards,660,38278245
5R01ES013744-17,38260407,Awards,660,38260407
5R01ES013744-17,38176546,Awards,660,38176546
5R01ES013744-17,38128386,Awards,660,38128386
5R01ES013744-17,37973255,Awards,660,37973255
5R01ES013744-17,37884142,Awards,660,37884142
4U2CES026561-07,40584973,Awards,661,40584973
4U2CES026561-07,40311333,Awards,661,40311333
4U2CES026561-07,40250593,Awards,661,40250593
4U2CES026561-07,40189085,Awards,661,40189085
4U2CES026561-07,40152856,Awards,661,40152856
4U2CES026561-07,39854307,Awards,661,39854307
4U2CES026561-07,39740267,Awards,661,39740267
4U2CES026561-07,39731317,Awards,661,39731317
4U2CES026561-07,39674324,Awards,661,39674324
4U2CES026561-07,39642347,Awards,661,39642347
4U2CES026561-07,39615574,Awards,661,39615574
4U2CES026561-07,39599589,Awards,661,39599589
4U2CES026561-07,39570591,Awards,661,39570591
4U2CES026561-07,39549765,Awards,661,39549765
4U2CES026561-07,39528036,Awards,661,39528036
4U2CES026561-07,39437621,Awards,661,39437621
4U2CES026561-07,39205349,Awards,661,39205349
4U2CES026561-07,38932753,Awards,661,38932753
4U2CES026561-07,38657407,Awards,661,38657407
4U2CES026561-07,38567797,Awards,661,38567797
4U2CES026561-07,38412256,Awards,661,38412256
4U2CES026561-07,38238779,Awards,661,38238779
4U2CES026561-07,38154728,Awards,661,38154728
4U2CES026561-07,38101622,Awards,661,38101622
4U2CES026561-07,37694774,Awards,661,37694774
4U2CES026561-07,37676269,Awards,661,37676269
4U2CES026561-07,37541974,Awards,661,37541974
4U2CES026561-07,37034715,Awards,661,37034715
5R01ES034864-02,40373236,Awards,662,40373236
5R01ES034864-02,37585681,Awards,662,37585681
5K01AG075178-03,39517878,Awards,664,39517878
5K01AG075178-03,39082385,Awards,664,39082385
5R01MH123542-04,39198580,Awards,665,39198580
5R01MH123542-04,38341414,Awards,665,38341414
5R01MH123542-04,38141909,Awards,665,38141909
5K76AG068516-04,38442311,Awards,666,38442311
5P01HL131478-07,40399641,Awards,667,40399641
5P01HL131478-07,40293448,Awards,667,40293448
5P01HL131478-07,39578565,Awards,667,39578565
5P01HL131478-07,39561226,Awards,667,39561226
5P01HL131478-07,39528718,Awards,667,39528718
5P01HL131478-07,39515317,Awards,667,39515317
5P01HL131478-07,39232165,Awards,667,39232165
5P01HL131478-07,39085390,Awards,667,39085390
5P01HL131478-07,38965839,Awards,667,38965839
5P01HL131478-07,38753456,Awards,667,38753456
5P01HL131478-07,38685398,Awards,667,38685398
5P01HL131478-07,38631773,Awards,667,38631773
5P01HL131478-07,38575752,Awards,667,38575752
5P01HL131478-07,38326622,Awards,667,38326622
5P01HL131478-07,38218349,Awards,667,38218349
5P01HL131478-07,37752350,Awards,667,37752350
5P01AI168258-02,40542108,Awards,668,40542108
5P01AI168258-02,40333992,Awards,668,40333992
5P01AI168258-02,40293448,Awards,668,40293448
5P01AI168258-02,39551266,Awards,668,39551266
5P01AI168258-02,39178113,Awards,668,39178113
5P01AI168258-02,39147201,Awards,668,39147201
5P01AI168258-02,39085390,Awards,668,39085390
5P01AI168258-02,38575752,Awards,668,38575752
5P01AI168258-02,38050951,Awards,668,38050951
5R01DK129888-04,39184540,Awards,671,39184540
5R01DK129888-04,37315018,Awards,671,37315018
5DP5OD031876-04,40500244,Awards,672,40500244
5DP5OD031876-04,40344179,Awards,672,40344179
5DP5OD031876-04,39874747,Awards,672,39874747
5DP5OD031876-04,39524982,Awards,672,39524982
5DP5OD031876-04,39454021,Awards,672,39454021
5DP5OD031876-04,39310996,Awards,672,39310996
5DP5OD031876-04,38147713,Awards,672,38147713
5DP5OD031876-04,38052109,Awards,672,38052109
5R01HL166720-02,39763802,Awards,674,39763802
5R01HL166720-02,39236155,Awards,674,39236155
5R01HL166720-02,38575752,Awards,674,38575752
5R01HL166720-02,38078997,Awards,674,38078997
5R01HL166720-02,37951322,Awards,674,37951322
5R01HL169500-02,39447570,Awards,675,39447570
5R01HL169500-02,38575752,Awards,675,38575752
3R21AG083685-02S1,39367632,Awards,677,39367632
5K22CA258806-03,39907729,Awards,678,39907729
5K22CA258806-03,38454137,Awards,678,38454137
5R01CA249175-05,38847806,Awards,679,38847806
5R01CA249175-05,38280376,Awards,679,38280376
3R01CA274967-02S1,39396849,Awards,680,39396849
3R01CA274967-02S1,38683764,Awards,680,38683764
5R01CA269954-02,39282294,Awards,681,39282294
5R21CA274148-02,39282294,Awards,683,39282294
5R01DK046865-31,James J Bieker,Awards,1,684
1R21DK139543-01A1,James J Bieker,Awards,2,684
5R01EY029736-05,Timothy A Blenkinsop,Awards,3,685
1F31AR082689-01A1,Meagan Branch,Awards,4,686
1R01HL173318-01,Nicole Dubois,Awards,5,687
1R01HL175488-01,Nicole Dubois,Awards,6,687
1R01AG089916-01,Elena Ezhkova,Awards,7,688
5P30AR079200-04,Elena Ezhkova,Awards,8,688
3R01AR069078-10S1,Elena Ezhkova,Awards,9,688
5K99AR082956-02,Pooja Flora,Awards,10,689
5R01CA205975-08,Saghi Ghaffari,Awards,11,690
5R01HL136255-06,Saghi Ghaffari,Awards,12,690
5R01HL161567-03,Saghi Ghaffari,Awards,13,690
5R01AR070231-09,Robert S Krauss,Awards,14,691
1R21AR084632-01,Robert S Krauss,Awards,15,691
3R01DE024748-08S1,Robert S Krauss,Awards,16,691
1R35GM153244-01,Florence Louise Marlow,Awards,17,692
5R01AR081322-03,Sarah E Millar,Awards,18,693
5R01AR076428-05,Sarah E Millar,Awards,19,693
1R01DC020980-01A1,Sarah E Millar,Awards,20,693
5R35GM127103-07,Marek Mlodzik,Awards,21,694
5R21CA274007-02,Aurelian Radu,Awards,22,695
1R35GM152236-01,Prashanth Rangan,Awards,23,696
5R01AR077593-04,Michael Rendl,Awards,24,697
5R01AR079475-04,Michael Rendl,Awards,25,697
5R01AR071047-09,Michael Rendl,Awards,26,697
5R35GM122492-08,Sergei Sokol,Awards,27,698
1R01HL172940-01,Christopher Michael Sturgeon,Awards,28,699
1R01EB035491-01,Christopher Michael Sturgeon,Awards,29,699
1F31CA280993-01A1,Madison Weber,Awards,30,700
5F31HD112158-02,Miranda Wilson,Awards,31,701
5R21AI169516-02,Thomas P Zwaka,Awards,32,702
5R01HD100518-05,Thomas P Zwaka,Awards,33,702
5K01HL150318-05,Ira Hofer,Awards,34,703
5R01CA161870-11,Anne Mary Bowcock,Awards,35,704
1K22AI175478-01,Neris Michel Enamorado Escalona,Awards,36,705
1R61AR084210-01,Emma Guttman,Awards,37,706
5U01AI152036-05,Emma Guttman,Awards,38,706
1U01AI179629-01,Emma Guttman,Awards,39,706
7R01DK134773-02,Hongzhen Hu,Awards,40,707
5R01AR077183-06,Hongzhen Hu,Awards,41,707
1R56DK139477-01,Hongzhen Hu,Awards,42,707
5K08CA263187-04,Andrew Ji,Awards,43,708
1R01DK141106-01,Brian Kim,Awards,44,709
5R01AR077007-04,Brian Kim,Awards,45,709
5T32AR082315-02,Brian Kim,Awards,46,709
1K08HL169980-01A1,Ethan Abbott,Awards,47,710
3U54CA267776-03S1,Emma Katherine Tara Benn,Awards,48,711
5U01HL167036-02,Jeffrey Avins Glassberg,Awards,49,712
5R01HL159116-03,Jeffrey Avins Glassberg,Awards,50,712
1K23DA058860-01A1,Utsha Khatri,Awards,51,713
5K01DK131401-03,Huihui Li,Awards,52,714
3R01DA048009-05S1,Alex Francis Manini,Awards,53,715
5R01DA055533-03,Roland C Merchant,Awards,54,716
5T32HL160513-03,Lynne D Richardson,Awards,55,717
1P50MD019475-01,Lynne D Richardson,Awards,56,717
1K23MH136923-01,Rachel Emily Solnick,Awards,57,718
5R25HL161579-02,Kimberly T Souffront,Awards,58,719
5R01CA248981-04,Sarah J Miller,Awards,59,720
5R01AT011326-05,Brian D Brown,Awards,60,721
1R01DK138025-01,Brian D Brown,Awards,61,721
5UM1AI173380-02,Supinda Bunyavanich,Awards,62,722
5R35GM124836-07,Ron Do,Awards,63,723
3R01HL155915-04S1,Ron Do,Awards,64,723
3R35GM144117-04S1,Yizhou Dong,Awards,65,724
3R01AI174902-02S1,Yizhou Dong,Awards,66,724
5R01DK130337-03,Jeremiah James Faith,Awards,67,725
3R01DK112978-06S1,Jeremiah James Faith,Awards,68,725
2R01DK124133-05,Jeremiah James Faith,Awards,69,725
5R01MH125579-04,Gang Fang,Awards,70,726
5R35GM139655-04,Gang Fang,Awards,71,726
5R01AI170112-03,Christian Forst,Awards,72,727
1K99HG013547-01,Judit Garcia Gonzalez,Awards,73,728
5F32AG082483-02,Francesca Garretti,Awards,74,729
5U54NS123746-04,Alison M Goate,Awards,75,730
5R01AG072489-03,Alison M Goate,Awards,76,730
5R01DE030596-04,Greg Peter Holmes,Awards,77,731
5R01HD112518-02,Sander Michel Houten,Awards,78,732
5R35GM138113-05,Kuan-Lin Huang,Awards,79,733
5R00AI153530-04,Wenyan Jiang,Awards,80,734
3R01CA244948-04S1,Robert J Klein,Awards,81,735
4R00HD108392-03,Chelsea Lowther,Awards,82,736
5K01NS126736-03,Reymundo Lozano,Awards,83,737
5F31AG084337-02,Alexandra Munch,Awards,84,738
5R01HG012773-02,Paul Francis O'Reilly,Awards,85,739
5R01MH122866-05,Paul Francis O'Reilly,Awards,86,739
5R01HG011407-04,Gaurav Pandey,Awards,87,740
4R00AG078503-03,Gita A Pathak,Awards,88,741
5R00LM012992-05,Vikas Rao Pejaver,Awards,89,742
1R03OD038386-01,Vikas Rao Pejaver,Awards,90,742
5R01DK130094-03,Inga Peter,Awards,91,743
5R01AG082185-02,Panagiotis Roussos,Awards,92,744
1R01HL173456-01,David Sachs,Awards,93,745
5R01HD109312-03,Edward H Schuchman,Awards,94,746
5F30MH132324-02,Carina Seah,Awards,95,747
5R35GM142918-04,Won-Min Song,Awards,96,748
5R35GM150989-02,Anna S Tocheva,Awards,97,749
5F31MH130122-03,Kayla Townsley,Awards,98,750
1R21AG085140-01,Zhidong Tu,Awards,99,751
5R01HL161365-02,Ernest Turro,Awards,100,752
5R03HD111492-02,Ernest Turro,Awards,101,752
5U24CA271114-03,Pei Wang,Awards,102,753
5R01DC014718-09,Pin-Xian Xu,Awards,103,754
2R01DK064640-19A1,Pin-Xian Xu,Awards,104,754
5R01DK134783-02,Makiko Yasuda,Awards,105,755
5R01AG068030-05,Bin Zhang,Awards,106,756
1R01AG085182-01A1,Bin Zhang,Awards,107,756
4R01AG074010-02,Bin Zhang,Awards,108,756
5T32CA078207-25,Stuart A Aaronson,Awards,109,757
5K23DK129762-04,Manasi Agrawal,Awards,110,758
5R33AG065726-05,Melissa Diane Aldridge,Awards,111,759
5K01DK128387-03,Sharon Alterzon,Awards,112,760
5K76AG064427-05,Claire Kathryn Ankuda,Awards,113,761
5T32HL160511-02,Indu A Ayappa,Awards,114,762
5R25DK124917-05,Evren U Azeloglu,Awards,115,763
5R00CA263033-04,Igor Landry Bado,Awards,116,764
5R01HL164906-04,Raymond Louis Benza,Awards,117,765
4R33HL163755-02,Raymond Louis Benza,Awards,118,765
5R01NS110837-05,Emily Bernstein,Awards,119,766
1R03DK138492-01,Romina Bevacqua,Awards,120,767
5K12CA270375-03,Nina Bhardwaj,Awards,121,768
1UG3CA290517-01,Nina Bhardwaj,Awards,122,768
1R21HL175177-01,Sonali Bose,Awards,123,769
5U01CA288425-02,Andrea D Branch,Awards,124,770
5R01CA244780-05,Jose Javier Bravo-Cordero,Awards,125,771
5R61CA278402-02,Jose Javier Bravo-Cordero,Awards,126,771
5R37CA246239-05,Joshua D Brody,Awards,127,772
5U01CA282114-02,Brian D Brown,Awards,128,721
5U01AI160082-04,Paula J Busse,Awards,129,773
5R35GM147269-03,Bishuang Cai,Awards,130,774
5R01DK134610-02,Bishuang Cai,Awards,131,774
5R01HL167107-02,Bishuang Cai,Awards,132,774
5R21HL165298-02,Irene Cal Y Mayor-Turnbull,Awards,133,775
2R01DK122807-06A1,Kirk N Campbell,Awards,134,776
5U01DK133093-03,Kirk N Campbell,Awards,135,776
5K23DK124645-04,Lili Chan,Awards,136,777
5U01DK137259-02,Lili Chan,Awards,137,777
5R01MH134319-02,Benjamin K Chen,Awards,138,778
5R01AI162223-04,Benjamin K Chen,Awards,139,778
1R38AI181012-01,Benjamin K Chen,Awards,140,778
5R61AI176585-02,Benjamin K Chen,Awards,141,778
5R37AI148064-13,Benjamin K Chen,Awards,142,778
5F30DK131862-03,Alice Yulan Chen-Liaw,Awards,143,779
5R01CA267696-03,Jerry Edward Chipuk,Awards,144,780
5R01CA237264-05,Jerry Edward Chipuk,Awards,145,780
5R01CA271346-02,Jerry Edward Chipuk,Awards,146,780
5R01AI172899-03,Nicholas Chun,Awards,147,781
5R01DK135675-02,Louis Jared Cohen,Awards,148,782
5R21AI178021-02,Paolo Cravedi,Awards,149,783
2R56AI132949-06,Paolo Cravedi,Awards,150,783
5K23HL151884-04,Susanna Curtis,Awards,151,784
1R01DK139395-01,Ilse Sofia Daehn,Awards,152,785
5F30AI162222-03,Donald Doanman,Awards,153,786
3P30CA196521-10S1,Deborah Doroshow,Awards,154,787
5R01HD100812-05,Andrea E Dunaif,Awards,155,788
2T32AI078892-16A1,Karen Leigh Edelblum,Awards,156,789
1R01HL171695-01,Alex D Federman,Awards,157,790
5T32AG066598-05,Alex D Federman,Awards,158,790
5R01AG066471-05,Alex D Federman,Awards,159,790
5P01CA039542-35,James L M Ferrara,Awards,160,791
5R37CA269982-02,Lucas Ferrari De Andrade,Awards,161,792
3R35GM127289-07S1,Robert P Fisher,Awards,162,793
1R21AI183028-01,Miguel Fribourg,Awards,163,794
5R01DK128289-04,Scott L Friedman,Awards,164,795
5T32DK131953-02,Scott L Friedman,Awards,165,795
5K01DK125614-04,Jia Fu,Awards,166,796
5R01LM013766-03,Thomas J Fuchs,Awards,167,797
5R25CA281789-02,Janice L Gabrilove,Awards,168,798
5TL1TR004420-03,Janice L Gabrilove,Awards,169,798
5R37CA266853-03,Emily Jane Gallagher,Awards,170,799
5R56NR020624-02,Laura Pilar Gelfman,Awards,171,800
3U01HL088942-17S1,Anne Christine Gelijns,Awards,172,801
5R01NS120477-04,Doris A Germain,Awards,173,802
5R01AG075589-02,Doris A Germain,Awards,174,802
5R21CA270702-02,Doris A Germain,Awards,175,802
5R01DK107670-08,Yelena Ginzburg,Awards,176,803
5U24CA224319-03,Sacha Gnjatic,Awards,177,804
5U01DK124165-05,Sacha Gnjatic,Awards,178,804
5R00HL150234-05,Leigh Goedeke,Awards,179,805
5K23HL161316-02,Neha Neelam Goel,Awards,180,806
5R01HL164644-03,Carol C Gregorio,Awards,181,807
5R01HL123078-09,Carol C Gregorio,Awards,182,807
5R01CA249204-05,Ernesto Guccione,Awards,183,808
5R01HD102385-04,Ernesto Guccione,Awards,184,808
5R01CA256480-04,Ernesto Guccione,Awards,185,808
4UH3CA271390-02,Ernesto Guccione,Awards,186,808
5R01CA248984-04,Ernesto Guccione,Awards,187,808
5R01HD102614-04,Ernesto Guccione,Awards,188,808
5R01DK131047-04,Gabriele Luca Gusella,Awards,189,809
5R01DK122980-05,John Cijiang He,Awards,190,810
1R01DK141510-01,John Cijiang He,Awards,191,810
5R01DK131525-03,John Cijiang He,Awards,192,810
7U24DK114886-08,Jonathan Himmelfarb,Awards,193,811
7U2CTR004867-02,Jonathan Himmelfarb,Awards,194,811
5R01AI148327-04,Catarina E Hioe,Awards,195,812
3U54CA260560-02S3,Fred R Hirsch,Awards,196,813
5K23DK129835-04,Robert Hirten,Awards,197,814
5P01CA108671-16,Ronald Hoffman,Awards,198,815
1R01DK138369-01,Dirk Homann,Awards,199,816
5R01HL164821-03,Jaime Lynn Hook,Awards,200,817
3U01HG010248-05S3,Carol R Horowitz,Awards,201,818
1R01HL173593-01,Kiyotake Ishikawa,Awards,202,819
5R01HL139963-07,Kiyotake Ishikawa,Awards,203,819
1F30HL176177-01,Joy Jiang,Awards,204,820
5R00HL153940-04,Tingting Jiang,Awards,205,821
5R01MD014890-04,Minal S Kale,Awards,206,822
5R01AI153363-04,Alice Oliffson Kamphorst,Awards,207,823
5K01DK128378-04,Esra Karakose-Balioglu,Awards,208,824
5R00HL155785-04,Jaymin J Kathiriya,Awards,209,825
5R01DK129735-03,Lewis Kaufman,Awards,210,826
5R01DK121978-05,Lewis Kaufman,Awards,211,826
5K23DK127241-03,Maia Kayal,Awards,212,827
5U01HG011176-05,Eimear Elizabeth Kenny,Awards,213,828
5R01CA260889-04,Chung Yin Kong,Awards,214,829
7K99AR083536-02,Piotr Konieczny,Awards,215,830
5R21AI174216-02,Amy R Kontorovich,Awards,216,831
5R01HL155356-04,Amy R Kontorovich,Awards,217,831
1OT2OD037643-01,Monica Kraft,Awards,218,832
1R38HL172261-01,Monica Kraft,Awards,219,832
5K23HL161324-03,Vaishnavi Kundel,Awards,220,833
1R01DK139189-01,Tatyana Kushner,Awards,221,834
5K23HL163486-02,Tatyana Kushner,Awards,222,834
1R01HL173843-01,Alison G Lee,Awards,223,835
5R01ES034433-03,Alison G Lee,Awards,224,835
1U24ES036007-01,Alison G Lee,Awards,225,835
5R01DK133912-03,Kyung Lee,Awards,226,836
5R01DK129467-04,Kyung Lee,Awards,227,836
1K08DK137022-01A1,Amanda Candice Leiter,Awards,228,837
2UG1HL138645-08,John Levine,Awards,229,838
5R01DK110352-08,Sergio A Lira,Awards,230,839
5R01CA273932-02,Josep M Llovet,Awards,231,840
5F31CA275326-03,Gabrielle Lubitz,Awards,232,841
5R37CA230636-07,Amaia Lujambio,Awards,233,842
5R01AI165820-03,Marta Luksza,Awards,234,843
5R01CA257548-04,James J Manfredi,Awards,235,844
5K08HL163489-02,Bridget Kelly Marcellino,Awards,236,845
5K08CA267309-03,Melissa Mazor,Awards,237,846
5R01HL158534-04,Cameron Stuart Mcalpine,Awards,238,847
5R01DK123749-05,Saurabh Mehandru,Awards,239,848
1R01DK135999-01A1,Kristin Meliambro,Awards,240,849
5R01CA277479-02,Miriam Merad,Awards,241,850
5R01CA154947-13,Miriam Merad,Awards,242,850
5R01CA254104-04,Miriam Merad,Awards,243,850
5R01CA257195-04,Miriam Merad,Awards,244,850
1K08DA060084-01,Alice Kyungsun Min,Awards,245,851
1K23DK139454-01,Dinushika Mohottige,Awards,246,852
1F30CA287638-01A1,Chang Yoon Moon,Awards,247,853
5P01AG066605-05,R Sean Morrison,Awards,248,854
5R01AG067045-03,R Sean Morrison,Awards,249,854
1R01CA292376-01,Slim Mzoughi,Awards,250,855
5R01HL167050-02,Girish Nitin Nadkarni,Awards,251,856
5R01DK127139-04,Girish Nitin Nadkarni,Awards,252,856
7R01AI168462-04,Shruti Naik,Awards,253,857
5R01CA251425-05,Zhen-Qiang Pan,Awards,254,858
5R01CA271331-03,Eirini Papapetrou,Awards,255,859
5R01CA271418-02,Eirini Papapetrou,Awards,256,859
5R01CA260711-03,Eirini Papapetrou,Awards,257,859
1R21HL173733-01,Ankit Ashok Parekh,Awards,258,860
1R01HL171813-01,Ankit Ashok Parekh,Awards,259,860
5K25HL151912-04,Ankit Ashok Parekh,Awards,260,860
5R01CA252222-05,Samir Parekh,Awards,261,861
5R01CA244899-05,Samir Parekh,Awards,262,861
5KL2TR004421-03,Inga Peter,Awards,263,743
5R01CA240362-05,Poulikos I Poulikakos,Awards,264,862
1R01CA285713-01,Poulikos I Poulikakos,Awards,265,862
5DP2AI177905-02,Daniel Puleston,Awards,266,863
1DP1DK140003-01,Prashant Rajbhandari,Awards,267,864
1R01DK136035-01A1,Prashant Rajbhandari,Awards,268,864
5K23AG066930-05,Jennifer M Reckrey,Awards,269,865
5R01CA251448-05,E Premkumar Reddy,Awards,270,866
5R21CA252366-02,E Premkumar Reddy,Awards,271,866
5F31AI172404-03,Jamie Redes,Awards,272,867
1R03AG082996-01A1,Rebecca Anne Rodin,Awards,273,868
5K08DK131286-04,Ankit Sakhuja,Awards,274,869
1R01CA283469-01A1,Robert M Samstein,Awards,275,870
5R01DK130300-04,Donald K Scott,Awards,276,871
1R01DK139631-01,Donald K Scott,Awards,277,871
5R01CA258784-04,Triparna Sen,Awards,278,872
1R01HL168897-01A1,Neomi A Shah,Awards,279,873
5F30CA261144-04,Joan Shang,Awards,280,874
1R01CA285580-01A1,Daniela Sia,Awards,281,875
2R01GM135301-05A1,Samuel Sidi,Awards,282,876
5R01CA285342-02,Keith Magnus Sigel,Awards,283,877
5R01CA256660-04,Keith Magnus Sigel,Awards,284,877
5P30AG028741-15,Albert L Siu,Awards,285,878
3R01CA251547-04S1,Cardinale B Smith,Awards,286,879
5T35AG067578-05,Rainier P Soriano,Awards,287,880
5UM1CA121947-18,Joseph A Sparano,Awards,288,881
5R01DK124461-04,Sarah Amy Stanley,Awards,289,882
5R01DK129196-04,Andrew F Stewart,Awards,290,883
5R01DK105015-08,Andrew F Stewart,Awards,291,883
5F31AI174808-02,O'Jay Stewart,Awards,292,884
5T32GM146636-03,Talia H Swartz,Awards,293,885
5R01DA052255-05,Talia H Swartz,Awards,294,885
1R01DA059876-01,Talia H Swartz,Awards,295,885
1F30CA287690-01A1,Alexander Tepper,Awards,296,886
5F30CA275269-03,Michelle Alyssa Tran,Awards,297,887
5R03DK132440-02,Ryan Ungaro,Awards,298,888
1R01AI179427-01A1,Chitra Upadhyay,Awards,299,889
5R01AG066870-05,Andrew W Varga,Awards,300,890
5U01CA283931-02,Augusto Villanueva,Awards,301,891
5R01DA052844-05,David J Volsky,Awards,302,892
1R01CA290681-01,Elvin Wagenblast,Awards,303,893
1R01CA292503-01,Elvin Wagenblast,Awards,304,893
1K08CA283362-01A1,Christina Wang,Awards,305,894
5R01DK136016-02,Shuang Wang,Awards,306,895
1R01HL171676-01,Juan P Wisnivesky,Awards,307,896
5R01CA264995-04,Juan P Wisnivesky,Awards,308,896
5T32CA225617-07,Juan P Wisnivesky,Awards,309,896
5R01CA271604-02,Juan P Wisnivesky,Awards,310,896
1F31DK141253-01,Jacob Matthew Wright,Awards,311,897
3K08DK132501-02S1,Mon-Wei Yu,Awards,312,898
5R01CA269382-03,Dmitriy Zamarin,Awards,313,899
5R01AI168178-03,Goran Bajic,Awards,314,900
5R01AI148663-06,Christopher F Basler,Awards,315,901
1F31AI186462-01,Tesia Bobrowski,Awards,316,902
5R01AI175303-02,Matthew J Evans,Awards,317,903
3U19AI168631-03S2,Ana Fernandez-Sesma,Awards,318,904
5U19AI135972-07,Adolfo Garcia-Sastre,Awards,319,905
5R01AI167691-02,Jeffrey R Johnson,Awards,320,906
5R01AI170596-02,Jeffrey R Johnson,Awards,321,906
5R25GM150146-02,Florian Krammer,Awards,322,907
5R01AI150837-05,Jean Kyou Lim,Awards,323,908
5R01AI166594-03,Jean Kyou Lim,Awards,324,908
1R03AI182613-01A1,Jean Kyou Lim,Awards,325,908
5R61DA058294-02,Lubbertus C Mulder,Awards,326,909
1F31HL176050-01,Alec P Pankow,Awards,327,910
5R35GM150649-02,Paulina Pawlica,Awards,328,911
5R01AI151029-05,Brad Rosenberg,Awards,329,912
5R21AI176069-02,Michael Schotsaert,Awards,330,913
1R21AI180874-01,Michael Schotsaert,Awards,331,913
5R01AI171569-02,Viviana A Simon,Awards,332,914
1R01AI179598-01A1,Viviana A Simon,Awards,333,914
5P01AI172531-02,Viviana A Simon,Awards,334,914
5T32AI007647-25,Domenico Tortorella,Awards,335,915
1R56AI175974-01A1,Domenico Tortorella,Awards,336,915
1F32AI186388-01,Olivia Ashley Vogel,Awards,337,916
1R01NS138611-01,Erin Savner Beck,Awards,338,917
5K23AG080163-02,Leah Blank,Awards,339,918
5K01AG078442-02,Insup Choi,Awards,340,919
5R01AA028023-04,Uraina S Clark,Awards,341,920
1R01NS135228-01,Ilana Beth Katz Sand,Awards,342,921
1R21NS133826-01A1,Isaac Marin-Valencia,Awards,343,922
1R03NS137124-01A1,Isaac Marin-Valencia,Awards,344,922
5R01NS117638-04,Benjamin Natelson,Awards,345,923
5R01AG063819-05,Ana C Pereira,Awards,346,924
4U24NS113849-02,Jessica Robinson-Papp,Awards,347,925
5R01DK122853-05,Jessica Robinson-Papp,Awards,348,925
2U24DK112331-07,Stuart C Sealfon,Awards,349,926
2R56DK046943-28,Stuart C Sealfon,Awards,350,926
5R01HD082176-09,James Francis Sumowski,Awards,351,927
5K01NS133057-02,Stephanie Tankou,Awards,352,928
5R01DC019928-03,Sergei Yakushin,Awards,353,929
5R01NS117590-05,Zhenyu Yue,Awards,354,930
5R01AG072520-04,Zhenyu Yue,Awards,355,930
5R01NS060123-17,Zhenyu Yue,Awards,356,930
5K99DA058213-02,Antonio V Aubry,Awards,357,931
1F31AG087649-01,Austin Baggetta,Awards,358,932
1R01AG089533-01,Joel William Blanchard,Awards,359,933
3R01NS114239-05S1,Joel William Blanchard,Awards,360,933
5K01MH125144-05,Allison Bond,Awards,361,934
5F32DA054802-03,Kevin Braunscheidel,Awards,362,935
5R01MH120162-05,Denise Jade Cai,Awards,363,936
5R56MH132959-02,Denise Jade Cai,Awards,364,936
4R01AG072300-02,Joseph Michael Castellano,Awards,365,937
5R01AG061382-05,Joseph Michael Castellano,Awards,366,937
5F30AG079492-02,Matthew Francis Challman,Awards,367,938
5K99DK137037-02,Kenny Chan,Awards,368,939
1F30AG090096-01,Winnie Chen,Awards,369,940
5R01MH124880-05,Roger L Clem,Awards,370,941
5R01MH132224-02,Roger L Clem,Awards,371,941
1F32MH136726-01A1,Alberto Corona,Awards,372,942
5F30AG079491-02,Jessica Crowley,Awards,373,943
5F31AG084223-02,Winston Hirschler Cuddleston,Awards,374,944
5F31NS132558-02,Ashley Cunningham,Awards,375,945
1F99NS139541-01A1,Ashley Cunningham,Awards,376,945
5R01AT011697-04,Ivan E De Araujo,Awards,377,946
5F31CA268947-03,Pamela Del Valle,Awards,378,947
5R35NS111600-06,Graham Ellis-Davies,Awards,379,948
1K99MH137315-01,Davide Folloni,Awards,380,949
1R21NS134158-01A1,Roland Horst Friedel,Awards,381,950
5F31NS130909-02,Camille Goldman,Awards,382,951
5F31MH133297-02,Trevonn Michael Gyles,Awards,383,952
5F31DA059266-02,Emma Hays,Awards,384,953
5F31AG079604-02,Brittany Marie Hemmer,Awards,385,954
1R01AG087945-01,Patrick R Hof,Awards,386,955
5T32AG049688-10,Patrick R Hof,Awards,387,955
5T32MH087004-15,George W Huntley,Awards,388,956
1R01NS135728-01,George W Huntley,Awards,389,956
5R01DA051191-04,Yasmin L Hurd,Awards,390,957
5F31AG074652-03,Philip Henry Hwang,Awards,391,958
5K01NS127948-02,Chrystian Junqueira Alves,Awards,392,959
5T32DA053558-04,Paul J Kenny,Awards,393,960
5U01DA053629-04,Paul J Kenny,Awards,394,960
5R37DA020686-17,Paul J Kenny,Awards,395,960
1K99AG084853-01,Justin Lines,Awards,396,961
5R03AG078953-02,Rachel Litke,Awards,397,962
5R01DA056595-03,Ian S Maze,Awards,398,963
2R01HD097088-06,Ian S Maze,Awards,399,963
2R01MH116900-06A1,Ian S Maze,Awards,400,963
2P01DA047233-06A1,Eric J Nestler,Awards,401,964
5R01DA007359-36,Eric J Nestler,Awards,402,964
5R01MH129306-02,Eric J Nestler,Awards,403,964
5R01DA014133-25,Eric J Nestler,Awards,404,964
5K99MH131792-02,Zachary Thomas Pennington,Awards,405,965
1F31NS134301-01A1,Paul Andrew Philipsberg,Awards,406,966
5R01NS116006-04,Towfique Raj,Awards,407,967
4R01AG065926-02,Towfique Raj,Awards,408,967
5U01AG068880-05,Towfique Raj,Awards,409,967
1R56AG088669-01,Towfique Raj,Awards,410,967
5R01MH134845-02,Erin L Rich,Awards,411,968
5R21MH131900-02,Erin L Rich,Awards,412,968
5R01MH121480-05,Erin L Rich,Awards,413,968
1F31NS134319-01A1,Mikaela Rosen,Awards,414,969
5R01MH132789-02,Peter Rudebeck,Awards,415,970
5R01MH132064-02,Peter Rudebeck,Awards,416,970
1T32MH135853-01,Scott James Russo,Awards,417,971
5R01MH133299-02,Scott James Russo,Awards,418,971
3R01MH127820-04S1,Scott James Russo,Awards,419,971
2R01MH104559-11,Scott James Russo,Awards,420,971
1R01AG084699-01,Stephen R Salton,Awards,421,972
4R01AG068558-02,Anne Schaefer,Awards,422,973
5R01NS106721-05,Anne Schaefer,Awards,423,973
5F30DA057092-02,Jeremy Sherman,Awards,424,974
1R01NS136590-01,Tristan Shuman,Awards,425,975
3RF1AG072497-01A1S1,Tristan Shuman,Awards,426,975
5R01NS116357-04,Tristan Shuman,Awards,427,975
5R01AA018734-13,Paul A Slesinger,Awards,428,976
5R21NS130886-02,Paul A Slesinger,Awards,429,976
5F99NS135813-02,Ivan Soler,Awards,430,977
5R01AG078755-03,Merina Thekenangarpadiyil Varghese,Awards,431,978
5F31MH133365-02,Sarah Elizabeth Williams,Awards,432,979
1R01MH136228-01,Xiaoting Wu,Awards,433,980
5R00MH122697-05,Xiaoting Wu,Awards,434,980
5R01MH133039-02,Zheng Herbert Wu,Awards,435,981
3R01MH129372-03S1,Nan Yang,Awards,436,982
5R01NS116057-05,Nan Yang,Awards,437,982
5R01AG069976-05,Alexander W Charney,Awards,438,983
5R01NS092735-09,Roland Horst Friedel,Awards,439,950
5R01CA258636-03,Dolores Hambardzumyan,Awards,440,984
5R01NS100864-09,Dolores Hambardzumyan,Awards,441,984
1R01NS137631-01,Dolores Hambardzumyan,Awards,442,984
1U24NS135391-01,J Duffy Mocco,Awards,443,985
5F31CA275290-03,Gabrielle Alexia Price,Awards,444,986
5R01MH124763-04,Ignacio Saez,Awards,445,987
5R01NS134159-02,Hongyan Jenny Zou,Awards,446,988
5R01NS127442-02,Hongyan Jenny Zou,Awards,447,988
5R01HD098867-05,Michal Aviva Elovitz,Awards,448,989
5R01HD102318-06,Michal Aviva Elovitz,Awards,449,989
5R01NR014784-10,Michal Aviva Elovitz,Awards,450,989
5R03AG082994-02,Krishna Kaushik Patel,Awards,451,990
3R01MH127315-03S1,Maria De Las Mercedes Perez Rodriguez,Awards,452,991
5R01HL159433-04,Leslee J Shaw,Awards,453,992
5R01CA276087-03,Dmitriy Zamarin,Awards,454,899
1R21EY035793-01,Timothy A Blenkinsop,Awards,455,685
2R01EY027301-06,Yuen Ping Toco Chui,Awards,456,993
5R00EY031339-05,Varun Kumar,Awards,457,994
5R01EY032559-04,Louis Robert Pasquale,Awards,458,995
1R01EY036460-01,Louis Robert Pasquale,Awards,459,995
5R01AR082797-02,Fei Fang,Awards,460,996
3R01AR080616-03S1,Woojin Han,Awards,461,997
5R01AR078764-03,Nilsson Holguin,Awards,462,998
3R01AR080096-03S1,James C Iatridis,Awards,463,999
5R01AR078857-03,James C Iatridis,Awards,464,999
5R01HL159712-03,Ya-Wen Chen,Awards,465,1000
5R00HL145094-05,Alison May,Awards,466,1001
5U01DK062422-25,Judy H Cho,Awards,467,1002
5U24DK062429-25,Judy H Cho,Awards,468,1002
5R01DK135272-02,Karen Leigh Edelblum,Awards,469,789
1R01DK141146-01,Karen Leigh Edelblum,Awards,470,789
5K01AG070326-03,Kurt William Farrell,Awards,471,1003
1F30DK139737-01A1,Jake Herb,Awards,472,1004
5F30DK127736-04,Rachel Levantovsky,Awards,473,1005
1R01CA274251-01A1,Jose M Silva,Awards,474,1006
5F32AG072837-02,Kristen Whitney,Awards,475,1007
5R01HL164775-02,Kecia Nicole Carroll,Awards,476,1008
5K24HL150312-05,Kecia Nicole Carroll,Awards,477,1008
7K01HL163457-03,Anna Chorniy,Awards,478,1009
3R01DK121154-05S1,Jaime C Chu,Awards,479,1010
5R01AI153708-04,Maria A Curotto De Lafaille,Awards,480,1011
5R01AI072204-17,Angela Diaz,Awards,481,1012
1R01HL173006-01,Bruce D Gelb,Awards,482,1013
1U01NS139213-01,Bruce D Gelb,Awards,483,1013
4UH3TR004040-03,Bruce D Gelb,Awards,484,1013
1U01AI181883-01,Scott H Sicherer,Awards,485,1014
5K23DK125760-03,Elizabeth Spencer,Awards,486,1015
5UL1TR004419-03,Rosalind J Wright,Awards,487,1016
5R01ES033436-04,Rosalind J Wright,Awards,488,1016
5UG3OD023337-09,Rosalind J Wright,Awards,489,1016
5K12ES033594-03,Rosalind J Wright,Awards,490,1016
1R21ES035169-01A1,Rosalind J Wright,Awards,491,1016
1S10OD036213-01,Aneel K Aggarwal,Awards,492,1017
2R35GM131780-06,Aneel K Aggarwal,Awards,493,1017
5R21AI175733-02,Aneel K Aggarwal,Awards,494,1017
5R01GM147211-02,David H Bechhofer,Awards,495,1018
2R25GM064118-23,Kirk N Campbell,Awards,496,776
5R01AI168004-03,Kalung Cheung,Awards,497,1019
5R01DA058681-02,Lakshmi A Devi,Awards,498,1020
5R01DA008863-29,Lakshmi A Devi,Awards,499,1020
1R21DA059420-01,Marta Filizola,Awards,500,1021
1R01HL173203-01,Lahouaria Hadri,Awards,501,1022
1R01HL172043-01A1,Lahouaria Hadri,Awards,502,1022
5R01HL158998-03,Lahouaria Hadri,Awards,503,1022
5R01CA268384-03,Jian Jin,Awards,504,1023
5R01AG084184-02,Jian Jin,Awards,505,1023
5R01CA260666-04,Jian Jin,Awards,506,1023
5F31HL160182-03,Deanalisa Jones,Awards,507,1024
5R35GM124838-08,Michael Block Lazarus,Awards,508,1025
5U24CA264250-03,Avi Ma'Ayan,Awards,509,1026
3OT2OD030160-01S5,Avi Ma'Ayan,Awards,510,1026
3OT2OD036435-01S1,Avi Ma'Ayan,Awards,511,1026
5R01CA277794-11,Avner Schlessinger,Awards,512,1027
5R35GM137905-05,Yi Shi,Awards,513,1028
5R01AI163011-03,Yi Shi,Awards,514,1028
1R21HL174051-01,Eric A Sobie,Awards,515,1029
5R01HL167520-02,Eric A Sobie,Awards,516,1029
2R35GM133504-06,Daniel Wacker,Awards,517,1030
5R35GM138214-06,Min Xue,Awards,518,1031
5R01GM146061-04,Masayuki Yazawa,Awards,519,1032
5R01HL166384-03,Masayuki Yazawa,Awards,520,1032
5R01GM143440-04,Peng Yuan,Awards,521,1033
5R01AG071870-04,Tony Yuen,Awards,522,1034
5R01AG074092-04,Mone Zaidi,Awards,523,1035
2U19AG060917-06,Mone Zaidi,Awards,524,1035
5U01AG073148-04,Mone Zaidi,Awards,525,1035
5F30HL160179-04,Nicole Zatorski,Awards,526,1036
5R01AI177461-02,Ming-Ming Zhou,Awards,527,1037
5R01AG072562-04,Ming-Ming Zhou,Awards,528,1037
5K23AG075188-04,Sarah Bannon,Awards,529,1038
3R01NS115957-05S1,Carrie Lynn Esopenko,Awards,530,1039
5R00HD106060-04,Raj Gopalan Kumar,Awards,531,1040
1K08CA285939-01,Richard Silvera,Awards,532,1041
1R01DA059455-01A1,Jessica Ables,Awards,533,1042
5F31AA031437-02,Faith Adams,Awards,534,1043
5R01DA054526-04,Schahram Akbarian,Awards,535,1044
5DP1DA056018-03,Schahram Akbarian,Awards,536,1044
5R33DA048207-05,Schahram Akbarian,Awards,537,1044
5U01DA053600-04,Schahram Akbarian,Awards,538,1044
5R01DA049547-03,Nelly Alia-Klein,Awards,539,1045
5R01MH124776-04,Veerle Bergink,Awards,540,1046
2R01MH122869-05,Veerle Bergink,Awards,541,1046
5R21MH129898-02,Laura A Berner,Awards,542,1047
5R01MH132786-02,Laura A Berner,Awards,543,1047
1R21MH137536-01,Rebecca Birnbaum,Awards,544,1048
1R01AG087324-01,Michael S Breen,Awards,545,1049
5R03AG080170-02,Michael S Breen,Awards,546,1049
5R01MH128813-03,Joseph D Buxbaum,Awards,547,1050
5R01MH129724-03,Joseph D Buxbaum,Awards,548,1050
5K99MH128540-02,Carolina Cappi,Awards,549,1051
5R01MH130662-02,Alexander W Charney,Awards,550,983
1R34DA059716-01,Cheryl Mary Corcoran,Awards,551,1052
5R01MH132239-02,Cheryl Mary Corcoran,Awards,552,1052
1F30MH135658-01A1,Arianna Neal Davis,Awards,553,1053
5R01MH131537-02,Silvia De Rubeis,Awards,554,1054
5R01HD104609-04,Silvia De Rubeis,Awards,555,1054
5R01MH122590-05,Stella Dracheva,Awards,556,1055
1K01DA059689-01A1,Jacqueline-Marie Ferland,Awards,557,1056
1R01MH133625-01A1,Vincenzo Guido Fiore,Awards,558,1057
5R01AA030850-02,Allan Geliebter,Awards,559,1058
5R01NS047229-18,Anastasios Georgakopoulos,Awards,560,1059
5R21DA058801-02,Rita Z Goldstein,Awards,561,1060
5R01DA048301-05,Rita Z Goldstein,Awards,562,1060
1R01MH136218-01,Dorothy E Grice,Awards,563,1061
5R01MH124679-04,Dorothy E Grice,Awards,564,1061
5R01MH121411-05,Erin A Hazlett,Awards,565,1062
5R01MH131655-02,Thomas B Hildebrandt,Awards,566,1063
5R01DA055434-03,Yasmin L Hurd,Awards,567,957
4UH3DA050323-02,Yasmin L Hurd,Awards,568,957
5K01MH131855-02,Yael Jacob,Awards,569,1064
5R01MH124817-04,Magdalena Janecka,Awards,570,1065
5T32MH122394-05,Rene S Kahn,Awards,571,1066
1U01MH136535-01,Rene S Kahn,Awards,572,1066
4R33MH125130-03,Harold W Koenigsberg,Awards,573,1067
5R01MH130354-03,Yulia Landa,Awards,574,1068
5R34MH128502-02,Yulia Landa,Awards,575,1068
5R61AG083582-02,Clara Li,Awards,576,1069
5UH2AG083258-02,Clara Li,Awards,577,1069
5R01AG083840-02,Clara Li,Awards,578,1069
5R21MH131933-02,Behrang Mahjani,Awards,579,1070
1R34DA061263-01,Hirofumi Morishita,Awards,580,1071
1RF1AG085887-01A1,Hirofumi Morishita,Awards,581,1071
2R01MH118297-06,Hirofumi Morishita,Awards,582,1071
1R01MH132733-01A1,Niamh Mullins,Awards,583,1072
5R01MH124839-04,Niamh Mullins,Awards,584,1072
5U19AT010835-05,James Warren Murrough,Awards,585,1073
5R01MH134045-02,James Warren Murrough,Awards,586,1073
7R01MH125004-04,Georgia Panagiotakos,Awards,587,1074
5R01MH127075-03,Georgia Panagiotakos,Awards,588,1074
5R01DA058039-02,Muhammad Adeel Parvaz,Awards,589,1075
5R61DA056779-02,Muhammad Adeel Parvaz,Awards,590,1075
5R25MH129256-02,Maria De Las Mercedes Perez Rodriguez,Awards,591,991
5K99MH132873-02,Salman Ehtesham Qasim,Awards,592,1076
5R21DK129908-03,Abha K Rajbhandari,Awards,593,1077
5R01MH128971-03,Abraham Reichenberg,Awards,594,1078
5R01HD107528-03,Abraham Reichenberg,Awards,595,1078
1DP5OD037383-01,Shawn A Rhoads,Awards,596,1079
5R01HD111117-02,Thalia K Robakis,Awards,597,1080
5R01HD109613-03,Anna-Sophie Rommel,Awards,598,1081
5R01AG050986-09,Panagiotis Roussos,Awards,599,744
5R01MH125246-04,Panagiotis Roussos,Awards,600,744
5R01AG065582-05,Panagiotis Roussos,Awards,601,744
1U24AG087563-01,Panagiotis Roussos,Awards,602,744
1R01HD113669-01,Sven Sandin,Awards,603,1082
5P30AG066514-05,Mary Sano,Awards,604,1083
5R01MH122611-05,Daniela Schiller,Awards,605,1084
5R01MH123069-04,Daniela Schiller,Awards,606,1084
5R01MH126448-04,Kurt P Schulz,Awards,607,1085
1K23MH135238-01A1,Andrew Howard Smith,Awards,608,1086
1R01MH135079-01A1,Julie A Spicer,Awards,609,1087
1R01MH136230-01,Brian Musa Sweis,Awards,610,1088
5R01AG078657-02,Georgios Voloudakis,Awards,611,1089
1R01MH134973-01,Kenneth Wengler,Awards,612,1090
1K99ES035894-01,Cecilia Sara Alcala,Awards,613,1091
5R01ES026033-08,Manish Arora,Awards,614,1092
4U2CES030859-06,Manish Arora,Awards,615,1092
5R35ES030435-05,Manish Arora,Awards,616,1092
5R21MD019104-02,Samira Asgari,Awards,617,1093
5R01DE029838-05,Christine Austin,Awards,618,1094
5U24ES035386-02,Dinesh Barupal,Awards,619,1095
5R25HG011021-05,Emma Katherine Tara Benn,Awards,620,711
5R01MD017508-03,Nina A Bickell,Awards,621,1096
5D43TW011403-05,Luz Claudio,Awards,622,1097
1R01MD020109-01,Luz Claudio,Awards,623,1097
2R25HL108857-11,Luz Claudio,Awards,624,1097
5R01ES034521-03,Elena Colicino,Awards,625,1098
5R01ES032242-05,Elena Colicino,Awards,626,1098
1R01MH137220-01,Lea K Davis,Awards,627,1099
5K25HD109509-03,Nicholas B Defelice,Awards,628,1100
5R01HD108263-03,Ipek Ensari,Awards,629,1101
5R01AG034157-14,Mariana Gross Figueiro,Awards,630,1102
5R01ES034779-02,Homero Harari,Awards,631,1103
5R01HG013145-02,Carol R Horowitz,Awards,632,818
5R01ES019222-13,Megan K Horton,Awards,633,1104
2R01ES028927-06A1,Megan K Horton,Awards,634,1104
1K99ES036277-01,Jamil Marlo Lane,Awards,635,1105
5K25HD104918-04,Shelley Han Liu,Awards,636,1106
5R01CA251754-04,Guy H Montgomery,Awards,637,1107
5R25CA248462-04,Guy H Montgomery,Awards,638,1107
1R01HD113724-01,Mary A Ott,Awards,639,1108
7R01ES032552-03,Youssef Oulhote,Awards,640,1109
1R01HG013350-01,Vikas Rao Pejaver,Awards,641,742
5R01ES031117-05,Lauren Petrick,Awards,642,1110
5R01EB033799-03,Mark S Rea,Awards,643,1111
5K99ES035120-02,Elza Rechtman,Awards,644,1112
5K08CA267308-03,Anya Romanoff,Awards,645,1113
5R01ES033245-03,Maria Jose Rosa,Awards,646,1114
2U24ES028522-06,Maria Jose Rosa,Awards,647,1114
5R25CA236636-05,Julie B Schnur,Awards,648,1115
5F30DK130576-04,Lauren Stalbow,Awards,649,1116
5R25LM014339-02,Toni Stern,Awards,650,1117
5P20CA264076-04,Emanuela Taioli,Awards,651,1118
4U2CES026555-07,Susan L Teitelbaum,Awards,652,1119
5R01CA260961-03,Heiddis Valdimarsdottir,Awards,653,1120
5R01ES033688-03,Damaskini Valvi,Awards,654,1121
1R01ES035773-01,Damaskini Valvi,Awards,655,1121
1R01DK137968-01,Ryan W Walker,Awards,656,1122
5P30ES023515-11,Robert O Wright,Awards,657,1123
5T32HD049311-18,Robert O Wright,Awards,658,1123
1R13AG087672-01,Robert O Wright,Awards,659,1123
5R01ES013744-17,Robert O Wright,Awards,660,1123
4U2CES026561-07,Robert O Wright,Awards,661,1123
5R01ES034864-02,Maayan Yitshak Sade,Awards,662,1124
5DP5OD031828-04,Jalal Ahmed,Awards,663,1125
5K01AG075178-03,Akbar Alipour,Awards,664,1126
5R01MH123542-04,Ki Sueng Choi,Awards,665,1127
5K76AG068516-04,Kavita Vyas Dharmarajan,Awards,666,1128
5P01HL131478-07,Zahi A Fayad,Awards,667,1129
5P01AI168258-02,Zahi A Fayad,Awards,668,1129
1R01HL172363-01A1,Zahi A Fayad,Awards,669,1129
5R50CA276021-02,Karyn A Goodman,Awards,670,1130
5R01DK129888-04,Sara C Lewis,Awards,671,1131
5DP5OD031876-04,Deborah Catherine Marshall,Awards,672,1132
5R01CA249765-05,Bachir Taouli,Awards,673,1133
5R01HL166720-02,Maria Giovanna Trivieri,Awards,674,1134
5R01HL169500-02,Mandy Maria Theresia Van Leent,Awards,675,1135
1R01NS136806-01,Xiang Xu,Awards,676,1136
3R21AG083685-02S1,Xiang Xu,Awards,677,1136
5K22CA258806-03,Juan Martin Arriaga,Awards,678,1137
5R01CA249175-05,Nina Bhardwaj,Awards,679,768
3R01CA274967-02S1,Goutam Chakraborty,Awards,680,1138
5R01CA269954-02,Amir Horowitz,Awards,681,1139
1R21CA286309-01,David Mulholland,Awards,682,1140
5R21CA274148-02,John Sfakianos,Awards,683,1141
James J Bieker,5R01DK046865-31,Awards,684,1
James J Bieker,1R21DK139543-01A1,Awards,684,2
Timothy A Blenkinsop,5R01EY029736-05,Awards,685,3
Meagan Branch,1F31AR082689-01A1,Awards,686,4
Nicole Dubois,1R01HL173318-01,Awards,687,5
Nicole Dubois,1R01HL175488-01,Awards,687,6
Elena Ezhkova,1R01AG089916-01,Awards,688,7
Elena Ezhkova,5P30AR079200-04,Awards,688,8
Elena Ezhkova,3R01AR069078-10S1,Awards,688,9
Pooja Flora,5K99AR082956-02,Awards,689,10
Saghi Ghaffari,5R01CA205975-08,Awards,690,11
Saghi Ghaffari,5R01HL136255-06,Awards,690,12
Saghi Ghaffari,5R01HL161567-03,Awards,690,13
Robert S Krauss,5R01AR070231-09,Awards,691,14
Robert S Krauss,1R21AR084632-01,Awards,691,15
Robert S Krauss,3R01DE024748-08S1,Awards,691,16
Florence Louise Marlow,1R35GM153244-01,Awards,692,17
Sarah E Millar,5R01AR081322-03,Awards,693,18
Sarah E Millar,5R01AR076428-05,Awards,693,19
Sarah E Millar,1R01DC020980-01A1,Awards,693,20
Marek Mlodzik,5R35GM127103-07,Awards,694,21
Aurelian Radu,5R21CA274007-02,Awards,695,22
Prashanth Rangan,1R35GM152236-01,Awards,696,23
Michael Rendl,5R01AR077593-04,Awards,697,24
Michael Rendl,5R01AR079475-04,Awards,697,25
Michael Rendl,5R01AR071047-09,Awards,697,26
Sergei Sokol,5R35GM122492-08,Awards,698,27
Christopher Michael Sturgeon,1R01HL172940-01,Awards,699,28
Christopher Michael Sturgeon,1R01EB035491-01,Awards,699,29
Madison Weber,1F31CA280993-01A1,Awards,700,30
Miranda Wilson,5F31HD112158-02,Awards,701,31
Thomas P Zwaka,5R21AI169516-02,Awards,702,32
Thomas P Zwaka,5R01HD100518-05,Awards,702,33
Ira Hofer,5K01HL150318-05,Awards,703,34
Anne Mary Bowcock,5R01CA161870-11,Awards,704,35
Neris Michel Enamorado Escalona,1K22AI175478-01,Awards,705,36
Emma Guttman,1R61AR084210-01,Awards,706,37
Emma Guttman,5U01AI152036-05,Awards,706,38
Emma Guttman,1U01AI179629-01,Awards,706,39
Hongzhen Hu,7R01DK134773-02,Awards,707,40
Hongzhen Hu,5R01AR077183-06,Awards,707,41
Hongzhen Hu,1R56DK139477-01,Awards,707,42
Andrew Ji,5K08CA263187-04,Awards,708,43
Brian Kim,1R01DK141106-01,Awards,709,44
Brian Kim,5R01AR077007-04,Awards,709,45
Brian Kim,5T32AR082315-02,Awards,709,46
Ethan Abbott,1K08HL169980-01A1,Awards,710,47
Emma Katherine Tara Benn,3U54CA267776-03S1,Awards,711,48
Jeffrey Avins Glassberg,5U01HL167036-02,Awards,712,49
Jeffrey Avins Glassberg,5R01HL159116-03,Awards,712,50
Utsha Khatri,1K23DA058860-01A1,Awards,713,51
Huihui Li,5K01DK131401-03,Awards,714,52
Alex Francis Manini,3R01DA048009-05S1,Awards,715,53
Roland C Merchant,5R01DA055533-03,Awards,716,54
Lynne D Richardson,5T32HL160513-03,Awards,717,55
Lynne D Richardson,1P50MD019475-01,Awards,717,56
Rachel Emily Solnick,1K23MH136923-01,Awards,718,57
Kimberly T Souffront,5R25HL161579-02,Awards,719,58
Sarah J Miller,5R01CA248981-04,Awards,720,59
Brian D Brown,5R01AT011326-05,Awards,721,60
Brian D Brown,1R01DK138025-01,Awards,721,61
Supinda Bunyavanich,5UM1AI173380-02,Awards,722,62
Ron Do,5R35GM124836-07,Awards,723,63
Ron Do,3R01HL155915-04S1,Awards,723,64
Yizhou Dong,3R35GM144117-04S1,Awards,724,65
Yizhou Dong,3R01AI174902-02S1,Awards,724,66
Jeremiah James Faith,5R01DK130337-03,Awards,725,67
Jeremiah James Faith,3R01DK112978-06S1,Awards,725,68
Jeremiah James Faith,2R01DK124133-05,Awards,725,69
Gang Fang,5R01MH125579-04,Awards,726,70
Gang Fang,5R35GM139655-04,Awards,726,71
Christian Forst,5R01AI170112-03,Awards,727,72
Judit Garcia Gonzalez,1K99HG013547-01,Awards,728,73
Francesca Garretti,5F32AG082483-02,Awards,729,74
Alison M Goate,5U54NS123746-04,Awards,730,75
Alison M Goate,5R01AG072489-03,Awards,730,76
Greg Peter Holmes,5R01DE030596-04,Awards,731,77
Sander Michel Houten,5R01HD112518-02,Awards,732,78
Kuan-Lin Huang,5R35GM138113-05,Awards,733,79
Wenyan Jiang,5R00AI153530-04,Awards,734,80
Robert J Klein,3R01CA244948-04S1,Awards,735,81
Chelsea Lowther,4R00HD108392-03,Awards,736,82
Reymundo Lozano,5K01NS126736-03,Awards,737,83
Alexandra Munch,5F31AG084337-02,Awards,738,84
Paul Francis O'Reilly,5R01HG012773-02,Awards,739,85
Paul Francis O'Reilly,5R01MH122866-05,Awards,739,86
Gaurav Pandey,5R01HG011407-04,Awards,740,87
Gita A Pathak,4R00AG078503-03,Awards,741,88
Vikas Rao Pejaver,5R00LM012992-05,Awards,742,89
Vikas Rao Pejaver,1R03OD038386-01,Awards,742,90
Inga Peter,5R01DK130094-03,Awards,743,91
Panagiotis Roussos,5R01AG082185-02,Awards,744,92
David Sachs,1R01HL173456-01,Awards,745,93
Edward H Schuchman,5R01HD109312-03,Awards,746,94
Carina Seah,5F30MH132324-02,Awards,747,95
Won-Min Song,5R35GM142918-04,Awards,748,96
Anna S Tocheva,5R35GM150989-02,Awards,749,97
Kayla Townsley,5F31MH130122-03,Awards,750,98
Zhidong Tu,1R21AG085140-01,Awards,751,99
Ernest Turro,5R01HL161365-02,Awards,752,100
Ernest Turro,5R03HD111492-02,Awards,752,101
Pei Wang,5U24CA271114-03,Awards,753,102
Pin-Xian Xu,5R01DC014718-09,Awards,754,103
Pin-Xian Xu,2R01DK064640-19A1,Awards,754,104
Makiko Yasuda,5R01DK134783-02,Awards,755,105
Bin Zhang,5R01AG068030-05,Awards,756,106
Bin Zhang,1R01AG085182-01A1,Awards,756,107
Bin Zhang,4R01AG074010-02,Awards,756,108
Stuart A Aaronson,5T32CA078207-25,Awards,757,109
Manasi Agrawal,5K23DK129762-04,Awards,758,110
Melissa Diane Aldridge,5R33AG065726-05,Awards,759,111
Sharon Alterzon,5K01DK128387-03,Awards,760,112
Claire Kathryn Ankuda,5K76AG064427-05,Awards,761,113
Indu A Ayappa,5T32HL160511-02,Awards,762,114
Evren U Azeloglu,5R25DK124917-05,Awards,763,115
Igor Landry Bado,5R00CA263033-04,Awards,764,116
Raymond Louis Benza,5R01HL164906-04,Awards,765,117
Raymond Louis Benza,4R33HL163755-02,Awards,765,118
Emily Bernstein,5R01NS110837-05,Awards,766,119
Romina Bevacqua,1R03DK138492-01,Awards,767,120
Nina Bhardwaj,5K12CA270375-03,Awards,768,121
Nina Bhardwaj,1UG3CA290517-01,Awards,768,122
Sonali Bose,1R21HL175177-01,Awards,769,123
Andrea D Branch,5U01CA288425-02,Awards,770,124
Jose Javier Bravo-Cordero,5R01CA244780-05,Awards,771,125
Jose Javier Bravo-Cordero,5R61CA278402-02,Awards,771,126
Joshua D Brody,5R37CA246239-05,Awards,772,127
Brian D Brown,5U01CA282114-02,Awards,721,128
Paula J Busse,5U01AI160082-04,Awards,773,129
Bishuang Cai,5R35GM147269-03,Awards,774,130
Bishuang Cai,5R01DK134610-02,Awards,774,131
Bishuang Cai,5R01HL167107-02,Awards,774,132
Irene Cal Y Mayor-Turnbull,5R21HL165298-02,Awards,775,133
Kirk N Campbell,2R01DK122807-06A1,Awards,776,134
Kirk N Campbell,5U01DK133093-03,Awards,776,135
Lili Chan,5K23DK124645-04,Awards,777,136
Lili Chan,5U01DK137259-02,Awards,777,137
Benjamin K Chen,5R01MH134319-02,Awards,778,138
Benjamin K Chen,5R01AI162223-04,Awards,778,139
Benjamin K Chen,1R38AI181012-01,Awards,778,140
Benjamin K Chen,5R61AI176585-02,Awards,778,141
Benjamin K Chen,5R37AI148064-13,Awards,778,142
Alice Yulan Chen-Liaw,5F30DK131862-03,Awards,779,143
Jerry Edward Chipuk,5R01CA267696-03,Awards,780,144
Jerry Edward Chipuk,5R01CA237264-05,Awards,780,145
Jerry Edward Chipuk,5R01CA271346-02,Awards,780,146
Nicholas Chun,5R01AI172899-03,Awards,781,147
Louis Jared Cohen,5R01DK135675-02,Awards,782,148
Paolo Cravedi,5R21AI178021-02,Awards,783,149
Paolo Cravedi,2R56AI132949-06,Awards,783,150
Susanna Curtis,5K23HL151884-04,Awards,784,151
Ilse Sofia Daehn,1R01DK139395-01,Awards,785,152
Donald Doanman,5F30AI162222-03,Awards,786,153
Deborah Doroshow,3P30CA196521-10S1,Awards,787,154
Andrea E Dunaif,5R01HD100812-05,Awards,788,155
Karen Leigh Edelblum,2T32AI078892-16A1,Awards,789,156
Alex D Federman,1R01HL171695-01,Awards,790,157
Alex D Federman,5T32AG066598-05,Awards,790,158
Alex D Federman,5R01AG066471-05,Awards,790,159
James L M Ferrara,5P01CA039542-35,Awards,791,160
Lucas Ferrari De Andrade,5R37CA269982-02,Awards,792,161
Robert P Fisher,3R35GM127289-07S1,Awards,793,162
Miguel Fribourg,1R21AI183028-01,Awards,794,163
Scott L Friedman,5R01DK128289-04,Awards,795,164
Scott L Friedman,5T32DK131953-02,Awards,795,165
Jia Fu,5K01DK125614-04,Awards,796,166
Thomas J Fuchs,5R01LM013766-03,Awards,797,167
Janice L Gabrilove,5R25CA281789-02,Awards,798,168
Janice L Gabrilove,5TL1TR004420-03,Awards,798,169
Emily Jane Gallagher,5R37CA266853-03,Awards,799,170
Laura Pilar Gelfman,5R56NR020624-02,Awards,800,171
Anne Christine Gelijns,3U01HL088942-17S1,Awards,801,172
Doris A Germain,5R01NS120477-04,Awards,802,173
Doris A Germain,5R01AG075589-02,Awards,802,174
Doris A Germain,5R21CA270702-02,Awards,802,175
Yelena Ginzburg,5R01DK107670-08,Awards,803,176
Sacha Gnjatic,5U24CA224319-03,Awards,804,177
Sacha Gnjatic,5U01DK124165-05,Awards,804,178
Leigh Goedeke,5R00HL150234-05,Awards,805,179
Neha Neelam Goel,5K23HL161316-02,Awards,806,180
Carol C Gregorio,5R01HL164644-03,Awards,807,181
Carol C Gregorio,5R01HL123078-09,Awards,807,182
Ernesto Guccione,5R01CA249204-05,Awards,808,183
Ernesto Guccione,5R01HD102385-04,Awards,808,184
Ernesto Guccione,5R01CA256480-04,Awards,808,185
Ernesto Guccione,4UH3CA271390-02,Awards,808,186
Ernesto Guccione,5R01CA248984-04,Awards,808,187
Ernesto Guccione,5R01HD102614-04,Awards,808,188
Gabriele Luca Gusella,5R01DK131047-04,Awards,809,189
John Cijiang He,5R01DK122980-05,Awards,810,190
John Cijiang He,1R01DK141510-01,Awards,810,191
John Cijiang He,5R01DK131525-03,Awards,810,192
Jonathan Himmelfarb,7U24DK114886-08,Awards,811,193
Jonathan Himmelfarb,7U2CTR004867-02,Awards,811,194
Catarina E Hioe,5R01AI148327-04,Awards,812,195
Fred R Hirsch,3U54CA260560-02S3,Awards,813,196
Robert Hirten,5K23DK129835-04,Awards,814,197
Ronald Hoffman,5P01CA108671-16,Awards,815,198
Dirk Homann,1R01DK138369-01,Awards,816,199
Jaime Lynn Hook,5R01HL164821-03,Awards,817,200
Carol R Horowitz,3U01HG010248-05S3,Awards,818,201
Kiyotake Ishikawa,1R01HL173593-01,Awards,819,202
Kiyotake Ishikawa,5R01HL139963-07,Awards,819,203
Joy Jiang,1F30HL176177-01,Awards,820,204
Tingting Jiang,5R00HL153940-04,Awards,821,205
Minal S Kale,5R01MD014890-04,Awards,822,206
Alice Oliffson Kamphorst,5R01AI153363-04,Awards,823,207
Esra Karakose-Balioglu,5K01DK128378-04,Awards,824,208
Jaymin J Kathiriya,5R00HL155785-04,Awards,825,209
Lewis Kaufman,5R01DK129735-03,Awards,826,210
Lewis Kaufman,5R01DK121978-05,Awards,826,211
Maia Kayal,5K23DK127241-03,Awards,827,212
Eimear Elizabeth Kenny,5U01HG011176-05,Awards,828,213
Chung Yin Kong,5R01CA260889-04,Awards,829,214
Piotr Konieczny,7K99AR083536-02,Awards,830,215
Amy R Kontorovich,5R21AI174216-02,Awards,831,216
Amy R Kontorovich,5R01HL155356-04,Awards,831,217
Monica Kraft,1OT2OD037643-01,Awards,832,218
Monica Kraft,1R38HL172261-01,Awards,832,219
Vaishnavi Kundel,5K23HL161324-03,Awards,833,220
Tatyana Kushner,1R01DK139189-01,Awards,834,221
Tatyana Kushner,5K23HL163486-02,Awards,834,222
Alison G Lee,1R01HL173843-01,Awards,835,223
Alison G Lee,5R01ES034433-03,Awards,835,224
Alison G Lee,1U24ES036007-01,Awards,835,225
Kyung Lee,5R01DK133912-03,Awards,836,226
Kyung Lee,5R01DK129467-04,Awards,836,227
Amanda Candice Leiter,1K08DK137022-01A1,Awards,837,228
John Levine,2UG1HL138645-08,Awards,838,229
Sergio A Lira,5R01DK110352-08,Awards,839,230
Josep M Llovet,5R01CA273932-02,Awards,840,231
Gabrielle Lubitz,5F31CA275326-03,Awards,841,232
Amaia Lujambio,5R37CA230636-07,Awards,842,233
Marta Luksza,5R01AI165820-03,Awards,843,234
James J Manfredi,5R01CA257548-04,Awards,844,235
Bridget Kelly Marcellino,5K08HL163489-02,Awards,845,236
Melissa Mazor,5K08CA267309-03,Awards,846,237
Cameron Stuart Mcalpine,5R01HL158534-04,Awards,847,238
Saurabh Mehandru,5R01DK123749-05,Awards,848,239
Kristin Meliambro,1R01DK135999-01A1,Awards,849,240
Miriam Merad,5R01CA277479-02,Awards,850,241
Miriam Merad,5R01CA154947-13,Awards,850,242
Miriam Merad,5R01CA254104-04,Awards,850,243
Miriam Merad,5R01CA257195-04,Awards,850,244
Alice Kyungsun Min,1K08DA060084-01,Awards,851,245
Dinushika Mohottige,1K23DK139454-01,Awards,852,246
Chang Yoon Moon,1F30CA287638-01A1,Awards,853,247
R Sean Morrison,5P01AG066605-05,Awards,854,248
R Sean Morrison,5R01AG067045-03,Awards,854,249
Slim Mzoughi,1R01CA292376-01,Awards,855,250
Girish Nitin Nadkarni,5R01HL167050-02,Awards,856,251
Girish Nitin Nadkarni,5R01DK127139-04,Awards,856,252
Shruti Naik,7R01AI168462-04,Awards,857,253
Zhen-Qiang Pan,5R01CA251425-05,Awards,858,254
Eirini Papapetrou,5R01CA271331-03,Awards,859,255
Eirini Papapetrou,5R01CA271418-02,Awards,859,256
Eirini Papapetrou,5R01CA260711-03,Awards,859,257
Ankit Ashok Parekh,1R21HL173733-01,Awards,860,258
Ankit Ashok Parekh,1R01HL171813-01,Awards,860,259
Ankit Ashok Parekh,5K25HL151912-04,Awards,860,260
Samir Parekh,5R01CA252222-05,Awards,861,261
Samir Parekh,5R01CA244899-05,Awards,861,262
Inga Peter,5KL2TR004421-03,Awards,743,263
Poulikos I Poulikakos,5R01CA240362-05,Awards,862,264
Poulikos I Poulikakos,1R01CA285713-01,Awards,862,265
Daniel Puleston,5DP2AI177905-02,Awards,863,266
Prashant Rajbhandari,1DP1DK140003-01,Awards,864,267
Prashant Rajbhandari,1R01DK136035-01A1,Awards,864,268
Jennifer M Reckrey,5K23AG066930-05,Awards,865,269
E Premkumar Reddy,5R01CA251448-05,Awards,866,270
E Premkumar Reddy,5R21CA252366-02,Awards,866,271
Jamie Redes,5F31AI172404-03,Awards,867,272
Rebecca Anne Rodin,1R03AG082996-01A1,Awards,868,273
Ankit Sakhuja,5K08DK131286-04,Awards,869,274
Robert M Samstein,1R01CA283469-01A1,Awards,870,275
Donald K Scott,5R01DK130300-04,Awards,871,276
Donald K Scott,1R01DK139631-01,Awards,871,277
Triparna Sen,5R01CA258784-04,Awards,872,278
Neomi A Shah,1R01HL168897-01A1,Awards,873,279
Joan Shang,5F30CA261144-04,Awards,874,280
Daniela Sia,1R01CA285580-01A1,Awards,875,281
Samuel Sidi,2R01GM135301-05A1,Awards,876,282
Keith Magnus Sigel,5R01CA285342-02,Awards,877,283
Keith Magnus Sigel,5R01CA256660-04,Awards,877,284
Albert L Siu,5P30AG028741-15,Awards,878,285
Cardinale B Smith,3R01CA251547-04S1,Awards,879,286
Rainier P Soriano,5T35AG067578-05,Awards,880,287
Joseph A Sparano,5UM1CA121947-18,Awards,881,288
Sarah Amy Stanley,5R01DK124461-04,Awards,882,289
Andrew F Stewart,5R01DK129196-04,Awards,883,290
Andrew F Stewart,5R01DK105015-08,Awards,883,291
O'Jay Stewart,5F31AI174808-02,Awards,884,292
Talia H Swartz,5T32GM146636-03,Awards,885,293
Talia H Swartz,5R01DA052255-05,Awards,885,294
Talia H Swartz,1R01DA059876-01,Awards,885,295
Alexander Tepper,1F30CA287690-01A1,Awards,886,296
Michelle Alyssa Tran,5F30CA275269-03,Awards,887,297
Ryan Ungaro,5R03DK132440-02,Awards,888,298
Chitra Upadhyay,1R01AI179427-01A1,Awards,889,299
Andrew W Varga,5R01AG066870-05,Awards,890,300
Augusto Villanueva,5U01CA283931-02,Awards,891,301
David J Volsky,5R01DA052844-05,Awards,892,302
Elvin Wagenblast,1R01CA290681-01,Awards,893,303
Elvin Wagenblast,1R01CA292503-01,Awards,893,304
Christina Wang,1K08CA283362-01A1,Awards,894,305
Shuang Wang,5R01DK136016-02,Awards,895,306
Juan P Wisnivesky,1R01HL171676-01,Awards,896,307
Juan P Wisnivesky,5R01CA264995-04,Awards,896,308
Juan P Wisnivesky,5T32CA225617-07,Awards,896,309
Juan P Wisnivesky,5R01CA271604-02,Awards,896,310
Jacob Matthew Wright,1F31DK141253-01,Awards,897,311
Mon-Wei Yu,3K08DK132501-02S1,Awards,898,312
Dmitriy Zamarin,5R01CA269382-03,Awards,899,313
Goran Bajic,5R01AI168178-03,Awards,900,314
Christopher F Basler,5R01AI148663-06,Awards,901,315
Tesia Bobrowski,1F31AI186462-01,Awards,902,316
Matthew J Evans,5R01AI175303-02,Awards,903,317
Ana Fernandez-Sesma,3U19AI168631-03S2,Awards,904,318
Adolfo Garcia-Sastre,5U19AI135972-07,Awards,905,319
Jeffrey R Johnson,5R01AI167691-02,Awards,906,320
Jeffrey R Johnson,5R01AI170596-02,Awards,906,321
Florian Krammer,5R25GM150146-02,Awards,907,322
Jean Kyou Lim,5R01AI150837-05,Awards,908,323
Jean Kyou Lim,5R01AI166594-03,Awards,908,324
Jean Kyou Lim,1R03AI182613-01A1,Awards,908,325
Lubbertus C Mulder,5R61DA058294-02,Awards,909,326
Alec P Pankow,1F31HL176050-01,Awards,910,327
Paulina Pawlica,5R35GM150649-02,Awards,911,328
Brad Rosenberg,5R01AI151029-05,Awards,912,329
Michael Schotsaert,5R21AI176069-02,Awards,913,330
Michael Schotsaert,1R21AI180874-01,Awards,913,331
Viviana A Simon,5R01AI171569-02,Awards,914,332
Viviana A Simon,1R01AI179598-01A1,Awards,914,333
Viviana A Simon,5P01AI172531-02,Awards,914,334
Domenico Tortorella,5T32AI007647-25,Awards,915,335
Domenico Tortorella,1R56AI175974-01A1,Awards,915,336
Olivia Ashley Vogel,1F32AI186388-01,Awards,916,337
Erin Savner Beck,1R01NS138611-01,Awards,917,338
Leah Blank,5K23AG080163-02,Awards,918,339
Insup Choi,5K01AG078442-02,Awards,919,340
Uraina S Clark,5R01AA028023-04,Awards,920,341
Ilana Beth Katz Sand,1R01NS135228-01,Awards,921,342
Isaac Marin-Valencia,1R21NS133826-01A1,Awards,922,343
Isaac Marin-Valencia,1R03NS137124-01A1,Awards,922,344
Benjamin Natelson,5R01NS117638-04,Awards,923,345
Ana C Pereira,5R01AG063819-05,Awards,924,346
Jessica Robinson-Papp,4U24NS113849-02,Awards,925,347
Jessica Robinson-Papp,5R01DK122853-05,Awards,925,348
Stuart C Sealfon,2U24DK112331-07,Awards,926,349
Stuart C Sealfon,2R56DK046943-28,Awards,926,350
James Francis Sumowski,5R01HD082176-09,Awards,927,351
Stephanie Tankou,5K01NS133057-02,Awards,928,352
Sergei Yakushin,5R01DC019928-03,Awards,929,353
Zhenyu Yue,5R01NS117590-05,Awards,930,354
Zhenyu Yue,5R01AG072520-04,Awards,930,355
Zhenyu Yue,5R01NS060123-17,Awards,930,356
Antonio V Aubry,5K99DA058213-02,Awards,931,357
Austin Baggetta,1F31AG087649-01,Awards,932,358
Joel William Blanchard,1R01AG089533-01,Awards,933,359
Joel William Blanchard,3R01NS114239-05S1,Awards,933,360
Allison Bond,5K01MH125144-05,Awards,934,361
Kevin Braunscheidel,5F32DA054802-03,Awards,935,362
Denise Jade Cai,5R01MH120162-05,Awards,936,363
Denise Jade Cai,5R56MH132959-02,Awards,936,364
Joseph Michael Castellano,4R01AG072300-02,Awards,937,365
Joseph Michael Castellano,5R01AG061382-05,Awards,937,366
Matthew Francis Challman,5F30AG079492-02,Awards,938,367
Kenny Chan,5K99DK137037-02,Awards,939,368
Winnie Chen,1F30AG090096-01,Awards,940,369
Roger L Clem,5R01MH124880-05,Awards,941,370
Roger L Clem,5R01MH132224-02,Awards,941,371
Alberto Corona,1F32MH136726-01A1,Awards,942,372
Jessica Crowley,5F30AG079491-02,Awards,943,373
Winston Hirschler Cuddleston,5F31AG084223-02,Awards,944,374
Ashley Cunningham,5F31NS132558-02,Awards,945,375
Ashley Cunningham,1F99NS139541-01A1,Awards,945,376
Ivan E De Araujo,5R01AT011697-04,Awards,946,377
Pamela Del Valle,5F31CA268947-03,Awards,947,378
Graham Ellis-Davies,5R35NS111600-06,Awards,948,379
Davide Folloni,1K99MH137315-01,Awards,949,380
Roland Horst Friedel,1R21NS134158-01A1,Awards,950,381
Camille Goldman,5F31NS130909-02,Awards,951,382
Trevonn Michael Gyles,5F31MH133297-02,Awards,952,383
Emma Hays,5F31DA059266-02,Awards,953,384
Brittany Marie Hemmer,5F31AG079604-02,Awards,954,385
Patrick R Hof,1R01AG087945-01,Awards,955,386
Patrick R Hof,5T32AG049688-10,Awards,955,387
George W Huntley,5T32MH087004-15,Awards,956,388
George W Huntley,1R01NS135728-01,Awards,956,389
Yasmin L Hurd,5R01DA051191-04,Awards,957,390
Philip Henry Hwang,5F31AG074652-03,Awards,958,391
Chrystian Junqueira Alves,5K01NS127948-02,Awards,959,392
Paul J Kenny,5T32DA053558-04,Awards,960,393
Paul J Kenny,5U01DA053629-04,Awards,960,394
Paul J Kenny,5R37DA020686-17,Awards,960,395
Justin Lines,1K99AG084853-01,Awards,961,396
Rachel Litke,5R03AG078953-02,Awards,962,397
Ian S Maze,5R01DA056595-03,Awards,963,398
Ian S Maze,2R01HD097088-06,Awards,963,399
Ian S Maze,2R01MH116900-06A1,Awards,963,400
Eric J Nestler,2P01DA047233-06A1,Awards,964,401
Eric J Nestler,5R01DA007359-36,Awards,964,402
Eric J Nestler,5R01MH129306-02,Awards,964,403
Eric J Nestler,5R01DA014133-25,Awards,964,404
Zachary Thomas Pennington,5K99MH131792-02,Awards,965,405
Paul Andrew Philipsberg,1F31NS134301-01A1,Awards,966,406
Towfique Raj,5R01NS116006-04,Awards,967,407
Towfique Raj,4R01AG065926-02,Awards,967,408
Towfique Raj,5U01AG068880-05,Awards,967,409
Towfique Raj,1R56AG088669-01,Awards,967,410
Erin L Rich,5R01MH134845-02,Awards,968,411
Erin L Rich,5R21MH131900-02,Awards,968,412
Erin L Rich,5R01MH121480-05,Awards,968,413
Mikaela Rosen,1F31NS134319-01A1,Awards,969,414
Peter Rudebeck,5R01MH132789-02,Awards,970,415
Peter Rudebeck,5R01MH132064-02,Awards,970,416
Scott James Russo,1T32MH135853-01,Awards,971,417
Scott James Russo,5R01MH133299-02,Awards,971,418
Scott James Russo,3R01MH127820-04S1,Awards,971,419
Scott James Russo,2R01MH104559-11,Awards,971,420
Stephen R Salton,1R01AG084699-01,Awards,972,421
Anne Schaefer,4R01AG068558-02,Awards,973,422
Anne Schaefer,5R01NS106721-05,Awards,973,423
Jeremy Sherman,5F30DA057092-02,Awards,974,424
Tristan Shuman,1R01NS136590-01,Awards,975,425
Tristan Shuman,3RF1AG072497-01A1S1,Awards,975,426
Tristan Shuman,5R01NS116357-04,Awards,975,427
Paul A Slesinger,5R01AA018734-13,Awards,976,428
Paul A Slesinger,5R21NS130886-02,Awards,976,429
Ivan Soler,5F99NS135813-02,Awards,977,430
Merina Thekenangarpadiyil Varghese,5R01AG078755-03,Awards,978,431
Sarah Elizabeth Williams,5F31MH133365-02,Awards,979,432
Xiaoting Wu,1R01MH136228-01,Awards,980,433
Xiaoting Wu,5R00MH122697-05,Awards,980,434
Zheng Herbert Wu,5R01MH133039-02,Awards,981,435
Nan Yang,3R01MH129372-03S1,Awards,982,436
Nan Yang,5R01NS116057-05,Awards,982,437
Alexander W Charney,5R01AG069976-05,Awards,983,438
Roland Horst Friedel,5R01NS092735-09,Awards,950,439
Dolores Hambardzumyan,5R01CA258636-03,Awards,984,440
Dolores Hambardzumyan,5R01NS100864-09,Awards,984,441
Dolores Hambardzumyan,1R01NS137631-01,Awards,984,442
J Duffy Mocco,1U24NS135391-01,Awards,985,443
Gabrielle Alexia Price,5F31CA275290-03,Awards,986,444
Ignacio Saez,5R01MH124763-04,Awards,987,445
Hongyan Jenny Zou,5R01NS134159-02,Awards,988,446
Hongyan Jenny Zou,5R01NS127442-02,Awards,988,447
Michal Aviva Elovitz,5R01HD098867-05,Awards,989,448
Michal Aviva Elovitz,5R01HD102318-06,Awards,989,449
Michal Aviva Elovitz,5R01NR014784-10,Awards,989,450
Krishna Kaushik Patel,5R03AG082994-02,Awards,990,451
Maria De Las Mercedes Perez Rodriguez,3R01MH127315-03S1,Awards,991,452
Leslee J Shaw,5R01HL159433-04,Awards,992,453
Dmitriy Zamarin,5R01CA276087-03,Awards,899,454
Timothy A Blenkinsop,1R21EY035793-01,Awards,685,455
Yuen Ping Toco Chui,2R01EY027301-06,Awards,993,456
Varun Kumar,5R00EY031339-05,Awards,994,457
Louis Robert Pasquale,5R01EY032559-04,Awards,995,458
Louis Robert Pasquale,1R01EY036460-01,Awards,995,459
Fei Fang,5R01AR082797-02,Awards,996,460
Woojin Han,3R01AR080616-03S1,Awards,997,461
Nilsson Holguin,5R01AR078764-03,Awards,998,462
James C Iatridis,3R01AR080096-03S1,Awards,999,463
James C Iatridis,5R01AR078857-03,Awards,999,464
Ya-Wen Chen,5R01HL159712-03,Awards,1000,465
Alison May,5R00HL145094-05,Awards,1001,466
Judy H Cho,5U01DK062422-25,Awards,1002,467
Judy H Cho,5U24DK062429-25,Awards,1002,468
Karen Leigh Edelblum,5R01DK135272-02,Awards,789,469
Karen Leigh Edelblum,1R01DK141146-01,Awards,789,470
Kurt William Farrell,5K01AG070326-03,Awards,1003,471
Jake Herb,1F30DK139737-01A1,Awards,1004,472
Rachel Levantovsky,5F30DK127736-04,Awards,1005,473
Jose M Silva,1R01CA274251-01A1,Awards,1006,474
Kristen Whitney,5F32AG072837-02,Awards,1007,475
Kecia Nicole Carroll,5R01HL164775-02,Awards,1008,476
Kecia Nicole Carroll,5K24HL150312-05,Awards,1008,477
Anna Chorniy,7K01HL163457-03,Awards,1009,478
Jaime C Chu,3R01DK121154-05S1,Awards,1010,479
Maria A Curotto De Lafaille,5R01AI153708-04,Awards,1011,480
Angela Diaz,5R01AI072204-17,Awards,1012,481
Bruce D Gelb,1R01HL173006-01,Awards,1013,482
Bruce D Gelb,1U01NS139213-01,Awards,1013,483
Bruce D Gelb,4UH3TR004040-03,Awards,1013,484
Scott H Sicherer,1U01AI181883-01,Awards,1014,485
Elizabeth Spencer,5K23DK125760-03,Awards,1015,486
Rosalind J Wright,5UL1TR004419-03,Awards,1016,487
Rosalind J Wright,5R01ES033436-04,Awards,1016,488
Rosalind J Wright,5UG3OD023337-09,Awards,1016,489
Rosalind J Wright,5K12ES033594-03,Awards,1016,490
Rosalind J Wright,1R21ES035169-01A1,Awards,1016,491
Aneel K Aggarwal,1S10OD036213-01,Awards,1017,492
Aneel K Aggarwal,2R35GM131780-06,Awards,1017,493
Aneel K Aggarwal,5R21AI175733-02,Awards,1017,494
David H Bechhofer,5R01GM147211-02,Awards,1018,495
Kirk N Campbell,2R25GM064118-23,Awards,776,496
Kalung Cheung,5R01AI168004-03,Awards,1019,497
Lakshmi A Devi,5R01DA058681-02,Awards,1020,498
Lakshmi A Devi,5R01DA008863-29,Awards,1020,499
Marta Filizola,1R21DA059420-01,Awards,1021,500
Lahouaria Hadri,1R01HL173203-01,Awards,1022,501
Lahouaria Hadri,1R01HL172043-01A1,Awards,1022,502
Lahouaria Hadri,5R01HL158998-03,Awards,1022,503
Jian Jin,5R01CA268384-03,Awards,1023,504
Jian Jin,5R01AG084184-02,Awards,1023,505
Jian Jin,5R01CA260666-04,Awards,1023,506
Deanalisa Jones,5F31HL160182-03,Awards,1024,507
Michael Block Lazarus,5R35GM124838-08,Awards,1025,508
Avi Ma'Ayan,5U24CA264250-03,Awards,1026,509
Avi Ma'Ayan,3OT2OD030160-01S5,Awards,1026,510
Avi Ma'Ayan,3OT2OD036435-01S1,Awards,1026,511
Avner Schlessinger,5R01CA277794-11,Awards,1027,512
Yi Shi,5R35GM137905-05,Awards,1028,513
Yi Shi,5R01AI163011-03,Awards,1028,514
Eric A Sobie,1R21HL174051-01,Awards,1029,515
Eric A Sobie,5R01HL167520-02,Awards,1029,516
Daniel Wacker,2R35GM133504-06,Awards,1030,517
Min Xue,5R35GM138214-06,Awards,1031,518
Masayuki Yazawa,5R01GM146061-04,Awards,1032,519
Masayuki Yazawa,5R01HL166384-03,Awards,1032,520
Peng Yuan,5R01GM143440-04,Awards,1033,521
Tony Yuen,5R01AG071870-04,Awards,1034,522
Mone Zaidi,5R01AG074092-04,Awards,1035,523
Mone Zaidi,2U19AG060917-06,Awards,1035,524
Mone Zaidi,5U01AG073148-04,Awards,1035,525
Nicole Zatorski,5F30HL160179-04,Awards,1036,526
Ming-Ming Zhou,5R01AI177461-02,Awards,1037,527
Ming-Ming Zhou,5R01AG072562-04,Awards,1037,528
Sarah Bannon,5K23AG075188-04,Awards,1038,529
Carrie Lynn Esopenko,3R01NS115957-05S1,Awards,1039,530
Raj Gopalan Kumar,5R00HD106060-04,Awards,1040,531
Richard Silvera,1K08CA285939-01,Awards,1041,532
Jessica Ables,1R01DA059455-01A1,Awards,1042,533
Faith Adams,5F31AA031437-02,Awards,1043,534
Schahram Akbarian,5R01DA054526-04,Awards,1044,535
Schahram Akbarian,5DP1DA056018-03,Awards,1044,536
Schahram Akbarian,5R33DA048207-05,Awards,1044,537
Schahram Akbarian,5U01DA053600-04,Awards,1044,538
Nelly Alia-Klein,5R01DA049547-03,Awards,1045,539
Veerle Bergink,5R01MH124776-04,Awards,1046,540
Veerle Bergink,2R01MH122869-05,Awards,1046,541
Laura A Berner,5R21MH129898-02,Awards,1047,542
Laura A Berner,5R01MH132786-02,Awards,1047,543
Rebecca Birnbaum,1R21MH137536-01,Awards,1048,544
Michael S Breen,1R01AG087324-01,Awards,1049,545
Michael S Breen,5R03AG080170-02,Awards,1049,546
Joseph D Buxbaum,5R01MH128813-03,Awards,1050,547
Joseph D Buxbaum,5R01MH129724-03,Awards,1050,548
Carolina Cappi,5K99MH128540-02,Awards,1051,549
Alexander W Charney,5R01MH130662-02,Awards,983,550
Cheryl Mary Corcoran,1R34DA059716-01,Awards,1052,551
Cheryl Mary Corcoran,5R01MH132239-02,Awards,1052,552
Arianna Neal Davis,1F30MH135658-01A1,Awards,1053,553
Silvia De Rubeis,5R01MH131537-02,Awards,1054,554
Silvia De Rubeis,5R01HD104609-04,Awards,1054,555
Stella Dracheva,5R01MH122590-05,Awards,1055,556
Jacqueline-Marie Ferland,1K01DA059689-01A1,Awards,1056,557
Vincenzo Guido Fiore,1R01MH133625-01A1,Awards,1057,558
Allan Geliebter,5R01AA030850-02,Awards,1058,559
Anastasios Georgakopoulos,5R01NS047229-18,Awards,1059,560
Rita Z Goldstein,5R21DA058801-02,Awards,1060,561
Rita Z Goldstein,5R01DA048301-05,Awards,1060,562
Dorothy E Grice,1R01MH136218-01,Awards,1061,563
Dorothy E Grice,5R01MH124679-04,Awards,1061,564
Erin A Hazlett,5R01MH121411-05,Awards,1062,565
Thomas B Hildebrandt,5R01MH131655-02,Awards,1063,566
Yasmin L Hurd,5R01DA055434-03,Awards,957,567
Yasmin L Hurd,4UH3DA050323-02,Awards,957,568
Yael Jacob,5K01MH131855-02,Awards,1064,569
Magdalena Janecka,5R01MH124817-04,Awards,1065,570
Rene S Kahn,5T32MH122394-05,Awards,1066,571
Rene S Kahn,1U01MH136535-01,Awards,1066,572
Harold W Koenigsberg,4R33MH125130-03,Awards,1067,573
Yulia Landa,5R01MH130354-03,Awards,1068,574
Yulia Landa,5R34MH128502-02,Awards,1068,575
Clara Li,5R61AG083582-02,Awards,1069,576
Clara Li,5UH2AG083258-02,Awards,1069,577
Clara Li,5R01AG083840-02,Awards,1069,578
Behrang Mahjani,5R21MH131933-02,Awards,1070,579
Hirofumi Morishita,1R34DA061263-01,Awards,1071,580
Hirofumi Morishita,1RF1AG085887-01A1,Awards,1071,581
Hirofumi Morishita,2R01MH118297-06,Awards,1071,582
Niamh Mullins,1R01MH132733-01A1,Awards,1072,583
Niamh Mullins,5R01MH124839-04,Awards,1072,584
James Warren Murrough,5U19AT010835-05,Awards,1073,585
James Warren Murrough,5R01MH134045-02,Awards,1073,586
Georgia Panagiotakos,7R01MH125004-04,Awards,1074,587
Georgia Panagiotakos,5R01MH127075-03,Awards,1074,588
Muhammad Adeel Parvaz,5R01DA058039-02,Awards,1075,589
Muhammad Adeel Parvaz,5R61DA056779-02,Awards,1075,590
Maria De Las Mercedes Perez Rodriguez,5R25MH129256-02,Awards,991,591
Salman Ehtesham Qasim,5K99MH132873-02,Awards,1076,592
Abha K Rajbhandari,5R21DK129908-03,Awards,1077,593
Abraham Reichenberg,5R01MH128971-03,Awards,1078,594
Abraham Reichenberg,5R01HD107528-03,Awards,1078,595
Shawn A Rhoads,1DP5OD037383-01,Awards,1079,596
Thalia K Robakis,5R01HD111117-02,Awards,1080,597
Anna-Sophie Rommel,5R01HD109613-03,Awards,1081,598
Panagiotis Roussos,5R01AG050986-09,Awards,744,599
Panagiotis Roussos,5R01MH125246-04,Awards,744,600
Panagiotis Roussos,5R01AG065582-05,Awards,744,601
Panagiotis Roussos,1U24AG087563-01,Awards,744,602
Sven Sandin,1R01HD113669-01,Awards,1082,603
Mary Sano,5P30AG066514-05,Awards,1083,604
Daniela Schiller,5R01MH122611-05,Awards,1084,605
Daniela Schiller,5R01MH123069-04,Awards,1084,606
Kurt P Schulz,5R01MH126448-04,Awards,1085,607
Andrew Howard Smith,1K23MH135238-01A1,Awards,1086,608
Julie A Spicer,1R01MH135079-01A1,Awards,1087,609
Brian Musa Sweis,1R01MH136230-01,Awards,1088,610
Georgios Voloudakis,5R01AG078657-02,Awards,1089,611
Kenneth Wengler,1R01MH134973-01,Awards,1090,612
Cecilia Sara Alcala,1K99ES035894-01,Awards,1091,613
Manish Arora,5R01ES026033-08,Awards,1092,614
Manish Arora,4U2CES030859-06,Awards,1092,615
Manish Arora,5R35ES030435-05,Awards,1092,616
Samira Asgari,5R21MD019104-02,Awards,1093,617
Christine Austin,5R01DE029838-05,Awards,1094,618
Dinesh Barupal,5U24ES035386-02,Awards,1095,619
Emma Katherine Tara Benn,5R25HG011021-05,Awards,711,620
Nina A Bickell,5R01MD017508-03,Awards,1096,621
Luz Claudio,5D43TW011403-05,Awards,1097,622
Luz Claudio,1R01MD020109-01,Awards,1097,623
Luz Claudio,2R25HL108857-11,Awards,1097,624
Elena Colicino,5R01ES034521-03,Awards,1098,625
Elena Colicino,5R01ES032242-05,Awards,1098,626
Lea K Davis,1R01MH137220-01,Awards,1099,627
Nicholas B Defelice,5K25HD109509-03,Awards,1100,628
Ipek Ensari,5R01HD108263-03,Awards,1101,629
Mariana Gross Figueiro,5R01AG034157-14,Awards,1102,630
Homero Harari,5R01ES034779-02,Awards,1103,631
Carol R Horowitz,5R01HG013145-02,Awards,818,632
Megan K Horton,5R01ES019222-13,Awards,1104,633
Megan K Horton,2R01ES028927-06A1,Awards,1104,634
Jamil Marlo Lane,1K99ES036277-01,Awards,1105,635
Shelley Han Liu,5K25HD104918-04,Awards,1106,636
Guy H Montgomery,5R01CA251754-04,Awards,1107,637
Guy H Montgomery,5R25CA248462-04,Awards,1107,638
Mary A Ott,1R01HD113724-01,Awards,1108,639
Youssef Oulhote,7R01ES032552-03,Awards,1109,640
Vikas Rao Pejaver,1R01HG013350-01,Awards,742,641
Lauren Petrick,5R01ES031117-05,Awards,1110,642
Mark S Rea,5R01EB033799-03,Awards,1111,643
Elza Rechtman,5K99ES035120-02,Awards,1112,644
Anya Romanoff,5K08CA267308-03,Awards,1113,645
Maria Jose Rosa,5R01ES033245-03,Awards,1114,646
Maria Jose Rosa,2U24ES028522-06,Awards,1114,647
Julie B Schnur,5R25CA236636-05,Awards,1115,648
Lauren Stalbow,5F30DK130576-04,Awards,1116,649
Toni Stern,5R25LM014339-02,Awards,1117,650
Emanuela Taioli,5P20CA264076-04,Awards,1118,651
Susan L Teitelbaum,4U2CES026555-07,Awards,1119,652
Heiddis Valdimarsdottir,5R01CA260961-03,Awards,1120,653
Damaskini Valvi,5R01ES033688-03,Awards,1121,654
Damaskini Valvi,1R01ES035773-01,Awards,1121,655
Ryan W Walker,1R01DK137968-01,Awards,1122,656
Robert O Wright,5P30ES023515-11,Awards,1123,657
Robert O Wright,5T32HD049311-18,Awards,1123,658
Robert O Wright,1R13AG087672-01,Awards,1123,659
Robert O Wright,5R01ES013744-17,Awards,1123,660
Robert O Wright,4U2CES026561-07,Awards,1123,661
Maayan Yitshak Sade,5R01ES034864-02,Awards,1124,662
Jalal Ahmed,5DP5OD031828-04,Awards,1125,663
Akbar Alipour,5K01AG075178-03,Awards,1126,664
Ki Sueng Choi,5R01MH123542-04,Awards,1127,665
Kavita Vyas Dharmarajan,5K76AG068516-04,Awards,1128,666
Zahi A Fayad,5P01HL131478-07,Awards,1129,667
Zahi A Fayad,5P01AI168258-02,Awards,1129,668
Zahi A Fayad,1R01HL172363-01A1,Awards,1129,669
Karyn A Goodman,5R50CA276021-02,Awards,1130,670
Sara C Lewis,5R01DK129888-04,Awards,1131,671
Deborah Catherine Marshall,5DP5OD031876-04,Awards,1132,672
Bachir Taouli,5R01CA249765-05,Awards,1133,673
Maria Giovanna Trivieri,5R01HL166720-02,Awards,1134,674
Mandy Maria Theresia Van Leent,5R01HL169500-02,Awards,1135,675
Xiang Xu,1R01NS136806-01,Awards,1136,676
Xiang Xu,3R21AG083685-02S1,Awards,1136,677
Juan Martin Arriaga,5K22CA258806-03,Awards,1137,678
Nina Bhardwaj,5R01CA249175-05,Awards,768,679
Goutam Chakraborty,3R01CA274967-02S1,Awards,1138,680
Amir Horowitz,5R01CA269954-02,Awards,1139,681
David Mulholland,1R21CA286309-01,Awards,1140,682
John Sfakianos,5R21CA274148-02,Awards,1141,683
39524206,Daniela Sia,Publications,39524206,875
39524206,Amaia Lujambio,Publications,39524206,842
39524206,Josep M Llovet,Publications,39524206,840
39558820,Fred R Hirsch,Publications,39558820,813
39122606,Florian Krammer,Publications,39122606,907
39122606,Fred R Hirsch,Publications,39122606,813
38343731,Robert O Wright,Publications,38343731,1123
38162407,Deborah Doroshow,Publications,38162407,787
39918855,Minal S Kale,Publications,39918855,822
38495524,Manasi Agrawal,Publications,38495524,758
39940664,Varun Kumar,Publications,39940664,994
38559273,Paul J Kenny,Publications,38559273,960
37585681,Elena Colicino,Publications,37585681,1098
37585681,Susan L Teitelbaum,Publications,37585681,1119
37585681,Maayan Yitshak Sade,Publications,37585681,1124
39762425,Miriam Merad,Publications,39762425,850
39762425,Sacha Gnjatic,Publications,39762425,804
39762425,Nina Bhardwaj,Publications,39762425,768
39762425,Robert M Samstein,Publications,39762425,870
38657407,Lauren Petrick,Publications,38657407,1110
38657407,Robert O Wright,Publications,38657407,1123
38657407,Rosalind J Wright,Publications,38657407,1016
38879719,Schahram Akbarian,Publications,38879719,1044
38879719,Paul J Kenny,Publications,38879719,960
38879719,David J Volsky,Publications,38879719,892
40317512,Eric J Nestler,Publications,40317512,964
40317512,Yizhou Dong,Publications,40317512,724
39120095,Jennifer M Reckrey,Publications,39120095,865
38405965,Donald K Scott,Publications,38405965,871
40552303,Anna-Sophie Rommel,Publications,40552303,1081
40552303,Veerle Bergink,Publications,40552303,1046
39484404,Kuan-Lin Huang,Publications,39484404,733
39054059,Manasi Agrawal,Publications,39054059,758
38512421,Kyung Lee,Publications,38512421,836
38512421,John Cijiang He,Publications,38512421,810
37910111,Gita A Pathak,Publications,37910111,741
37910111,Lea K Davis,Publications,37910111,1099
39228734,Gita A Pathak,Publications,39228734,741
40023887,Robert O Wright,Publications,40023887,1123
40023887,Rosalind J Wright,Publications,40023887,1016
39557333,Leslee J Shaw,Publications,39557333,992
39649167,Elza Rechtman,Publications,39649167,1112
39314949,Thalia K Robakis,Publications,39314949,1080
39314949,Veerle Bergink,Publications,39314949,1046
39314949,Behrang Mahjani,Publications,39314949,1070
40603300,Eric J Nestler,Publications,40603300,964
38811692,Niamh Mullins,Publications,38811692,1072
38811692,Abraham Reichenberg,Publications,38811692,1078
39667999,James L M Ferrara,Publications,39667999,791
38968112,George W Huntley,Publications,38968112,956
38242983,Amir Horowitz,Publications,38242983,1139
38242983,Robert M Samstein,Publications,38242983,870
38242983,Nina Bhardwaj,Publications,38242983,768
38242983,Sacha Gnjatic,Publications,38242983,804
38242983,John Sfakianos,Publications,38242983,1141
38335780,Gita A Pathak,Publications,38335780,741
39606326,Nelly Alia-Klein,Publications,39606326,1045
39606326,Rita Z Goldstein,Publications,39606326,1060
39896259,Sacha Gnjatic,Publications,39896259,804
38265261,Zhen-Qiang Pan,Publications,38265261,858
38750701,Veerle Bergink,Publications,38750701,1046
40042313,Florian Krammer,Publications,40042313,907
38600097,Nan Yang,Publications,38600097,982
38600097,Zhenyu Yue,Publications,38600097,930
39108723,Benjamin K Chen,Publications,39108723,778
39108723,Catarina E Hioe,Publications,39108723,812
38854101,Towfique Raj,Publications,38854101,967
38985854,Andrew F Stewart,Publications,38985854,883
37871973,Jonathan Himmelfarb,Publications,37871973,811
37436465,Florian Krammer,Publications,37436465,907
38008228,Manasi Agrawal,Publications,38008228,758
37535375,Josep M Llovet,Publications,37535375,840
38744503,Emily Bernstein,Publications,38744503,766
39829898,Wenyan Jiang,Publications,39829898,734
39829898,Gang Fang,Publications,39829898,726
38642551,Judy H Cho,Publications,38642551,1002
38642551,Ron Do,Publications,38642551,723
38409356,Ignacio Saez,Publications,38409356,987
38409356,Alexander W Charney,Publications,38409356,983
38507413,Amaia Lujambio,Publications,38507413,842
39554090,Paul J Kenny,Publications,39554090,960
40093243,Yasmin L Hurd,Publications,40093243,957
40093243,Alexander W Charney,Publications,40093243,983
40299764,Domenico Tortorella,Publications,40299764,915
37610319,Robert O Wright,Publications,37610319,1123
37610319,Rosalind J Wright,Publications,37610319,1016
39633571,Amy R Kontorovich,Publications,39633571,831
40307849,Damaskini Valvi,Publications,40307849,1121
39903530,Andrew W Varga,Publications,39903530,890
40139648,James C Iatridis,Publications,40139648,999
39081014,Yulia Landa,Publications,39081014,1068
38579764,Tony Yuen,Publications,38579764,1034
38579764,Mone Zaidi,Publications,38579764,1035
39399057,Rita Z Goldstein,Publications,39399057,1060
39399057,Nelly Alia-Klein,Publications,39399057,1045
38720088,Aneel K Aggarwal,Publications,38720088,1017
39209009,Veerle Bergink,Publications,39209009,1046
38405971,Robert P Fisher,Publications,38405971,793
39568566,Chung Yin Kong,Publications,39568566,829
39568566,Juan P Wisnivesky,Publications,39568566,896
40374891,Juan P Wisnivesky,Publications,40374891,896
40374891,Chung Yin Kong,Publications,40374891,829
39132474,Niamh Mullins,Publications,39132474,1072
39403049,Manasi Agrawal,Publications,39403049,758
39657681,Ron Do,Publications,39657681,723
39454027,Joan Shang,Publications,39454027,874
39454027,Benjamin K Chen,Publications,39454027,778
39454027,Sacha Gnjatic,Publications,39454027,804
39454027,Saurabh Mehandru,Publications,39454027,848
38123901,Isaac Marin-Valencia,Publications,38123901,922
39716867,Kiyotake Ishikawa,Publications,39716867,819
38412834,Pei Wang,Publications,38412834,753
39677822,Joseph D Buxbaum,Publications,39677822,1050
39677822,Nan Yang,Publications,39677822,982
40216771,Tristan Shuman,Publications,40216771,975
39038770,Robert O Wright,Publications,39038770,1123
39930465,Daniela Schiller,Publications,39930465,1084
39982391,Ron Do,Publications,39982391,723
39205349,Susan L Teitelbaum,Publications,39205349,1119
39205349,Robert O Wright,Publications,39205349,1123
39244607,Marta Filizola,Publications,39244607,1021
39244607,Gang Fang,Publications,39244607,726
39244607,Aneel K Aggarwal,Publications,39244607,1017
38324323,Rita Z Goldstein,Publications,38324323,1060
40348873,Peng Yuan,Publications,40348873,1033
38184712,Jose Javier Bravo-Cordero,Publications,38184712,771
40434103,Fred R Hirsch,Publications,40434103,813
38313256,Chrystian Junqueira Alves,Publications,38313256,959
39388279,Miguel Fribourg,Publications,39388279,794
39388279,Nicholas Chun,Publications,39388279,781
39388279,Paolo Cravedi,Publications,39388279,783
39388279,Amir Horowitz,Publications,39388279,1139
38321146,Aneel K Aggarwal,Publications,38321146,1017
38948728,James C Iatridis,Publications,38948728,999
39558090,Ankit Sakhuja,Publications,39558090,869
39558090,Alexander W Charney,Publications,39558090,983
39558090,Monica Kraft,Publications,39558090,832
39207312,Maia Kayal,Publications,39207312,827
39348455,Amy R Kontorovich,Publications,39348455,831
38016085,Elena Colicino,Publications,38016085,1098
38016085,Alison G Lee,Publications,38016085,835
39818879,Stuart C Sealfon,Publications,39818879,926
39994175,Ernesto Guccione,Publications,39994175,808
38091879,Varun Kumar,Publications,38091879,994
39375594,Lynne D Richardson,Publications,39375594,717
39088407,Dinushika Mohottige,Publications,39088407,852
38766168,Daniela Schiller,Publications,38766168,1084
38915600,Davide Folloni,Publications,38915600,949
38915600,Ki Sueng Choi,Publications,38915600,1127
38741168,Laura A Berner,Publications,38741168,1047
39975381,Camille Goldman,Publications,39975381,951
40585213,Dirk Homann,Publications,40585213,816
40585213,Sacha Gnjatic,Publications,40585213,804
39843911,Anne Schaefer,Publications,39843911,973
39187388,Lakshmi A Devi,Publications,39187388,1020
39542655,Sacha Gnjatic,Publications,39542655,804
38679196,Sarah E Millar,Publications,38679196,693
37963605,R Sean Morrison,Publications,37963605,854
40609535,Anne Schaefer,Publications,40609535,973
40643151,Ronald Hoffman,Publications,40643151,815
39185915,Ron Do,Publications,39185915,723
37712493,Stella Dracheva,Publications,37712493,1055
37973255,Robert O Wright,Publications,37973255,1123
39826619,Thomas J Fuchs,Publications,39826619,797
39826619,Zahi A Fayad,Publications,39826619,1129
39654970,Dinushika Mohottige,Publications,39654970,852
39207514,O'Jay Stewart,Publications,39207514,884
38199997,Jonathan Himmelfarb,Publications,38199997,811
39556352,Ronald Hoffman,Publications,39556352,815
38960320,Robert O Wright,Publications,38960320,1123
38960320,Rosalind J Wright,Publications,38960320,1016
40166161,Emily Bernstein,Publications,40166161,766
40166161,Elvin Wagenblast,Publications,40166161,893
39838105,Brian D Brown,Publications,39838105,721
39838105,Elvin Wagenblast,Publications,39838105,893
39838105,Nina Bhardwaj,Publications,39838105,768
39838105,Miriam Merad,Publications,39838105,850
40127865,Paolo Cravedi,Publications,40127865,783
40127865,Kirk N Campbell,Publications,40127865,776
38237590,Bishuang Cai,Publications,38237590,774
39383457,Samir Parekh,Publications,39383457,861
39907729,Juan Martin Arriaga,Publications,39907729,1137
38278245,Megan K Horton,Publications,38278245,1104
38278245,Robert O Wright,Publications,38278245,1123
38278245,Manish Arora,Publications,38278245,1092
39627412,Abraham Reichenberg,Publications,39627412,1078
39627412,Magdalena Janecka,Publications,39627412,1065
39853278,Sacha Gnjatic,Publications,39853278,804
39899385,Joy Jiang,Publications,39899385,820
39899385,Ankit Sakhuja,Publications,39899385,869
39899385,John Cijiang He,Publications,39899385,810
39899385,Lili Chan,Publications,39899385,777
39899385,Sacha Gnjatic,Publications,39899385,804
39899385,Alexander W Charney,Publications,39899385,983
38912583,Paolo Cravedi,Publications,38912583,783
39605415,Won-Min Song,Publications,39605415,748
39605415,Kuan-Lin Huang,Publications,39605415,733
39281867,Anne Schaefer,Publications,39281867,973
38082068,Sarah J Miller,Publications,38082068,720
40313214,Anna-Sophie Rommel,Publications,40313214,1081
40313214,Veerle Bergink,Publications,40313214,1046
39000484,Ron Do,Publications,39000484,723
39000484,Kuan-Lin Huang,Publications,39000484,733
40595462,Gita A Pathak,Publications,40595462,741
38630816,Marta Filizola,Publications,38630816,1021
38630816,Daniel Wacker,Publications,38630816,1030
39671893,Rosalind J Wright,Publications,39671893,1016
39031528,Francesca Garretti,Publications,39031528,729
39031528,Alison M Goate,Publications,39031528,730
39747004,Chrystian Junqueira Alves,Publications,39747004,959
39747004,Paul A Slesinger,Publications,39747004,976
39831303,Jeffrey R Johnson,Publications,39831303,906
39831303,Dmitriy Zamarin,Publications,39831303,899
39186267,Rosalind J Wright,Publications,39186267,1016
39186267,Robert O Wright,Publications,39186267,1123
38820185,Julie B Schnur,Publications,38820185,1115
38820185,Minal S Kale,Publications,38820185,822
39810769,Paolo Cravedi,Publications,39810769,783
39384951,Ernesto Guccione,Publications,39384951,808
39530396,Supinda Bunyavanich,Publications,39530396,722
38597345,Jian Jin,Publications,38597345,1023
39867378,Behrang Mahjani,Publications,39867378,1070
40542108,Zahi A Fayad,Publications,40542108,1129
39939753,Anne Schaefer,Publications,39939753,973
39251599,Kristen Whitney,Publications,39251599,1007
39251599,Towfique Raj,Publications,39251599,967
39847482,Ivan Soler,Publications,39847482,977
39847482,Tristan Shuman,Publications,39847482,975
39591878,Judy H Cho,Publications,39591878,1002
39892705,Emily Bernstein,Publications,39892705,766
38324641,Jamie Redes,Publications,38324641,867
38324641,Scott H Sicherer,Publications,38324641,1014
40145745,Florian Krammer,Publications,40145745,907
40500244,Julie B Schnur,Publications,40500244,1115
40500244,Guy H Montgomery,Publications,40500244,1107
40500244,Karyn A Goodman,Publications,40500244,1130
39242805,Ignacio Saez,Publications,39242805,987
38598238,Rosalind J Wright,Publications,38598238,1016
38758124,Eric A Sobie,Publications,38758124,1029
38826319,Carina Seah,Publications,38826319,747
39856480,Manasi Agrawal,Publications,39856480,758
39856480,Inga Peter,Publications,39856480,743
38575752,Zahi A Fayad,Publications,38575752,1129
38834572,Gaurav Pandey,Publications,38834572,740
38538643,Lauren Stalbow,Publications,38538643,1116
39626675,Donald K Scott,Publications,39626675,871
39626675,Andrew F Stewart,Publications,39626675,883
39026764,Rita Z Goldstein,Publications,39026764,1060
39026764,Nelly Alia-Klein,Publications,39026764,1045
39017846,James J Bieker,Publications,39017846,684
39567710,Elena Colicino,Publications,39567710,1098
39567710,Robert O Wright,Publications,39567710,1123
39567710,Rosalind J Wright,Publications,39567710,1016
38284919,Supinda Bunyavanich,Publications,38284919,722
40533324,Gita A Pathak,Publications,40533324,741
39891002,Joseph D Buxbaum,Publications,39891002,1050
39891002,Abraham Reichenberg,Publications,39891002,1078
39891002,Sven Sandin,Publications,39891002,1082
39891002,Magdalena Janecka,Publications,39891002,1065
39484455,Miriam Merad,Publications,39484455,850
39484455,Marta Luksza,Publications,39484455,843
39484455,Nina Bhardwaj,Publications,39484455,768
38968143,James L M Ferrara,Publications,38968143,791
38946983,Nelly Alia-Klein,Publications,38946983,1045
38946983,Rita Z Goldstein,Publications,38946983,1060
39592855,Ankit Sakhuja,Publications,39592855,869
38848648,Florian Krammer,Publications,38848648,907
38848648,Michael Schotsaert,Publications,38848648,913
39321638,Alexander W Charney,Publications,39321638,983
38867022,Scott L Friedman,Publications,38867022,795
38867022,Shuang Wang,Publications,38867022,895
38464110,Eric J Nestler,Publications,38464110,964
38016473,Joseph D Buxbaum,Publications,38016473,1050
38016473,Carolina Cappi,Publications,38016473,1051
38016473,Dorothy E Grice,Publications,38016473,1061
38194909,Elena Ezhkova,Publications,38194909,688
39820689,Ira Hofer,Publications,39820689,703
40034107,Ipek Ensari,Publications,40034107,1101
38693784,Andrea D Branch,Publications,38693784,770
38926387,Bin Zhang,Publications,38926387,756
38926387,Alexander W Charney,Publications,38926387,983
38926387,Michael S Breen,Publications,38926387,1049
37315018,Sara C Lewis,Publications,37315018,1131
38358332,Vaishnavi Kundel,Publications,38358332,833
38358332,Neomi A Shah,Publications,38358332,873
39150898,Yi Shi,Publications,39150898,1028
39150898,Jian Jin,Publications,39150898,1023
37946624,Carolina Cappi,Publications,37946624,1051
37946624,Joseph D Buxbaum,Publications,37946624,1050
37946624,Dorothy E Grice,Publications,37946624,1061
39894752,Elena Colicino,Publications,39894752,1098
39894752,Christine Austin,Publications,39894752,1094
39894752,Manish Arora,Publications,39894752,1092
39894752,Robert O Wright,Publications,39894752,1123
38794947,Jennifer M Reckrey,Publications,38794947,865
38851444,Dinushika Mohottige,Publications,38851444,852
38663011,Zahi A Fayad,Publications,38663011,1129
37879461,Scott L Friedman,Publications,37879461,795
38370676,Tony Yuen,Publications,38370676,1034
38370676,Mone Zaidi,Publications,38370676,1035
39896457,Ron Do,Publications,39896457,723
40524640,Eric J Nestler,Publications,40524640,964
38626448,Tatyana Kushner,Publications,38626448,834
38365053,Elza Rechtman,Publications,38365053,1112
38365053,Abraham Reichenberg,Publications,38365053,1078
38365053,Robert O Wright,Publications,38365053,1123
38365053,Megan K Horton,Publications,38365053,1104
40118521,Domenico Tortorella,Publications,40118521,915
38955181,Yi Shi,Publications,38955181,1028
39005306,Tristan Shuman,Publications,39005306,975
38592223,Vaishnavi Kundel,Publications,38592223,833
38592223,Neomi A Shah,Publications,38592223,873
38443464,Robert O Wright,Publications,38443464,1123
39148835,Ira Hofer,Publications,39148835,703
39148835,Lili Chan,Publications,39148835,777
39148835,Alexander W Charney,Publications,39148835,983
39148835,Monica Kraft,Publications,39148835,832
39148835,Ankit Sakhuja,Publications,39148835,869
39328984,Pamela Del Valle,Publications,39328984,947
39328984,George W Huntley,Publications,39328984,956
39134444,Roland C Merchant,Publications,39134444,716
40645392,Manasi Agrawal,Publications,40645392,758
40166299,Sacha Gnjatic,Publications,40166299,804
40166299,Dirk Homann,Publications,40166299,816
40601747,Tristan Shuman,Publications,40601747,975
38254666,Stephen R Salton,Publications,38254666,972
38254666,Bin Zhang,Publications,38254666,756
39100730,Julie B Schnur,Publications,39100730,1115
39100730,Guy H Montgomery,Publications,39100730,1107
38430535,Scott L Friedman,Publications,38430535,795
39009835,Lakshmi A Devi,Publications,39009835,1020
38123972,Manasi Agrawal,Publications,38123972,758
39233338,Ron Do,Publications,39233338,723
38159678,Kyung Lee,Publications,38159678,836
38159678,Scott L Friedman,Publications,38159678,795
38159678,John Cijiang He,Publications,38159678,810
40133401,Daniela Schiller,Publications,40133401,1084
39649579,Michael S Breen,Publications,39649579,1049
39649579,Joseph D Buxbaum,Publications,39649579,1050
39649579,Dorothy E Grice,Publications,39649579,1061
39012593,Eric J Nestler,Publications,39012593,964
38910328,Jia Fu,Publications,38910328,796
38910328,Kyung Lee,Publications,38910328,836
40623285,Carina Seah,Publications,40623285,747
39856363,Fred R Hirsch,Publications,39856363,813
39856363,Zhen-Qiang Pan,Publications,39856363,858
39863913,Jerry Edward Chipuk,Publications,39863913,780
38407394,Scott H Sicherer,Publications,38407394,1014
38376944,Joshua D Brody,Publications,38376944,772
38376944,Samir Parekh,Publications,38376944,861
38683764,Goutam Chakraborty,Publications,38683764,1138
40575667,Robert O Wright,Publications,40575667,1123
38241368,Pooja Flora,Publications,38241368,689
38241368,Madison Weber,Publications,38241368,700
38241368,Elena Ezhkova,Publications,38241368,688
38486272,Jerry Edward Chipuk,Publications,38486272,780
39504245,Goran Bajic,Publications,39504245,900
39504245,Florian Krammer,Publications,39504245,907
39222793,James L M Ferrara,Publications,39222793,791
39763535,Niamh Mullins,Publications,39763535,1072
39763535,Alexander W Charney,Publications,39763535,983
37976264,Judy H Cho,Publications,37976264,1002
38866556,Prashanth Rangan,Publications,38866556,696
38766086,Arianna Neal Davis,Publications,38766086,1053
38766086,Ignacio Saez,Publications,38766086,987
38676894,Kiyotake Ishikawa,Publications,38676894,819
38659771,Eric J Nestler,Publications,38659771,964
40065360,Ron Do,Publications,40065360,723
38377231,Leslee J Shaw,Publications,38377231,992
38412256,Robert O Wright,Publications,38412256,1123
38812546,Amir Horowitz,Publications,38812546,1139
38812546,Nina Bhardwaj,Publications,38812546,768
37885206,Ankit Sakhuja,Publications,37885206,869
40293448,Zahi A Fayad,Publications,40293448,1129
38947077,Manish Arora,Publications,38947077,1092
38947077,Youssef Oulhote,Publications,38947077,1109
38947077,Ryan W Walker,Publications,38947077,1122
38947077,Robert O Wright,Publications,38947077,1123
38947077,Elena Colicino,Publications,38947077,1098
38947077,Damaskini Valvi,Publications,38947077,1121
39147127,Robert P Fisher,Publications,39147127,793
39367632,Xiang Xu,Publications,39367632,1136
38676896,Kiyotake Ishikawa,Publications,38676896,819
36711841,Stuart C Sealfon,Publications,36711841,926
38200091,Camille Goldman,Publications,38200091,951
38200091,Kristen Whitney,Publications,38200091,1007
39689057,Towfique Raj,Publications,39689057,967
39823183,Melissa Mazor,Publications,39823183,846
39823183,Juan P Wisnivesky,Publications,39823183,896
39823183,Cardinale B Smith,Publications,39823183,879
39128550,Ron Do,Publications,39128550,723
39930084,Slim Mzoughi,Publications,39930084,855
39930084,Ernesto Guccione,Publications,39930084,808
38260376,Eric A Sobie,Publications,38260376,1029
39968791,Lynne D Richardson,Publications,39968791,717
39631398,Schahram Akbarian,Publications,39631398,1044
38844456,Daniela Schiller,Publications,38844456,1084
39657593,Manasi Agrawal,Publications,39657593,758
39700288,Makiko Yasuda,Publications,39700288,755
38586014,Michael Schotsaert,Publications,38586014,913
40044684,Benjamin K Chen,Publications,40044684,778
38981608,Kyung Lee,Publications,38981608,836
38981608,John Cijiang He,Publications,38981608,810
40232306,Ernesto Guccione,Publications,40232306,808
40232306,Jian Jin,Publications,40232306,1023
38464151,Goran Bajic,Publications,38464151,900
38464151,Florian Krammer,Publications,38464151,907
37971952,Damaskini Valvi,Publications,37971952,1121
40347412,Jessica Robinson-Papp,Publications,40347412,925
38657041,Ming-Ming Zhou,Publications,38657041,1037
39711717,Thalia K Robakis,Publications,39711717,1080
39711717,Veerle Bergink,Publications,39711717,1046
39711717,Behrang Mahjani,Publications,39711717,1070
39354161,Josep M Llovet,Publications,39354161,840
40093234,Mikaela Rosen,Publications,40093234,969
40093234,Towfique Raj,Publications,40093234,967
39166851,Mary Sano,Publications,39166851,1083
39711543,Georgios Voloudakis,Publications,39711543,1089
37349475,Eric J Nestler,Publications,37349475,964
39256359,Ernest Turro,Publications,39256359,752
39180693,Daniela Schiller,Publications,39180693,1084
40429725,Emanuela Taioli,Publications,40429725,1118
39082385,Akbar Alipour,Publications,39082385,1126
37421329,Thalia K Robakis,Publications,37421329,1080
37421329,Veerle Bergink,Publications,37421329,1046
38943488,Albert L Siu,Publications,38943488,878
39911942,Josep M Llovet,Publications,39911942,840
39118963,Sacha Gnjatic,Publications,39118963,804
38963696,Tony Yuen,Publications,38963696,1034
38963696,Mone Zaidi,Publications,38963696,1035
38898102,Aneel K Aggarwal,Publications,38898102,1017
40584973,Elena Colicino,Publications,40584973,1098
40584973,Megan K Horton,Publications,40584973,1104
40584973,Rosalind J Wright,Publications,40584973,1016
39657664,Triparna Sen,Publications,39657664,872
39818212,Angela Diaz,Publications,39818212,1012
39814366,Sarah Bannon,Publications,39814366,1038
40252079,Jian Jin,Publications,40252079,1023
38640252,Saurabh Mehandru,Publications,38640252,848
39180400,Yi Shi,Publications,39180400,1028
39180400,David H Bechhofer,Publications,39180400,1018
39757503,Manasi Agrawal,Publications,39757503,758
38145728,Elena Colicino,Publications,38145728,1098
38145728,Robert O Wright,Publications,38145728,1123
38145728,Rosalind J Wright,Publications,38145728,1016
39715853,Ronald Hoffman,Publications,39715853,815
37950021,Manasi Agrawal,Publications,37950021,758
37950021,Saurabh Mehandru,Publications,37950021,848
39127037,Yi Shi,Publications,39127037,1028
38211685,Ernest Turro,Publications,38211685,752
38870008,Marek Mlodzik,Publications,38870008,694
38187775,Paul J Kenny,Publications,38187775,960
40116750,Shuang Wang,Publications,40116750,895
40116750,Scott L Friedman,Publications,40116750,795
38113811,Carolina Cappi,Publications,38113811,1051
38691461,Stuart C Sealfon,Publications,38691461,926
39983670,Zhen-Qiang Pan,Publications,39983670,858
39966171,Ankit Sakhuja,Publications,39966171,869
39490950,Jake Herb,Publications,39490950,1004
39490950,Saurabh Mehandru,Publications,39490950,848
38640195,James L M Ferrara,Publications,38640195,791
39755697,Gita A Pathak,Publications,39755697,741
38395697,Florian Krammer,Publications,38395697,907
37839688,Jonathan Himmelfarb,Publications,37839688,811
38260407,Robert O Wright,Publications,38260407,1123
39764146,Jessica Robinson-Papp,Publications,39764146,925
39229105,Dmitriy Zamarin,Publications,39229105,899
38328099,Marta Filizola,Publications,38328099,1021
38328099,Gang Fang,Publications,38328099,726
38328099,Aneel K Aggarwal,Publications,38328099,1017
39605700,Gang Fang,Publications,39605700,726
38613783,Roger L Clem,Publications,38613783,941
38821540,Ernest Turro,Publications,38821540,752
39489918,Michael Schotsaert,Publications,39489918,913
39443795,Dmitriy Zamarin,Publications,39443795,899
39606368,Sven Sandin,Publications,39606368,1082
40480851,Tony Yuen,Publications,40480851,1034
40480851,Mone Zaidi,Publications,40480851,1035
39384761,Ron Do,Publications,39384761,723
37643301,Yasmin L Hurd,Publications,37643301,957
38206362,Donald K Scott,Publications,38206362,871
40373236,Susan L Teitelbaum,Publications,40373236,1119
40373236,Maayan Yitshak Sade,Publications,40373236,1124
40050014,Mary Sano,Publications,40050014,1083
39056328,Indu A Ayappa,Publications,39056328,762
39056328,Andrew W Varga,Publications,39056328,890
37962791,Hongzhen Hu,Publications,37962791,707
36993693,Paul A Slesinger,Publications,36993693,976
40368188,Yizhou Dong,Publications,40368188,724
38663404,Judy H Cho,Publications,38663404,1002
38669575,Eric J Nestler,Publications,38669575,964
38277235,Sacha Gnjatic,Publications,38277235,804
40420108,Ankit Sakhuja,Publications,40420108,869
39761417,Ronald Hoffman,Publications,39761417,815
38669590,Christine Austin,Publications,38669590,1094
38669590,Manish Arora,Publications,38669590,1092
38529284,Talia H Swartz,Publications,38529284,885
39301926,Andrew F Stewart,Publications,39301926,883
38145985,Georgios Voloudakis,Publications,38145985,1089
40305113,Lili Chan,Publications,40305113,777
39572658,Ming-Ming Zhou,Publications,39572658,1037
39229151,Emily Bernstein,Publications,39229151,766
38343388,Eric J Nestler,Publications,38343388,964
39822234,Jennifer M Reckrey,Publications,39822234,865
38978663,Robert J Klein,Publications,38978663,735
38842166,Robert S Krauss,Publications,38842166,691
40644558,Eric J Nestler,Publications,40644558,964
38932753,Lauren Petrick,Publications,38932753,1110
40166159,Michael S Breen,Publications,40166159,1049
40166159,Towfique Raj,Publications,40166159,967
38311543,Jose Javier Bravo-Cordero,Publications,38311543,771
39540121,Tatyana Kushner,Publications,39540121,834
40221147,Andrea D Branch,Publications,40221147,770
38464214,Alison M Goate,Publications,38464214,730
39358382,Prashant Rajbhandari,Publications,39358382,864
39899356,Dinesh Barupal,Publications,39899356,1095
39379499,Robert O Wright,Publications,39379499,1123
38819050,Justin Lines,Publications,38819050,961
40605063,Shuang Wang,Publications,40605063,895
40605063,Robert O Wright,Publications,40605063,1123
40014375,Joseph A Sparano,Publications,40014375,881
40083068,Andrew W Varga,Publications,40083068,890
39652739,Elvin Wagenblast,Publications,39652739,893
38969303,Ernest Turro,Publications,38969303,752
39713327,Goran Bajic,Publications,39713327,900
40191899,Justin Lines,Publications,40191899,961
39501816,Robert O Wright,Publications,39501816,1123
39501816,Rosalind J Wright,Publications,39501816,1016
38111349,Rosalind J Wright,Publications,38111349,1016
39700422,Dinesh Barupal,Publications,39700422,1095
38154728,Manasi Agrawal,Publications,38154728,758
38154728,Lauren Petrick,Publications,38154728,1110
38452919,Kristin Meliambro,Publications,38452919,849
38452919,Kirk N Campbell,Publications,38452919,776
38633780,Joseph D Buxbaum,Publications,38633780,1050
38633780,Behrang Mahjani,Publications,38633780,1070
38352556,Ankit Sakhuja,Publications,38352556,869
38352556,Alexander W Charney,Publications,38352556,983
38215053,Clara Li,Publications,38215053,1069
36169797,Nina A Bickell,Publications,36169797,1096
40588371,Sacha Gnjatic,Publications,40588371,804
37967704,Rosalind J Wright,Publications,37967704,1016
39473136,Elena Colicino,Publications,39473136,1098
39473136,Robert O Wright,Publications,39473136,1123
39473136,Rosalind J Wright,Publications,39473136,1016
39240708,Talia H Swartz,Publications,39240708,885
38168645,Carol C Gregorio,Publications,38168645,807
39084542,Veerle Bergink,Publications,39084542,1046
38141911,Eric J Nestler,Publications,38141911,964
38965396,Triparna Sen,Publications,38965396,872
39181999,Joy Jiang,Publications,39181999,820
39181999,Ron Do,Publications,39181999,723
39181999,Girish Nitin Nadkarni,Publications,39181999,856
39609651,Peng Yuan,Publications,39609651,1033
39585963,Sonali Bose,Publications,39585963,769
39151003,Evren U Azeloglu,Publications,39151003,763
38339040,James C Iatridis,Publications,38339040,999
39549765,Manasi Agrawal,Publications,39549765,758
39549765,Lauren Petrick,Publications,39549765,1110
39087502,Rosalind J Wright,Publications,39087502,1016
40307550,Xiaoting Wu,Publications,40307550,980
39187093,Sonali Bose,Publications,39187093,769
38456551,Robert S Krauss,Publications,38456551,691
38711520,Michael Schotsaert,Publications,38711520,913
38319712,Emily Bernstein,Publications,38319712,766
40485706,Dinushika Mohottige,Publications,40485706,852
40485706,Alexander W Charney,Publications,40485706,983
40485706,Lili Chan,Publications,40485706,777
37925091,Daniela Schiller,Publications,37925091,1084
37925091,Nelly Alia-Klein,Publications,37925091,1045
37975591,Maia Kayal,Publications,37975591,827
38979135,Camille Goldman,Publications,38979135,951
39913302,Robert S Krauss,Publications,39913302,691
38313558,Mary Sano,Publications,38313558,1083
38634503,Stuart C Sealfon,Publications,38634503,926
38685432,Damaskini Valvi,Publications,38685432,1121
38936497,Damaskini Valvi,Publications,38936497,1121
39875582,James J Manfredi,Publications,39875582,844
38230434,Sacha Gnjatic,Publications,38230434,804
39884749,Rosalind J Wright,Publications,39884749,1016
38508241,Amaia Lujambio,Publications,38508241,842
38508241,Shuang Wang,Publications,38508241,895
38508241,Scott L Friedman,Publications,38508241,795
38128386,Elena Colicino,Publications,38128386,1098
38128386,Robert O Wright,Publications,38128386,1123
38128386,Damaskini Valvi,Publications,38128386,1121
39788040,Rita Z Goldstein,Publications,39788040,1060
39788040,Nelly Alia-Klein,Publications,39788040,1045
40421744,Gita A Pathak,Publications,40421744,741
39580497,Georgios Voloudakis,Publications,39580497,1089
39658357,Erin A Hazlett,Publications,39658357,1062
38937606,Schahram Akbarian,Publications,38937606,1044
39011107,Jian Jin,Publications,39011107,1023
39506117,Tristan Shuman,Publications,39506117,975
38215742,Paul J Kenny,Publications,38215742,960
38084892,Stuart C Sealfon,Publications,38084892,926
39990544,Ipek Ensari,Publications,39990544,1101
40166016,Brian Kim,Publications,40166016,709
40166016,Shruti Naik,Publications,40166016,857
40166016,Hongzhen Hu,Publications,40166016,707
39365860,Eric J Nestler,Publications,39365860,964
40162211,Nan Yang,Publications,40162211,982
40162211,Zhenyu Yue,Publications,40162211,930
39196923,Jian Jin,Publications,39196923,1023
38885590,Robert O Wright,Publications,38885590,1123
38885590,Rosalind J Wright,Publications,38885590,1016
38890400,Yasmin L Hurd,Publications,38890400,957
39709141,Sacha Gnjatic,Publications,39709141,804
39709141,Augusto Villanueva,Publications,39709141,891
39709141,Josep M Llovet,Publications,39709141,840
40006695,Chitra Upadhyay,Publications,40006695,889
38837668,John Cijiang He,Publications,38837668,810
39975920,Michael Schotsaert,Publications,39975920,913
37899379,Evren U Azeloglu,Publications,37899379,763
39558002,Gita A Pathak,Publications,39558002,741
39920276,Chang Yoon Moon,Publications,39920276,853
39920276,Daniel Puleston,Publications,39920276,863
39920276,Miriam Merad,Publications,39920276,850
39738586,Michael Schotsaert,Publications,39738586,913
38410473,Manish Arora,Publications,38410473,1092
39592611,Silvia De Rubeis,Publications,39592611,1054
39346680,Paul J Kenny,Publications,39346680,960
39464041,Jessica Robinson-Papp,Publications,39464041,925
39972137,Josep M Llovet,Publications,39972137,840
37541974,Lauren Petrick,Publications,37541974,1110
37990478,Anna-Sophie Rommel,Publications,37990478,1081
37990478,Veerle Bergink,Publications,37990478,1046
40551016,Kuan-Lin Huang,Publications,40551016,733
40551016,Ron Do,Publications,40551016,723
39073166,Ankit Sakhuja,Publications,39073166,869
39345453,Tesia Bobrowski,Publications,39345453,902
39345453,Emily Bernstein,Publications,39345453,766
39345453,Brian D Brown,Publications,39345453,721
39345453,Amaia Lujambio,Publications,39345453,842
38802590,Chrystian Junqueira Alves,Publications,38802590,959
38802590,Joseph D Buxbaum,Publications,38802590,1050
38802590,Bin Zhang,Publications,38802590,756
39337329,Nan Yang,Publications,39337329,982
39606472,Ethan Abbott,Publications,39606472,710
39606472,Alexander W Charney,Publications,39606472,983
37772981,Samir Parekh,Publications,37772981,861
38272900,Yizhou Dong,Publications,38272900,724
38527820,Minal S Kale,Publications,38527820,822
38772365,Piotr Konieczny,Publications,38772365,830
38772365,Shruti Naik,Publications,38772365,857
38866555,Prashanth Rangan,Publications,38866555,696
39517878,Akbar Alipour,Publications,39517878,1126
38461893,Kurt P Schulz,Publications,38461893,1085
38461893,Laura A Berner,Publications,38461893,1047
40094146,Angela Diaz,Publications,40094146,1012
39608761,Alexander W Charney,Publications,39608761,983
39608761,Ankit Sakhuja,Publications,39608761,869
37503172,Ron Do,Publications,37503172,723
39788967,Dmitriy Zamarin,Publications,39788967,899
39253971,Jeffrey R Johnson,Publications,39253971,906
37655715,Melissa Mazor,Publications,37655715,846
37655715,Juan P Wisnivesky,Publications,37655715,896
38177352,Michael S Breen,Publications,38177352,1049
38177352,Gaurav Pandey,Publications,38177352,740
39148820,Ronald Hoffman,Publications,39148820,815
40502785,Daniela Schiller,Publications,40502785,1084
39464067,Michael Schotsaert,Publications,39464067,913
39758351,Vaishnavi Kundel,Publications,39758351,833
38273792,Scott L Friedman,Publications,38273792,795
38979204,Yizhou Dong,Publications,38979204,724
38979204,Jeffrey R Johnson,Publications,38979204,906
38469801,Jian Jin,Publications,38469801,1023
38926343,Matthew J Evans,Publications,38926343,903
40054060,Donald K Scott,Publications,40054060,871
38295882,Supinda Bunyavanich,Publications,38295882,722
38295882,Gang Fang,Publications,38295882,726
40522118,Ankit Sakhuja,Publications,40522118,869
38559224,Ivan Soler,Publications,38559224,977
38559224,Tristan Shuman,Publications,38559224,975
39989096,Andrew W Varga,Publications,39989096,890
39394974,Eric J Nestler,Publications,39394974,964
40133300,Eric J Nestler,Publications,40133300,964
39797781,R Sean Morrison,Publications,39797781,854
39283238,Samir Parekh,Publications,39283238,861
38521548,Maia Kayal,Publications,38521548,827
39300090,Florian Krammer,Publications,39300090,907
39300090,Michael Schotsaert,Publications,39300090,913
40441339,Nelly Alia-Klein,Publications,40441339,1045
40441339,Rita Z Goldstein,Publications,40441339,1060
38321314,Chung Yin Kong,Publications,38321314,829
39184540,Bachir Taouli,Publications,39184540,1133
39404414,Scott L Friedman,Publications,39404414,795
39833191,Fei Fang,Publications,39833191,996
38463956,Tony Yuen,Publications,38463956,1034
38463956,Mone Zaidi,Publications,38463956,1035
39179372,Manasi Agrawal,Publications,39179372,758
39697392,Faith Adams,Publications,39697392,1043
39697392,Harold W Koenigsberg,Publications,39697392,1067
39979244,Niamh Mullins,Publications,39979244,1072
39394788,Tony Yuen,Publications,39394788,1034
39394788,Mone Zaidi,Publications,39394788,1035
40214647,Jian Jin,Publications,40214647,1023
38158849,Anna-Sophie Rommel,Publications,38158849,1081
38158849,Veerle Bergink,Publications,38158849,1046
38821194,Panagiotis Roussos,Publications,38821194,744
39365995,Thomas P Zwaka,Publications,39365995,702
39580470,Michael Schotsaert,Publications,39580470,913
38729392,Manasi Agrawal,Publications,38729392,758
39190492,Leigh Goedeke,Publications,39190492,805
39254646,Emanuela Taioli,Publications,39254646,1118
40562842,Eric J Nestler,Publications,40562842,964
38802534,Elza Rechtman,Publications,38802534,1112
38802534,Robert O Wright,Publications,38802534,1123
38802534,Megan K Horton,Publications,38802534,1104
39211083,Robert P Fisher,Publications,39211083,793
40175035,Dinushika Mohottige,Publications,40175035,852
39537590,Michael S Breen,Publications,39537590,1049
38559084,Eric J Nestler,Publications,38559084,964
39425738,Manasi Agrawal,Publications,39425738,758
40272416,Ron Do,Publications,40272416,723
39423850,Alexander W Charney,Publications,39423850,983
38906208,Ron Do,Publications,38906208,723
38054729,Goran Bajic,Publications,38054729,900
38054729,Domenico Tortorella,Publications,38054729,915
40252859,Cardinale B Smith,Publications,40252859,879
40252859,R Sean Morrison,Publications,40252859,854
39319260,James C Iatridis,Publications,39319260,999
40163666,Guy H Montgomery,Publications,40163666,1107
39879098,Carol R Horowitz,Publications,39879098,818
39879098,Dinushika Mohottige,Publications,39879098,852
39879098,Lili Chan,Publications,39879098,777
39867394,Georgios Voloudakis,Publications,39867394,1089
39797574,Albert L Siu,Publications,39797574,878
36880250,Mary Sano,Publications,36880250,1083
39763802,Alexander Tepper,Publications,39763802,886
39763802,Jalal Ahmed,Publications,39763802,1125
39763802,Nina Bhardwaj,Publications,39763802,768
39763802,Amaia Lujambio,Publications,39763802,842
39763802,Joshua D Brody,Publications,39763802,772
39763802,Michael Schotsaert,Publications,39763802,913
39763802,Sacha Gnjatic,Publications,39763802,804
39763802,Brian D Brown,Publications,39763802,721
39763802,Miriam Merad,Publications,39763802,850
39536662,Robert O Wright,Publications,39536662,1123
39536662,Rosalind J Wright,Publications,39536662,1016
40179354,Julie B Schnur,Publications,40179354,1115
40179354,Guy H Montgomery,Publications,40179354,1107
40311333,Veerle Bergink,Publications,40311333,1046
40311333,Anna-Sophie Rommel,Publications,40311333,1081
37434487,Nelly Alia-Klein,Publications,37434487,1045
37434487,Rita Z Goldstein,Publications,37434487,1060
40056412,Elena Colicino,Publications,40056412,1098
40056412,Susan L Teitelbaum,Publications,40056412,1119
37981721,Robert O Wright,Publications,37981721,1123
37981721,Rosalind J Wright,Publications,37981721,1016
37981721,Elena Colicino,Publications,37981721,1098
39388546,Georgios Voloudakis,Publications,39388546,1089
39388546,Panagiotis Roussos,Publications,39388546,744
39388546,Schahram Akbarian,Publications,39388546,1044
40645235,Jennifer M Reckrey,Publications,40645235,865
39382984,Kyung Lee,Publications,39382984,836
39382984,John Cijiang He,Publications,39382984,810
39399020,Jessica Robinson-Papp,Publications,39399020,925
37962072,Joseph A Sparano,Publications,37962072,881
40494620,Eric J Nestler,Publications,40494620,964
39352664,Rachel Litke,Publications,39352664,962
39447895,Rosalind J Wright,Publications,39447895,1016
39653783,Elza Rechtman,Publications,39653783,1112
39653783,Elena Colicino,Publications,39653783,1098
39653783,Susan L Teitelbaum,Publications,39653783,1119
39653783,Megan K Horton,Publications,39653783,1104
39649609,Carina Seah,Publications,39649609,747
39103231,Lakshmi A Devi,Publications,39103231,1020
39366377,Stuart C Sealfon,Publications,39366377,926
39044331,Paolo Cravedi,Publications,39044331,783
36945605,Tristan Shuman,Publications,36945605,975
36945605,Denise Jade Cai,Publications,36945605,936
40120123,Sacha Gnjatic,Publications,40120123,804
38890331,Peng Yuan,Publications,38890331,1033
37923131,Paolo Cravedi,Publications,37923131,783
37923131,Evren U Azeloglu,Publications,37923131,763
39110275,Emily Jane Gallagher,Publications,39110275,799
39110275,Joseph A Sparano,Publications,39110275,881
39149265,Sarah E Millar,Publications,39149265,693
39809980,Elena Colicino,Publications,39809980,1098
39809980,Rachel Litke,Publications,39809980,962
39809980,Maayan Yitshak Sade,Publications,39809980,1124
38346312,Jennifer M Reckrey,Publications,38346312,865
38795707,Eric J Nestler,Publications,38795707,964
38443711,Evren U Azeloglu,Publications,38443711,763
38128971,Manasi Agrawal,Publications,38128971,758
40198901,Triparna Sen,Publications,40198901,872
40458769,Anna Chorniy,Publications,40458769,1009
40287957,Elvin Wagenblast,Publications,40287957,893
40533471,Elza Rechtman,Publications,40533471,1112
39973082,Bin Zhang,Publications,39973082,756
39481380,Alexander Tepper,Publications,39481380,886
39481380,Dmitriy Zamarin,Publications,39481380,899
39481380,Miriam Merad,Publications,39481380,850
39481380,Brian D Brown,Publications,39481380,721
40117765,Erin A Hazlett,Publications,40117765,1062
38537583,Damaskini Valvi,Publications,38537583,1121
40166940,Scott L Friedman,Publications,40166940,795
38386728,Miriam Merad,Publications,38386728,850
38386728,Robert M Samstein,Publications,38386728,870
38731852,Poulikos I Poulikakos,Publications,38731852,862
40210679,Ernest Turro,Publications,40210679,752
39842704,Nelly Alia-Klein,Publications,39842704,1045
39842704,Rita Z Goldstein,Publications,39842704,1060
38583931,Laura A Berner,Publications,38583931,1047
39904821,Robert O Wright,Publications,39904821,1123
39904821,Rosalind J Wright,Publications,39904821,1016
38947032,Amy R Kontorovich,Publications,38947032,831
40019824,Andrew W Varga,Publications,40019824,890
37961197,Stuart C Sealfon,Publications,37961197,926
37977487,Emanuela Taioli,Publications,37977487,1118
40202531,Jian Jin,Publications,40202531,1023
38745695,Marta Luksza,Publications,38745695,843
38706340,Yasmin L Hurd,Publications,38706340,957
39167541,R Sean Morrison,Publications,39167541,854
40481857,Bin Zhang,Publications,40481857,756
40481857,Patrick R Hof,Publications,40481857,955
40481857,Ana C Pereira,Publications,40481857,924
40516534,Andrew F Stewart,Publications,40516534,883
40516534,Paul A Slesinger,Publications,40516534,976
39342040,Anna-Sophie Rommel,Publications,39342040,1081
39342040,Veerle Bergink,Publications,39342040,1046
38843332,Alberto Corona,Publications,38843332,942
38843332,Paul J Kenny,Publications,38843332,960
38847806,Amir Horowitz,Publications,38847806,1139
38847806,Nina Bhardwaj,Publications,38847806,768
38095106,Ron Do,Publications,38095106,723
39666007,Joan Shang,Publications,39666007,874
39666007,Sacha Gnjatic,Publications,39666007,804
39046952,Gaurav Pandey,Publications,39046952,740
39046952,Avner Schlessinger,Publications,39046952,1027
38355787,Gita A Pathak,Publications,38355787,741
39819808,Varun Kumar,Publications,39819808,994
38775155,Emily Jane Gallagher,Publications,38775155,799
39992227,Kuan-Lin Huang,Publications,39992227,733
38230878,Andrea D Branch,Publications,38230878,770
39868201,Tristan Shuman,Publications,39868201,975
40531062,Guy H Montgomery,Publications,40531062,1107
38812061,Alison M Goate,Publications,38812061,730
39606444,Daniela Sia,Publications,39606444,875
38602846,Jian Jin,Publications,38602846,1023
37961635,Gang Fang,Publications,37961635,726
37961635,Paul A Slesinger,Publications,37961635,976
37951088,David J Volsky,Publications,37951088,892
39010877,Sacha Gnjatic,Publications,39010877,804
38844755,Aneel K Aggarwal,Publications,38844755,1017
39955307,Sarah E Millar,Publications,39955307,693
40240324,Kuan-Lin Huang,Publications,40240324,733
39103320,Paul A Slesinger,Publications,39103320,976
39265426,Rosalind J Wright,Publications,39265426,1016
39265426,Robert O Wright,Publications,39265426,1123
40652447,Juan P Wisnivesky,Publications,40652447,896
40357666,Carol R Horowitz,Publications,40357666,818
40522222,Damaskini Valvi,Publications,40522222,1121
39380377,Gita A Pathak,Publications,39380377,741
39447570,Yi Shi,Publications,39447570,1028
38387571,Gaurav Pandey,Publications,38387571,740
40015280,Shuang Wang,Publications,40015280,895
40015280,Scott L Friedman,Publications,40015280,795
40015280,Bishuang Cai,Publications,40015280,774
38273801,Tatyana Kushner,Publications,38273801,834
38122928,Rosalind J Wright,Publications,38122928,1016
40502140,Towfique Raj,Publications,40502140,967
39569143,Varun Kumar,Publications,39569143,994
38218349,Zahi A Fayad,Publications,38218349,1129
38981438,Pei Wang,Publications,38981438,753
39529883,Talia H Swartz,Publications,39529883,885
38359819,Robert J Klein,Publications,38359819,735
38359819,Pei Wang,Publications,38359819,753
39127042,Pei Wang,Publications,39127042,753
38327536,Tristan Shuman,Publications,38327536,975
38957483,Melissa Mazor,Publications,38957483,846
38976322,Maia Kayal,Publications,38976322,827
38976322,Elizabeth Spencer,Publications,38976322,1015
39372931,Daniela Schiller,Publications,39372931,1084
38940740,Erin L Rich,Publications,38940740,968
39448602,Samuel Sidi,Publications,39448602,876
40080690,Joy Jiang,Publications,40080690,820
40080690,Neomi A Shah,Publications,40080690,873
38478604,Carol C Gregorio,Publications,38478604,807
40155050,Bruce D Gelb,Publications,40155050,1013
40282469,Poulikos I Poulikakos,Publications,40282469,862
37917117,Patrick R Hof,Publications,37917117,955
38597304,Avner Schlessinger,Publications,38597304,1027
38845201,Robert J Klein,Publications,38845201,735
38377990,Hirofumi Morishita,Publications,38377990,1071
38247039,Evren U Azeloglu,Publications,38247039,763
38247039,Kyung Lee,Publications,38247039,836
37904574,Vaishnavi Kundel,Publications,37904574,833
39264625,R Sean Morrison,Publications,39264625,854
38134722,Veerle Bergink,Publications,38134722,1046
38134722,Anna-Sophie Rommel,Publications,38134722,1081
39905966,Jian Jin,Publications,39905966,1023
37961155,Robert J Klein,Publications,37961155,735
37676269,Lauren Petrick,Publications,37676269,1110
40250441,Robert P Fisher,Publications,40250441,793
38326622,Antonio V Aubry,Publications,38326622,931
38326622,Eric J Nestler,Publications,38326622,964
38326622,Miriam Merad,Publications,38326622,850
38454550,Gita A Pathak,Publications,38454550,741
40033057,Alison M Goate,Publications,40033057,730
40033057,Towfique Raj,Publications,40033057,967
39704174,Kyung Lee,Publications,39704174,836
39704174,John Cijiang He,Publications,39704174,810
40436855,Samir Parekh,Publications,40436855,861
40349174,Yizhou Dong,Publications,40349174,724
40506501,Eric J Nestler,Publications,40506501,964
39662702,Paul A Slesinger,Publications,39662702,976
38504979,Anna-Sophie Rommel,Publications,38504979,1081
38504979,Veerle Bergink,Publications,38504979,1046
39294497,Gita A Pathak,Publications,39294497,741
39378840,Jerry Edward Chipuk,Publications,39378840,780
37940687,Eric J Nestler,Publications,37940687,964
39425930,Roger L Clem,Publications,39425930,941
40084231,Daniela Schiller,Publications,40084231,1084
39827879,Bruce D Gelb,Publications,39827879,1013
39827879,Carol R Horowitz,Publications,39827879,818
38637154,Bin Zhang,Publications,38637154,756
38637154,Eric J Nestler,Publications,38637154,964
39147228,Lauren Petrick,Publications,39147228,1110
39038228,Maia Kayal,Publications,39038228,827
39921241,Prashant Rajbhandari,Publications,39921241,864
39605424,Silvia De Rubeis,Publications,39605424,1054
38824647,Ronald Hoffman,Publications,38824647,815
38959894,Eric J Nestler,Publications,38959894,964
40152257,Emanuela Taioli,Publications,40152257,1118
39713468,Marta Filizola,Publications,39713468,1021
39762643,Robert O Wright,Publications,39762643,1123
40615554,Hirofumi Morishita,Publications,40615554,1071
39528036,Robert O Wright,Publications,39528036,1123
38718755,Mone Zaidi,Publications,38718755,1035
38718755,Tony Yuen,Publications,38718755,1034
38278187,Shuang Wang,Publications,38278187,895
38278187,R Sean Morrison,Publications,38278187,854
39548323,Tony Yuen,Publications,39548323,1034
39548323,Mone Zaidi,Publications,39548323,1035
38720070,Ronald Hoffman,Publications,38720070,815
39412272,Youssef Oulhote,Publications,39412272,1109
38720072,Daniel Wacker,Publications,38720072,1030
38431121,Rosalind J Wright,Publications,38431121,1016
38892704,Veerle Bergink,Publications,38892704,1046
38892704,Rosalind J Wright,Publications,38892704,1016
39478741,Robert O Wright,Publications,39478741,1123
40348910,Yael Jacob,Publications,40348910,1064
40480991,Georgios Voloudakis,Publications,40480991,1089
38979166,Brian D Brown,Publications,38979166,721
38979166,Miriam Merad,Publications,38979166,850
39418122,Maia Kayal,Publications,39418122,827
38329973,Lili Chan,Publications,38329973,777
40165309,Lynne D Richardson,Publications,40165309,717
39830258,Behrang Mahjani,Publications,39830258,1070
39830258,Silvia De Rubeis,Publications,39830258,1054
39830258,Joseph D Buxbaum,Publications,39830258,1050
39935824,Isaac Marin-Valencia,Publications,39935824,922
40343025,Daniela Schiller,Publications,40343025,1084
40343025,Nelly Alia-Klein,Publications,40343025,1045
40343025,Rita Z Goldstein,Publications,40343025,1060
39114884,Ronald Hoffman,Publications,39114884,815
39116219,Huihui Li,Publications,39116219,714
38490347,Sergio A Lira,Publications,38490347,839
38416036,Michael Schotsaert,Publications,38416036,913
37693420,Rita Z Goldstein,Publications,37693420,1060
40025013,Donald K Scott,Publications,40025013,871
40593436,Veerle Bergink,Publications,40593436,1046
40095078,Patrick R Hof,Publications,40095078,955
40610428,Jian Jin,Publications,40610428,1023
39670843,John Levine,Publications,39670843,838
40055946,Alison M Goate,Publications,40055946,730
39992031,Carol C Gregorio,Publications,39992031,807
39386704,Joseph D Buxbaum,Publications,39386704,1050
39717507,Josep M Llovet,Publications,39717507,840
38687639,Miriam Merad,Publications,38687639,850
39835789,Joseph A Sparano,Publications,39835789,881
40398851,Ankit Sakhuja,Publications,40398851,869
39148827,Joy Jiang,Publications,39148827,820
39148827,Neomi A Shah,Publications,39148827,873
40646161,Joseph A Sparano,Publications,40646161,881
38697122,Stuart C Sealfon,Publications,38697122,926
38832789,Domenico Tortorella,Publications,38832789,915
40334111,Maia Kayal,Publications,40334111,827
39513996,Vaishnavi Kundel,Publications,39513996,833
39513996,Neomi A Shah,Publications,39513996,873
39475815,Lynne D Richardson,Publications,39475815,717
39475815,Lili Chan,Publications,39475815,777
39019006,Georgia Panagiotakos,Publications,39019006,1074
38640989,Rosalind J Wright,Publications,38640989,1016
38405768,Towfique Raj,Publications,38405768,967
38405768,Niamh Mullins,Publications,38405768,1072
39071292,Florian Krammer,Publications,39071292,907
39071292,Goran Bajic,Publications,39071292,900
38964318,Patrick R Hof,Publications,38964318,955
38964318,Roger L Clem,Publications,38964318,941
38997333,Carolina Cappi,Publications,38997333,1051
40092438,Damaskini Valvi,Publications,40092438,1121
38765961,Bin Zhang,Publications,38765961,756
38765961,Alexander W Charney,Publications,38765961,983
38765961,Michael S Breen,Publications,38765961,1049
37517704,Eric J Nestler,Publications,37517704,964
38198537,Insup Choi,Publications,38198537,919
38198537,Bin Zhang,Publications,38198537,756
38198537,Zhenyu Yue,Publications,38198537,930
38609316,Sacha Gnjatic,Publications,38609316,804
38609316,Samir Parekh,Publications,38609316,861
39385622,Vaishnavi Kundel,Publications,39385622,833
38712196,Bishuang Cai,Publications,38712196,774
39817189,Vaishnavi Kundel,Publications,39817189,833
38408933,Lea K Davis,Publications,38408933,1099
39024449,Georgios Voloudakis,Publications,39024449,1089
38172303,Avner Schlessinger,Publications,38172303,1027
38172303,Ron Do,Publications,38172303,723
39775839,Kuan-Lin Huang,Publications,39775839,733
39565872,Robert P Fisher,Publications,39565872,793
39475956,Lea K Davis,Publications,39475956,1099
38185918,Julie B Schnur,Publications,38185918,1115
38185918,Guy H Montgomery,Publications,38185918,1107
38985468,Cardinale B Smith,Publications,38985468,879
38531973,Jerry Edward Chipuk,Publications,38531973,780
40027748,Robert M Samstein,Publications,40027748,870
40027748,Nina Bhardwaj,Publications,40027748,768
38168366,Poulikos I Poulikakos,Publications,38168366,862
38459027,Nina Bhardwaj,Publications,38459027,768
39427763,Miguel Fribourg,Publications,39427763,794
39427763,John Cijiang He,Publications,39427763,810
39427763,Paolo Cravedi,Publications,39427763,783
37611086,Maia Kayal,Publications,37611086,827
39700136,Ya-Wen Chen,Publications,39700136,1000
39345710,Dinushika Mohottige,Publications,39345710,852
40089117,Robert O Wright,Publications,40089117,1123
40089117,Rosalind J Wright,Publications,40089117,1016
38935072,Florian Krammer,Publications,38935072,907
40505637,Ronald Hoffman,Publications,40505637,815
38381324,Nina A Bickell,Publications,38381324,1096
38381324,Carol R Horowitz,Publications,38381324,818
40371672,Jennifer M Reckrey,Publications,40371672,865
39806199,Anna-Sophie Rommel,Publications,39806199,1081
39806199,Veerle Bergink,Publications,39806199,1046
38460460,Rosalind J Wright,Publications,38460460,1016
38592713,Susanna Curtis,Publications,38592713,784
39321451,Sarah J Miller,Publications,39321451,720
39611256,Lea K Davis,Publications,39611256,1099
39427320,Tristan Shuman,Publications,39427320,975
39763831,Joshua D Brody,Publications,39763831,772
39763831,Yizhou Dong,Publications,39763831,724
39763831,Brian D Brown,Publications,39763831,721
38141909,Ki Sueng Choi,Publications,38141909,1127
40417545,Jonathan Himmelfarb,Publications,40417545,811
39512894,Damaskini Valvi,Publications,39512894,1121
39530592,Nelly Alia-Klein,Publications,39530592,1045
39530592,Rita Z Goldstein,Publications,39530592,1060
38198521,Michael Schotsaert,Publications,38198521,913
39625409,Sacha Gnjatic,Publications,39625409,804
39625409,Emanuela Taioli,Publications,39625409,1118
38221536,Dinesh Barupal,Publications,38221536,1095
39648751,Rosalind J Wright,Publications,39648751,1016
38354782,Zhen-Qiang Pan,Publications,38354782,858
38489019,Veerle Bergink,Publications,38489019,1046
40122413,Shuang Wang,Publications,40122413,895
40122413,R Sean Morrison,Publications,40122413,854
39786706,Rosalind J Wright,Publications,39786706,1016
40203750,Elena Colicino,Publications,40203750,1098
38660759,Robert O Wright,Publications,38660759,1123
38309331,Rosalind J Wright,Publications,38309331,1016
38309331,Robert O Wright,Publications,38309331,1123
40037553,Jennifer M Reckrey,Publications,40037553,865
39380992,Chitra Upadhyay,Publications,39380992,889
39380992,Catarina E Hioe,Publications,39380992,812
39002533,Scott L Friedman,Publications,39002533,795
39020140,Rita Z Goldstein,Publications,39020140,1060
38845745,Kuan-Lin Huang,Publications,38845745,733
39630912,Dmitriy Zamarin,Publications,39630912,899
37034715,Dinesh Barupal,Publications,37034715,1095
38031730,Kyung Lee,Publications,38031730,836
38031730,John Cijiang He,Publications,38031730,810
39851186,Dinushika Mohottige,Publications,39851186,852
39508007,Tristan Shuman,Publications,39508007,975
39293757,Elena Colicino,Publications,39293757,1098
39293757,Robert O Wright,Publications,39293757,1123
39293757,Rosalind J Wright,Publications,39293757,1016
39293757,Maria Jose Rosa,Publications,39293757,1114
39889907,Talia H Swartz,Publications,39889907,885
39889907,Benjamin K Chen,Publications,39889907,778
40385409,Elena Colicino,Publications,40385409,1098
39974894,Schahram Akbarian,Publications,39974894,1044
38783890,Sarah J Miller,Publications,38783890,720
38783890,Augusto Villanueva,Publications,38783890,891
38783890,Melissa Mazor,Publications,38783890,846
38783890,Cardinale B Smith,Publications,38783890,879
38783890,Emanuela Taioli,Publications,38783890,1118
37615890,Pooja Flora,Publications,37615890,689
37615890,Elena Ezhkova,Publications,37615890,688
37931897,Jennifer M Reckrey,Publications,37931897,865
39395421,Dolores Hambardzumyan,Publications,39395421,984
39674324,Manish Arora,Publications,39674324,1092
39674324,Youssef Oulhote,Publications,39674324,1109
39674324,Ryan W Walker,Publications,39674324,1122
39674324,Robert O Wright,Publications,39674324,1123
39674324,Elena Colicino,Publications,39674324,1098
39674324,Damaskini Valvi,Publications,39674324,1121
38934093,Sacha Gnjatic,Publications,38934093,804
38745458,Georgios Voloudakis,Publications,38745458,1089
38839538,Hirofumi Morishita,Publications,38839538,1071
39247957,Leslee J Shaw,Publications,39247957,992
38916482,Scott L Friedman,Publications,38916482,795
39582260,Uraina S Clark,Publications,39582260,920
39582260,Rosalind J Wright,Publications,39582260,1016
36441429,Reymundo Lozano,Publications,36441429,737
39867416,Elena Colicino,Publications,39867416,1098
39345578,Andrew F Stewart,Publications,39345578,883
39198580,Ki Sueng Choi,Publications,39198580,1127
39198580,Peter Rudebeck,Publications,39198580,970
39764102,Won-Min Song,Publications,39764102,748
39764102,Bin Zhang,Publications,39764102,756
39974071,Georgios Voloudakis,Publications,39974071,1089
40152856,Susan L Teitelbaum,Publications,40152856,1119
40152856,Manish Arora,Publications,40152856,1092
40152856,Robert O Wright,Publications,40152856,1123
39952668,Ignacio Saez,Publications,39952668,987
40491569,Bin Zhang,Publications,40491569,756
38975667,Cardinale B Smith,Publications,38975667,879
39854479,Goran Bajic,Publications,39854479,900
39885369,Poulikos I Poulikakos,Publications,39885369,862
39969536,Susanna Curtis,Publications,39969536,784
38042369,Andrew F Stewart,Publications,38042369,883
38042369,Donald K Scott,Publications,38042369,871
40502569,Towfique Raj,Publications,40502569,967
39506104,Wenyan Jiang,Publications,39506104,734
39962241,Stella Dracheva,Publications,39962241,1055
39962241,Schahram Akbarian,Publications,39962241,1044
39378335,Schahram Akbarian,Publications,39378335,1044
39713333,Tony Yuen,Publications,39713333,1034
39713333,Mone Zaidi,Publications,39713333,1035
40544343,Robert O Wright,Publications,40544343,1123
40544343,Rosalind J Wright,Publications,40544343,1016
40544343,Elena Colicino,Publications,40544343,1098
38838644,Isaac Marin-Valencia,Publications,38838644,922
39072027,Behrang Mahjani,Publications,39072027,1070
39072027,Abraham Reichenberg,Publications,39072027,1078
39072027,Rebecca Birnbaum,Publications,39072027,1048
39640590,Megan K Horton,Publications,39640590,1104
39640590,Robert O Wright,Publications,39640590,1123
39640590,Manish Arora,Publications,39640590,1092
39954693,Manasi Agrawal,Publications,39954693,758
39367276,Florian Krammer,Publications,39367276,907
38976626,Silvia De Rubeis,Publications,38976626,1054
38741190,Inga Peter,Publications,38741190,743
39986430,Damaskini Valvi,Publications,39986430,1121
39986430,Robert O Wright,Publications,39986430,1123
39986430,Elena Colicino,Publications,39986430,1098
39843750,Niamh Mullins,Publications,39843750,1072
36824869,Benjamin K Chen,Publications,36824869,778
36824869,Catarina E Hioe,Publications,36824869,812
38287720,Mary Sano,Publications,38287720,1083
39341365,Daniela Sia,Publications,39341365,875
38234807,Alison M Goate,Publications,38234807,730
38973768,Dinushika Mohottige,Publications,38973768,852
38366106,Gita A Pathak,Publications,38366106,741
38737007,Ron Do,Publications,38737007,723
38320730,James L M Ferrara,Publications,38320730,791
37546727,Thalia K Robakis,Publications,37546727,1080
37546727,Veerle Bergink,Publications,37546727,1046
37546727,Behrang Mahjani,Publications,37546727,1070
39374687,Jennifer M Reckrey,Publications,39374687,865
38519056,Sacha Gnjatic,Publications,38519056,804
38112467,Florian Krammer,Publications,38112467,907
40585261,Jessica Robinson-Papp,Publications,40585261,925
39763727,Georgios Voloudakis,Publications,39763727,1089
38652672,Ron Do,Publications,38652672,723
38533509,Triparna Sen,Publications,38533509,872
37496127,Emanuela Taioli,Publications,37496127,1118
40039669,Andrew W Varga,Publications,40039669,890
39911537,Schahram Akbarian,Publications,39911537,1044
39939764,Antonio V Aubry,Publications,39939764,931
39939764,Hirofumi Morishita,Publications,39939764,1071
39461879,Sacha Gnjatic,Publications,39461879,804
40588817,Miguel Fribourg,Publications,40588817,794
39647686,Alison G Lee,Publications,39647686,835
38953250,Michael Schotsaert,Publications,38953250,913
38946206,Saghi Ghaffari,Publications,38946206,690
37594625,Dinushika Mohottige,Publications,37594625,852
38753456,Maria Giovanna Trivieri,Publications,38753456,1134
38753456,Zahi A Fayad,Publications,38753456,1129
39878593,Silvia De Rubeis,Publications,39878593,1054
39441185,Veerle Bergink,Publications,39441185,1046
38888723,Sarah J Miller,Publications,38888723,720
38984754,Dinesh Barupal,Publications,38984754,1095
38839205,Manish Arora,Publications,38839205,1092
39799755,Ron Do,Publications,39799755,723
39436220,Gang Fang,Publications,39436220,726
39324415,Jerry Edward Chipuk,Publications,39324415,780
38640197,James L M Ferrara,Publications,38640197,791
37798345,Alison G Lee,Publications,37798345,835
39484366,Kuan-Lin Huang,Publications,39484366,733
38101622,Robert O Wright,Publications,38101622,1123
38101622,Rosalind J Wright,Publications,38101622,1016
38522364,Toni Stern,Publications,38522364,1117
38522364,Florian Krammer,Publications,38522364,907
38522364,Veerle Bergink,Publications,38522364,1046
38522364,Anna-Sophie Rommel,Publications,38522364,1081
38364782,Pei Wang,Publications,38364782,753
38839204,Manish Arora,Publications,38839204,1092
39252912,Georgios Voloudakis,Publications,39252912,1089
39599911,Talia H Swartz,Publications,39599911,885
39236155,Alexander Tepper,Publications,39236155,886
39236155,Brian D Brown,Publications,39236155,721
39236155,Miriam Merad,Publications,39236155,850
37774885,Robert O Wright,Publications,37774885,1123
38548252,Susan L Teitelbaum,Publications,38548252,1119
38548252,Robert O Wright,Publications,38548252,1123
38548252,Rosalind J Wright,Publications,38548252,1016
38798338,Sacha Gnjatic,Publications,38798338,804
39566494,Bruce D Gelb,Publications,39566494,1013
39566494,Carol R Horowitz,Publications,39566494,818
38293047,Michael Schotsaert,Publications,38293047,913
39362849,Rita Z Goldstein,Publications,39362849,1060
39362849,Nelly Alia-Klein,Publications,39362849,1045
40188314,Bin Zhang,Publications,40188314,756
40188314,Eric J Nestler,Publications,40188314,964
39259757,Eric A Sobie,Publications,39259757,1029
39484441,Carina Seah,Publications,39484441,747
39484441,Eric J Nestler,Publications,39484441,964
40198127,Jonathan Himmelfarb,Publications,40198127,811
38177134,Pei Wang,Publications,38177134,753
40161787,Prashanth Rangan,Publications,40161787,696
39730457,Antonio V Aubry,Publications,39730457,931
39730457,Eric J Nestler,Publications,39730457,964
39310778,Nicole Zatorski,Publications,39310778,1036
39310778,Kuan-Lin Huang,Publications,39310778,733
39310778,Avner Schlessinger,Publications,39310778,1027
38339227,Sacha Gnjatic,Publications,38339227,804
38339227,Bin Zhang,Publications,38339227,756
38464025,Jian Jin,Publications,38464025,1023
38654119,Dinushika Mohottige,Publications,38654119,852
40557710,Towfique Raj,Publications,40557710,967
38793575,David J Volsky,Publications,38793575,892
38312949,James C Iatridis,Publications,38312949,999
39006413,Ron Do,Publications,39006413,723
39006413,Kuan-Lin Huang,Publications,39006413,733
38885804,Marek Mlodzik,Publications,38885804,694
38964580,Robert O Wright,Publications,38964580,1123
38796700,Jian Jin,Publications,38796700,1023
40386437,Rosalind J Wright,Publications,40386437,1016
38816950,Jia Fu,Publications,38816950,796
38816950,Kyung Lee,Publications,38816950,836
38816950,John Cijiang He,Publications,38816950,810
39358346,Elza Rechtman,Publications,39358346,1112
39358346,Abraham Reichenberg,Publications,39358346,1078
39358346,Robert O Wright,Publications,39358346,1123
39358346,Megan K Horton,Publications,39358346,1104
38363634,Robert O Wright,Publications,38363634,1123
39742871,Ankit Sakhuja,Publications,39742871,869
38617272,Christopher F Basler,Publications,38617272,901
39868756,Patrick R Hof,Publications,39868756,955
39331709,Triparna Sen,Publications,39331709,872
40483322,Erin A Hazlett,Publications,40483322,1062
39371166,Magdalena Janecka,Publications,39371166,1065
37933143,Luz Claudio,Publications,37933143,1097
38117250,Jaymin J Kathiriya,Publications,38117250,825
38746469,Susanna Curtis,Publications,38746469,784
38706880,Nilsson Holguin,Publications,38706880,998
40252649,Emily Bernstein,Publications,40252649,766
39147201,Zahi A Fayad,Publications,39147201,1129
37934943,Bishuang Cai,Publications,37934943,774
38450056,Minal S Kale,Publications,38450056,822
38450056,Chung Yin Kong,Publications,38450056,829
38177508,Gang Fang,Publications,38177508,726
38395968,Zhenyu Yue,Publications,38395968,930
38187737,Daniela Schiller,Publications,38187737,1084
38715236,Jennifer M Reckrey,Publications,38715236,865
39744833,Lea K Davis,Publications,39744833,1099
38157961,Robert O Wright,Publications,38157961,1123
39047923,Lauren Petrick,Publications,39047923,1110
39693067,Nelly Alia-Klein,Publications,39693067,1045
39693067,Rita Z Goldstein,Publications,39693067,1060
39097586,Robert P Fisher,Publications,39097586,793
39406732,Avner Schlessinger,Publications,39406732,1027
39406732,Ron Do,Publications,39406732,723
39937896,Saurabh Mehandru,Publications,39937896,848
39461465,Manasi Agrawal,Publications,39461465,758
39658879,Clara Li,Publications,39658879,1069
40426716,Robert O Wright,Publications,40426716,1123
39283628,Rosalind J Wright,Publications,39283628,1016
39283628,Robert O Wright,Publications,39283628,1123
38811170,Dolores Hambardzumyan,Publications,38811170,984
38548227,James L M Ferrara,Publications,38548227,791
38562880,Gita A Pathak,Publications,38562880,741
38703764,Pei Wang,Publications,38703764,753
40044670,Ming-Ming Zhou,Publications,40044670,1037
40010771,Sacha Gnjatic,Publications,40010771,804
38293227,Eric J Nestler,Publications,38293227,964
38730421,Lili Chan,Publications,38730421,777
38730421,Ira Hofer,Publications,38730421,703
38730421,Monica Kraft,Publications,38730421,832
38730421,Ankit Sakhuja,Publications,38730421,869
40473611,Gang Fang,Publications,40473611,726
40473611,Aneel K Aggarwal,Publications,40473611,1017
38057662,Sacha Gnjatic,Publications,38057662,804
38057662,Brian D Brown,Publications,38057662,721
38057662,Fred R Hirsch,Publications,38057662,813
38057662,Miriam Merad,Publications,38057662,850
40062614,Pei Wang,Publications,40062614,753
38316574,Damaskini Valvi,Publications,38316574,1121
38271706,Andrew W Varga,Publications,38271706,890
40612515,Camille Goldman,Publications,40612515,951
38559040,Christopher F Basler,Publications,38559040,901
39733956,Damaskini Valvi,Publications,39733956,1121
39733956,Youssef Oulhote,Publications,39733956,1109
39080486,Ryan Ungaro,Publications,39080486,888
40566741,R Sean Morrison,Publications,40566741,854
39658624,Georgios Voloudakis,Publications,39658624,1089
39921982,Florian Krammer,Publications,39921982,907
38078997,Maria Giovanna Trivieri,Publications,38078997,1134
39137050,Lili Chan,Publications,39137050,777
39378878,Miriam Merad,Publications,39378878,850
37962879,Ankit Sakhuja,Publications,37962879,869
37962879,Carol R Horowitz,Publications,37962879,818
37962879,Ron Do,Publications,37962879,723
40274765,Marta Filizola,Publications,40274765,1021
36876335,Mary Sano,Publications,36876335,1083
38889725,Florian Krammer,Publications,38889725,907
38889725,Aneel K Aggarwal,Publications,38889725,1017
39702607,James C Iatridis,Publications,39702607,999
39285234,Carol C Gregorio,Publications,39285234,807
39677706,Bin Zhang,Publications,39677706,756
37022610,Kiyotake Ishikawa,Publications,37022610,819
39131140,Josep M Llovet,Publications,39131140,840
40374608,Silvia De Rubeis,Publications,40374608,1054
38648902,Michael Schotsaert,Publications,38648902,913
38626009,Eric J Nestler,Publications,38626009,964
37973264,Rosalind J Wright,Publications,37973264,1016
39560425,Amaia Lujambio,Publications,39560425,842
40186057,Aneel K Aggarwal,Publications,40186057,1017
38776911,Miriam Merad,Publications,38776911,850
38776911,Samir Parekh,Publications,38776911,861
39837324,Jose Javier Bravo-Cordero,Publications,39837324,771
38822734,R Sean Morrison,Publications,38822734,854
38746340,Rita Z Goldstein,Publications,38746340,1060
38746340,Nelly Alia-Klein,Publications,38746340,1045
39329068,Elena Colicino,Publications,39329068,1098
40049579,Yael Jacob,Publications,40049579,1064
38168118,Daniel Wacker,Publications,38168118,1030
38506828,Elena Colicino,Publications,38506828,1098
38506828,Alison G Lee,Publications,38506828,835
38289826,Michael Schotsaert,Publications,38289826,913
39459844,David J Volsky,Publications,39459844,892
38418871,Kuan-Lin Huang,Publications,38418871,733
39447848,Shuang Wang,Publications,39447848,895
39447848,R Sean Morrison,Publications,39447848,854
39864129,Bishuang Cai,Publications,39864129,774
38134932,Hongzhen Hu,Publications,38134932,707
39716936,Yi Shi,Publications,39716936,1028
39716936,Jian Jin,Publications,39716936,1023
38156471,Alexander W Charney,Publications,38156471,983
38156471,Ankit Sakhuja,Publications,38156471,869
38156471,Bruce D Gelb,Publications,38156471,1013
38156471,Ron Do,Publications,38156471,723
38370645,Anne Schaefer,Publications,38370645,973
38697478,Jia Fu,Publications,38697478,796
38697478,Kyung Lee,Publications,38697478,836
38285963,Samir Parekh,Publications,38285963,861
38424197,Josep M Llovet,Publications,38424197,840
39554174,Alison M Goate,Publications,39554174,730
39812182,R Sean Morrison,Publications,39812182,854
38969076,Judy H Cho,Publications,38969076,1002
39726173,Yael Jacob,Publications,39726173,1064
39037651,Jose Javier Bravo-Cordero,Publications,39037651,771
38771877,Miriam Merad,Publications,38771877,850
38771877,Brian D Brown,Publications,38771877,721
38771877,Yizhou Dong,Publications,38771877,724
39303682,Florian Krammer,Publications,39303682,907
39617804,Kiyotake Ishikawa,Publications,39617804,819
40377180,Lili Chan,Publications,40377180,777
40377180,Ankit Sakhuja,Publications,40377180,869
38333772,Clara Li,Publications,38333772,1069
38056610,Damaskini Valvi,Publications,38056610,1121
39961646,James L M Ferrara,Publications,39961646,791
39961646,Ronald Hoffman,Publications,39961646,815
40360802,Behrang Mahjani,Publications,40360802,1070
40360802,Joseph D Buxbaum,Publications,40360802,1050
40360802,Carolina Cappi,Publications,40360802,1051
40360802,Magdalena Janecka,Publications,40360802,1065
40360802,Abraham Reichenberg,Publications,40360802,1078
40360802,Sven Sandin,Publications,40360802,1082
40360802,Dorothy E Grice,Publications,40360802,1061
40360802,Lea K Davis,Publications,40360802,1099
38937887,Andrew W Varga,Publications,38937887,890
39649614,Damaskini Valvi,Publications,39649614,1121
39649614,Robert O Wright,Publications,39649614,1123
39649614,Elena Colicino,Publications,39649614,1098
39281765,Elena Colicino,Publications,39281765,1098
39505858,Robert J Klein,Publications,39505858,735
40475560,Michael Schotsaert,Publications,40475560,913
39396849,Goutam Chakraborty,Publications,39396849,1138
40495250,Rosalind J Wright,Publications,40495250,1016
38647702,Jennifer M Reckrey,Publications,38647702,865
38647702,R Sean Morrison,Publications,38647702,854
39648200,Kristen Whitney,Publications,39648200,1007
39648200,Won-Min Song,Publications,39648200,748
39648200,Bin Zhang,Publications,39648200,756
39648200,Ana C Pereira,Publications,39648200,924
38457313,Kiyotake Ishikawa,Publications,38457313,819
38343740,Homero Harari,Publications,38343740,1103
38343740,Rosalind J Wright,Publications,38343740,1016
38343740,Robert O Wright,Publications,38343740,1123
37961156,Nelly Alia-Klein,Publications,37961156,1045
37961156,Rita Z Goldstein,Publications,37961156,1060
38838223,Jonathan Himmelfarb,Publications,38838223,811
39677477,Towfique Raj,Publications,39677477,967
39743591,O'Jay Stewart,Publications,39743591,884
39748048,Prashant Rajbhandari,Publications,39748048,864
40328756,Jian Jin,Publications,40328756,1023
40401624,Elena Colicino,Publications,40401624,1098
38630441,Richard Silvera,Publications,38630441,1041
39565691,Pei Wang,Publications,39565691,753
37951322,Zahi A Fayad,Publications,37951322,1129
37951322,Maria Giovanna Trivieri,Publications,37951322,1134
39615218,Nicholas Chun,Publications,39615218,781
40562893,Towfique Raj,Publications,40562893,967
40562893,Niamh Mullins,Publications,40562893,1072
38766127,Anne Schaefer,Publications,38766127,973
39036987,Goran Bajic,Publications,39036987,900
39006222,Bin Zhang,Publications,39006222,756
39006222,Stephen R Salton,Publications,39006222,972
39369762,Eric J Nestler,Publications,39369762,964
39089348,Bin Zhang,Publications,39089348,756
39836238,Nicole Dubois,Publications,39836238,687
35512185,Leah Blank,Publications,35512185,918
39240790,Dinushika Mohottige,Publications,39240790,852
38748723,Carol C Gregorio,Publications,38748723,807
40393809,Stuart C Sealfon,Publications,40393809,926
38666756,Gaurav Pandey,Publications,38666756,740
39491788,Veerle Bergink,Publications,39491788,1046
39589192,Elena Colicino,Publications,39589192,1098
39589192,Maayan Yitshak Sade,Publications,39589192,1124
39763924,Yi Shi,Publications,39763924,1028
39345948,Inga Peter,Publications,39345948,743
37851423,Lili Chan,Publications,37851423,777
38563820,O'Jay Stewart,Publications,38563820,884
36993704,Georgios Voloudakis,Publications,36993704,1089
38765879,Zahi A Fayad,Publications,38765879,1129
39292771,Hirofumi Morishita,Publications,39292771,1071
39867702,Juan P Wisnivesky,Publications,39867702,896
39154163,Towfique Raj,Publications,39154163,967
40199995,Jian Jin,Publications,40199995,1023
38373106,Daniela Sia,Publications,38373106,875
38373106,Shuang Wang,Publications,38373106,895
38373106,Scott L Friedman,Publications,38373106,795
40074732,Elena Colicino,Publications,40074732,1098
40074732,Rosalind J Wright,Publications,40074732,1016
39010139,Prashant Rajbhandari,Publications,39010139,864
39010139,Abha K Rajbhandari,Publications,39010139,1077
40503872,Roland C Merchant,Publications,40503872,716
39167997,Silvia De Rubeis,Publications,39167997,1054
39304473,Leigh Goedeke,Publications,39304473,805
40214977,Fei Fang,Publications,40214977,996
37031718,Tatyana Kushner,Publications,37031718,834
39930085,Robert J Klein,Publications,39930085,735
39630236,Leigh Goedeke,Publications,39630236,805
40056143,Marta Filizola,Publications,40056143,1021
39117147,Cecilia Sara Alcala,Publications,39117147,1091
39117147,Robert O Wright,Publications,39117147,1123
39117147,Rosalind J Wright,Publications,39117147,1016
38256223,Patrick R Hof,Publications,38256223,955
40098842,Emanuela Taioli,Publications,40098842,1118
39732652,Lahouaria Hadri,Publications,39732652,1022
39828505,Silvia De Rubeis,Publications,39828505,1054
40425725,Alexander W Charney,Publications,40425725,983
40425725,Ira Hofer,Publications,40425725,703
40425725,Lili Chan,Publications,40425725,777
40425725,Monica Kraft,Publications,40425725,832
40425725,Ankit Sakhuja,Publications,40425725,869
38407240,Ankit Sakhuja,Publications,38407240,869
38796021,Maria Jose Rosa,Publications,38796021,1114
38796021,Robert O Wright,Publications,38796021,1123
38796021,Manish Arora,Publications,38796021,1092
38796021,Christine Austin,Publications,38796021,1094
38796021,Rosalind J Wright,Publications,38796021,1016
38354885,Rosalind J Wright,Publications,38354885,1016
38354885,Robert O Wright,Publications,38354885,1123
40122455,Carolina Cappi,Publications,40122455,1051
39013750,Mary Sano,Publications,39013750,1083
40161664,Florian Krammer,Publications,40161664,907
40161664,Goran Bajic,Publications,40161664,900
39478230,Elvin Wagenblast,Publications,39478230,893
38327830,Pei Wang,Publications,38327830,753
39085390,Zahi A Fayad,Publications,39085390,1129
38354780,Zhen-Qiang Pan,Publications,38354780,858
40378209,Michael Schotsaert,Publications,40378209,913
39737785,Alison M Goate,Publications,39737785,730
39026727,Eric J Nestler,Publications,39026727,964
40038251,Brian D Brown,Publications,40038251,721
40038251,Miriam Merad,Publications,40038251,850
40038251,Yizhou Dong,Publications,40038251,724
38343831,Towfique Raj,Publications,38343831,967
38343831,Georgios Voloudakis,Publications,38343831,1089
39096452,Tony Yuen,Publications,39096452,1034
39096452,Mone Zaidi,Publications,39096452,1035
38461101,Carol R Horowitz,Publications,38461101,818
38461101,Lynne D Richardson,Publications,38461101,717
38712091,Behrang Mahjani,Publications,38712091,1070
38712091,Joseph D Buxbaum,Publications,38712091,1050
38712091,Carolina Cappi,Publications,38712091,1051
38712091,Magdalena Janecka,Publications,38712091,1065
38712091,Abraham Reichenberg,Publications,38712091,1078
38712091,Sven Sandin,Publications,38712091,1082
38712091,Dorothy E Grice,Publications,38712091,1061
38712091,Lea K Davis,Publications,38712091,1099
38382019,Robert O Wright,Publications,38382019,1123
38382019,Rosalind J Wright,Publications,38382019,1016
39474439,Manasi Agrawal,Publications,39474439,758
39474439,Inga Peter,Publications,39474439,743
39474439,Manish Arora,Publications,39474439,1092
39474439,Robert O Wright,Publications,39474439,1123
40137527,Youssef Oulhote,Publications,40137527,1109
39962245,Alexander W Charney,Publications,39962245,983
39962245,Eric J Nestler,Publications,39962245,964
39962245,Yizhou Dong,Publications,39962245,724
38280225,Jennifer M Reckrey,Publications,38280225,865
38971398,Madison Weber,Publications,38971398,700
38971398,Pooja Flora,Publications,38971398,689
38971398,Elena Ezhkova,Publications,38971398,688
38324721,James L M Ferrara,Publications,38324721,791
40288741,Elena Colicino,Publications,40288741,1098
40288741,Sonali Bose,Publications,40288741,769
40288741,Robert O Wright,Publications,40288741,1123
40288741,Rosalind J Wright,Publications,40288741,1016
38351270,Eric J Nestler,Publications,38351270,964
39680037,Justin Lines,Publications,39680037,961
39168984,Bin Zhang,Publications,39168984,756
39988560,Brian D Brown,Publications,39988560,721
38408083,Anna Chorniy,Publications,38408083,1009
38850196,Rita Z Goldstein,Publications,38850196,1060
39572132,Manasi Agrawal,Publications,39572132,758
39066351,Florian Krammer,Publications,39066351,907
39066351,Fred R Hirsch,Publications,39066351,813
37341072,Patrick R Hof,Publications,37341072,955
39698805,Amy R Kontorovich,Publications,39698805,831
38671178,Eric J Nestler,Publications,38671178,964
38671178,Daniela Schiller,Publications,38671178,1084
39680452,Leigh Goedeke,Publications,39680452,805
40132579,Hongzhen Hu,Publications,40132579,707
38798402,Aneel K Aggarwal,Publications,38798402,1017
38061983,Damaskini Valvi,Publications,38061983,1121
38862854,Ron Do,Publications,38862854,723
39039281,Ernest Turro,Publications,39039281,752
38332016,Eric J Nestler,Publications,38332016,964
38332016,Schahram Akbarian,Publications,38332016,1044
38170904,Min Xue,Publications,38170904,1031
38719081,Elena Colicino,Publications,38719081,1098
38719081,Robert O Wright,Publications,38719081,1123
38719081,Rosalind J Wright,Publications,38719081,1016
39966642,Lahouaria Hadri,Publications,39966642,1022
39270875,Manasi Agrawal,Publications,39270875,758
39270875,Inga Peter,Publications,39270875,743
38709237,O'Jay Stewart,Publications,38709237,884
38565809,Anna Chorniy,Publications,38565809,1009
38295690,Jian Jin,Publications,38295690,1023
38354871,Abraham Reichenberg,Publications,38354871,1078
39558820,SARS-CoV-2,MeSH,39558820,1629
39558820,"Antibodies, Monoclonal, Humanized",MeSH,39558820,1176
39558820,"Spike Glycoprotein, Coronavirus",MeSH,39558820,1651
39558820,Severity of Illness Index,MeSH,39558820,1637
39122606,SARS-CoV-2,MeSH,39122606,1629
37871309,Pathologic Complete Response,MeSH,37871309,1517
39940664,Mitochondria,MeSH,39940664,1471
39940664,Endoplasmic Reticulum,MeSH,39940664,1310
40288941,"Analgesics, Opioid",MeSH,40288941,1168
39236079,"Databases, Genetic",MeSH,39236079,1285
38693320,"Rats, Sprague-Dawley",MeSH,38693320,1575
38879719,"Analgesics, Opioid",MeSH,38879719,1168
38565563,T-Lymphocytes,MeSH,38565563,1666
38565563,"Antibodies, Monoclonal, Humanized",MeSH,38565563,1176
38565563,Severity of Illness Index,MeSH,38565563,1637
38353974,Antipsychotic Agents,MeSH,38353974,1180
38103765,Severity of Illness Index,MeSH,38103765,1637
38512421,Protein Serine-Threonine Kinases,MeSH,38512421,1556
38512421,Acute Kidney Injury,MeSH,38512421,1150
40023887,Hydrocortisone,MeSH,40023887,1380
39557333,Positron-Emission Tomography,MeSH,39557333,1542
38639110,Logistic Models,MeSH,38639110,1432
38147713,Medicare Part D,MeSH,38147713,1452
40603300,Nucleus Accumbens,MeSH,40603300,1500
38801746,SARS-CoV-2,MeSH,38801746,1629
38801746,"Immunotherapy, Adoptive",MeSH,38801746,1393
38801746,Immunoglobulin G,MeSH,38801746,1389
38801746,"Receptors, Chimeric Antigen",MeSH,38801746,1596
38801746,"Spike Glycoprotein, Coronavirus",MeSH,38801746,1651
38871707,Dorsal Raphe Nucleus,MeSH,38871707,1296
38968112,Corpus Striatum,MeSH,38968112,1260
38968112,Leucine-Rich Repeat Serine-Threonine Protein Kinase-2,MeSH,38968112,1428
38968112,"Receptors, AMPA",MeSH,38968112,1588
38968112,"Receptors, Glutamate",MeSH,38968112,1601
39194962,"Antidepressive Agents, Tricyclic",MeSH,39194962,1178
38265261,Cullin Proteins,MeSH,38265261,1266
38265261,CD4-Positive T-Lymphocytes,MeSH,38265261,1211
38458478,Severity of Illness Index,MeSH,38458478,1637
39762366,Connectome,MeSH,39762366,1259
40042313,SARS-CoV-2,MeSH,40042313,1629
40042313,"Spike Glycoprotein, Coronavirus",MeSH,40042313,1651
38600097,Cyclic AMP-Dependent Protein Kinases,MeSH,38600097,1267
40399555,SARS-CoV-2,MeSH,40399555,1629
40399555,Post-Acute COVID-19 Syndrome,MeSH,40399555,1543
39229876,Severity of Illness Index,MeSH,39229876,1637
39229876,Clinical Relevance,MeSH,39229876,1253
40645964,Mitochondria,MeSH,40645964,1471
40645964,Endoplasmic Reticulum,MeSH,40645964,1310
38985854,Protein Serine-Threonine Kinases,MeSH,38985854,1556
38985854,Dyrk Kinases,MeSH,38985854,1302
38985854,Harmine,MeSH,38985854,1364
38985854,Protein-Tyrosine Kinases,MeSH,38985854,1559
38985854,Glucagon-Like Peptide-1 Receptor,MeSH,38985854,1348
37871973,"Renal Insufficiency, Chronic",MeSH,37871973,1620
37436465,SARS-CoV-2,MeSH,37436465,1629
37535375,Bevacizumab,MeSH,37535375,1197
37535375,Sorafenib,MeSH,37535375,1648
38642551,Electronic Health Records,MeSH,38642551,1306
38687616,Electronic Health Records,MeSH,38687616,1306
38409356,Dopamine,MeSH,38409356,1295
38409356,Substantia Nigra,MeSH,38409356,1656
39478215,Lateral Thalamic Nuclei,MeSH,39478215,1427
39478215,"Receptors, Adrenergic, beta-2",MeSH,39478215,1589
39478215,"Receptors, Tumor Necrosis Factor, Type I",MeSH,39478215,1616
38457262,Oncogenes,MeSH,38457262,1502
38457262,Ubiquitination,MeSH,38457262,1691
38507413,ELAV-Like Protein 1,MeSH,38507413,1304
38507413,Sumoylation,MeSH,38507413,1657
39893911,Birth Weight,MeSH,39893911,1200
39893911,"2,4-Dichlorophenoxyacetic Acid",MeSH,39893911,1142
38671065,"Renal Insufficiency, Chronic",MeSH,38671065,1620
38814244,"T-Lymphocytes, Helper-Inducer",MeSH,38814244,1667
37610319,Hydrocortisone,MeSH,37610319,1380
39316396,Glycemic Index,MeSH,39316396,1350
39419768,Psilocybin,MeSH,39419768,1568
38486233,Parabens,MeSH,38486233,1514
39903530,Caspase 3,MeSH,39903530,1224
40139648,"Receptors, Tumor Necrosis Factor, Type II",MeSH,40139648,1617
40139648,"Receptors, Tumor Necrosis Factor, Type I",MeSH,40139648,1616
38579764,Follicle Stimulating Hormone,MeSH,38579764,1328
38579764,Pituitary Gland,MeSH,38579764,1524
38720088,DNA-Directed DNA Polymerase,MeSH,38720088,1283
39657681,"Databases, Genetic",MeSH,39657681,1285
39454027,Plasma Cells,MeSH,39454027,1525
39454027,HIV-1,MeSH,39454027,1361
39454027,Immunoglobulin A,MeSH,39454027,1385
39454027,B-Lymphocytes,MeSH,39454027,1193
38123901,Cerebellum,MeSH,38123901,1233
39716867,"Renal Insufficiency, Chronic",MeSH,39716867,1620
39716867,Cardio-Renal Syndrome,MeSH,39716867,1220
39716867,Swine,MeSH,39716867,1663
39716867,Sus scrofa,MeSH,39716867,1662
39174195,Nitric Oxide Synthase Type III,MeSH,39174195,1496
38354281,Severity of Illness Index,MeSH,38354281,1637
38354281,Karnofsky Performance Status,MeSH,38354281,1419
39062946,Janus Kinase 1,MeSH,39062946,1415
39062946,P-Selectin,MeSH,39062946,1510
39062946,"Receptors, Interleukin-8B",MeSH,39062946,1603
39062946,"Receptors, Interleukin-8A",MeSH,39062946,1602
39062946,Janus Kinase 2,MeSH,39062946,1416
38039805,SARS-CoV-2,MeSH,38039805,1629
38039805,Hospital Mortality,MeSH,38039805,1378
40216771,Dentate Gyrus,MeSH,40216771,1290
40216771,"CA1 Region, Hippocampal",MeSH,40216771,1209
40216771,Hippocampus,MeSH,40216771,1373
39930465,Gyrus Cinguli,MeSH,39930465,1357
39982391,UK Biobank,MeSH,39982391,1690
39205349,Parabens,MeSH,39205349,1514
39565209,"Databases, Genetic",MeSH,39565209,1285
39627187,UK Biobank,MeSH,39627187,1690
39244607,Burkholderia cenocepacia,MeSH,39244607,1208
40348873,TRPV Cation Channels,MeSH,40348873,1671
40348873,Spermine,MeSH,40348873,1649
38184712,Endosomes,MeSH,38184712,1311
38184712,Mitochondria,MeSH,38184712,1471
39388279,"Killer Cells, Natural",MeSH,39388279,1422
39388279,"Receptors, KIR",MeSH,39388279,1604
39388279,NK Cell Lectin-Like Receptor Subfamily C,MeSH,39388279,1483
38321146,Pseudomonas syringae,MeSH,38321146,1567
39854307,SARS-CoV-2,MeSH,39854307,1629
38454137,Clustered Regularly Interspaced Short Palindromic Repeats,MeSH,38454137,1255
39818879,Follicle Stimulating Hormone,MeSH,39818879,1328
39818879,Pituitary Gland,MeSH,39818879,1524
38803218,Adrenergic alpha-Antagonists,MeSH,38803218,1157
39843911,Adenosine Triphosphate,MeSH,39843911,1155
39843911,"Receptors, Purinergic P2Y12",MeSH,39843911,1614
39843911,CX3C Chemokine Receptor 1,MeSH,39843911,1215
39187388,Ketamine,MeSH,39187388,1420
39187388,"Receptors, Opioid",MeSH,39187388,1610
39187388,"Rats, Sprague-Dawley",MeSH,39187388,1575
39187388,Cricetulus,MeSH,39187388,1264
39542655,Cyclophosphamide,MeSH,39542655,1276
38679196,Histone Deacetylase 1,MeSH,38679196,1375
38679196,Histone Deacetylase 2,MeSH,38679196,1376
38679196,In Situ Hybridization,MeSH,38679196,1394
38326495,"Databases, Protein",MeSH,38326495,1286
39621793,Gyrus Cinguli,MeSH,39621793,1357
39621793,Insular Cortex,MeSH,39621793,1401
39185915,Severity of Illness Index,MeSH,39185915,1637
39353437,Chromatin,MeSH,39353437,1242
38199997,Chromatin,MeSH,38199997,1242
39556352,Aspirin,MeSH,39556352,1188
39556352,Janus Kinase 2,MeSH,39556352,1416
39556352,Leukocyte Count,MeSH,39556352,1430
39556352,Platelet Count,MeSH,39556352,1526
39838105,Axl Receptor Tyrosine Kinase,MeSH,39838105,1191
39838105,Receptor Protein-Tyrosine Kinases,MeSH,39838105,1577
39838105,Toll-Like Receptors,MeSH,39838105,1681
40127865,Memory T Cells,MeSH,40127865,1455
39930489,Anus Neoplasms,MeSH,39930489,1181
39930489,Papillomavirus Infections,MeSH,39930489,1513
39930489,Mass Screening,MeSH,39930489,1445
39930489,Proctoscopy,MeSH,39930489,1548
38237590,Chromatin,MeSH,38237590,1242
38278245,Gastrointestinal Microbiome,MeSH,38278245,1334
40087269,Wilms Tumor,MeSH,40087269,1707
38000018,Hippocampus,MeSH,38000018,1373
38912583,"Polycystic Kidney, Autosomal Dominant",MeSH,38912583,1533
38912583,"Receptor, Anaphylatoxin C5a",MeSH,38912583,1578
38912583,TRPP Cation Channels,MeSH,38912583,1670
38912583,"Receptors, Complement 3b",MeSH,38912583,1597
38501389,Clofarabine,MeSH,38501389,1254
38501389,Proto-Oncogene Proteins B-raf,MeSH,38501389,1561
38753423,Polycystic Ovary Syndrome,MeSH,38753423,1535
38753423,Follicle Stimulating Hormone,MeSH,38753423,1328
38753423,Insulin,MeSH,38753423,1402
38753423,Luteinizing Hormone,MeSH,38753423,1435
38753423,Testosterone,MeSH,38753423,1675
40313214,Vascular Endothelial Growth Factor Receptor-1,MeSH,40313214,1696
38219443,Persea,MeSH,38219443,1520
39747004,Glioblastoma,MeSH,39747004,1342
39831303,Endogenous Retroviruses,MeSH,39831303,1308
39831303,Open Reading Frames,MeSH,39831303,1503
39587295,Nucleus Accumbens,MeSH,39587295,1500
39186267,SARS-CoV-2,MeSH,39186267,1629
39384951,Spliceosomes,MeSH,39384951,1652
39530396,Immunoglobulin E,MeSH,39530396,1387
38782975,Microbiota,MeSH,38782975,1467
40542108,Positron-Emission Tomography,MeSH,40542108,1542
37571992,Mexican Americans,MeSH,37571992,1461
38052109,Uterine Cervical Neoplasms,MeSH,38052109,1694
39847482,Entorhinal Cortex,MeSH,39847482,1316
39847482,Hippocampus,MeSH,39847482,1373
39570591,Birth Weight,MeSH,39570591,1200
39431505,AIDS-Related Opportunistic Infections,MeSH,39431505,1146
39431505,Anti-HIV Agents,MeSH,39431505,1172
39591878,Electronic Health Records,MeSH,39591878,1306
39892705,Neuroblastoma,MeSH,39892705,1491
38069999,"Kidney Failure, Chronic",MeSH,38069999,1421
38069999,"Renal Insufficiency, Chronic",MeSH,38069999,1620
38324641,Memory B Cells,MeSH,38324641,1454
38324641,Immunoglobulin G,MeSH,38324641,1389
38324641,Immunoglobulin E,MeSH,38324641,1387
40145745,Cattle,MeSH,40145745,1229
40145745,"Influenza A Virus, H5N1 Subtype",MeSH,40145745,1399
39276722,"Dementia, Vascular",MeSH,39276722,1289
39718547,Birth Weight,MeSH,39718547,1200
39856480,Gastrointestinal Microbiome,MeSH,39856480,1334
38575752,Positron-Emission Tomography,MeSH,38575752,1542
38834572,Proto-Oncogene Proteins c-akt,MeSH,38834572,1562
38834572,Extracellular Signal-Regulated MAP Kinases,MeSH,38834572,1324
38538643,Glioblastoma,MeSH,38538643,1342
39626675,Dyrk Kinases,MeSH,39626675,1302
39626675,Protein Serine-Threonine Kinases,MeSH,39626675,1556
39626675,Protein-Tyrosine Kinases,MeSH,39626675,1559
39626675,Glucagon-Like Peptide-1 Receptor,MeSH,39626675,1348
39020164,"Promoter Regions, Genetic",MeSH,39020164,1550
39020164,Transcription Initiation Site,MeSH,39020164,1686
39571001,SARS-CoV-2,MeSH,39571001,1629
39571001,Chlorocebus aethiops,MeSH,39571001,1241
38110620,Programmed Cell Death 1 Receptor,MeSH,38110620,1549
38110620,Interleukin-1 Receptor-Like 1 Protein,MeSH,38110620,1406
38110620,"Receptors, Tumor Necrosis Factor, Type I",MeSH,38110620,1616
38848648,SARS-CoV-2,MeSH,38848648,1629
38848648,"Spike Glycoprotein, Coronavirus",MeSH,38848648,1651
38848648,Newcastle disease virus,MeSH,38848648,1493
38848648,Immunoglobulin A,MeSH,38848648,1385
39321638,Electronic Health Records,MeSH,39321638,1306
39106432,"Killer Cells, Natural",MeSH,39106432,1422
38424454,Neurofibrillary Tangles,MeSH,38424454,1492
39820689,"Anesthetics, Inhalation",MeSH,39820689,1169
40269898,West Nile Fever,MeSH,40269898,1704
40269898,West Nile virus,MeSH,40269898,1705
40269898,Mosquito Vectors,MeSH,40269898,1476
40269898,Culicidae,MeSH,40269898,1265
38980644,Medicare Part D,MeSH,38980644,1452
38926387,Prefrontal Cortex,MeSH,38926387,1544
40208796,"Databases, Genetic",MeSH,40208796,1285
38851444,Electronic Health Records,MeSH,38851444,1306
39168637,Proto-Oncogene Proteins c-maf,MeSH,39168637,1564
40524640,Prefrontal Cortex,MeSH,40524640,1544
38626448,Methyldopa,MeSH,38626448,1460
38626448,Adrenergic beta-Antagonists,MeSH,38626448,1159
40118521,B-Lymphocytes,MeSH,40118521,1193
40118521,Immunoglobulin Heavy Chains,MeSH,40118521,1390
38955181,RNA Polymerase II,MeSH,38955181,1569
38955181,Cyclin-Dependent Kinase 8,MeSH,38955181,1272
38955181,Protein Interaction Domains and Motifs,MeSH,38955181,1555
38443464,Aldosterone,MeSH,38443464,1164
38443464,Birth Weight,MeSH,38443464,1200
39121857,Gastrointestinal Microbiome,MeSH,39121857,1334
39121857,Amygdala,MeSH,39121857,1167
39121857,Lactobacillus,MeSH,39121857,1424
39134444,Mass Screening,MeSH,39134444,1445
39134444,Randomized Controlled Trials as Topic,MeSH,39134444,1572
39863408,"Tomography, X-Ray Computed",MeSH,39863408,1683
40601747,"CA1 Region, Hippocampal",MeSH,40601747,1209
40601747,Hippocampus,MeSH,40601747,1373
38254666,Dual-Specificity Phosphatases,MeSH,38254666,1300
39009835,"Receptors, Opioid",MeSH,39009835,1610
38123972,Microbiota,MeSH,38123972,1467
38123972,Gastrointestinal Microbiome,MeSH,38123972,1334
39233338,Adiposity,MeSH,39233338,1156
38159678,"Renal Insufficiency, Chronic",MeSH,38159678,1620
38300115,"Tomography, X-Ray Computed",MeSH,38300115,1683
38302557,Support Vector Machine,MeSH,38302557,1658
37992313,"Mice, Inbred NOD",MeSH,37992313,1464
37992313,"Mice, SCID",MeSH,37992313,1466
37992313,Janus Kinase 2,MeSH,37992313,1416
39012593,Chromatin,MeSH,39012593,1242
38910328,Podocytes,MeSH,38910328,1528
39856363,Ovarian Neoplasms,MeSH,39856363,1505
39863913,Mitochondria,MeSH,39863913,1471
37769652,"Aphasia, Broca",MeSH,37769652,1182
37769652,Dysarthria,MeSH,37769652,1303
37769652,"Aphasia, Primary Progressive",MeSH,37769652,1183
37769652,Primary Progressive Nonfluent Aphasia,MeSH,37769652,1546
38407394,Arachis,MeSH,38407394,1184
38407394,Omalizumab,MeSH,38407394,1501
36990674,Genetic Risk Score,MeSH,36990674,1341
38376944,Agammaglobulinaemia Tyrosine Kinase,MeSH,38376944,1161
38376944,Chromatin,MeSH,38376944,1242
38376944,"Immunotherapy, Adoptive",MeSH,38376944,1393
38376944,Mitogen-Activated Protein Kinase Kinases,MeSH,38376944,1473
38376944,"Receptors, Chimeric Antigen",MeSH,38376944,1596
38437944,Positron-Emission Tomography,MeSH,38437944,1542
38683764,"Chromosomes, Human, Y",MeSH,38683764,1251
38683764,Chromosome Painting,MeSH,38683764,1244
38683764,Chromosome Deletion,MeSH,38683764,1243
39147210,"Carcinoma, Non-Small-Cell Lung",MeSH,39147210,1218
39147210,Early Termination of Clinical Trials,MeSH,39147210,1305
38597342,Medicare Part C,MeSH,38597342,1451
39225095,"Receptors, CXCR4",MeSH,39225095,1595
39225095,Chemokine CXCL12,MeSH,39225095,1237
38112266,SARS-CoV-2,MeSH,38112266,1629
38112266,"Spike Glycoprotein, Coronavirus",MeSH,38112266,1651
38904098,Endothelin-Converting Enzymes,MeSH,38904098,1312
38904098,"Receptor, Endothelin B",MeSH,38904098,1581
38904098,"Receptor, Endothelin A",MeSH,38904098,1580
39504245,"Spike Glycoprotein, Coronavirus",MeSH,39504245,1651
39504245,SARS-CoV-2,MeSH,39504245,1629
40163530,SARS-CoV-2,MeSH,40163530,1629
40163530,"Spike Glycoprotein, Coronavirus",MeSH,40163530,1651
40163530,Chlorocebus aethiops,MeSH,40163530,1241
38860401,Cause of Death,MeSH,38860401,1230
39222793,Severity of Illness Index,MeSH,39222793,1637
37389976,Cricetinae,MeSH,37389976,1263
37389976,SARS-CoV-2,MeSH,37389976,1629
37976264,Colonoscopy,MeSH,37976264,1257
38866556,Nuclear Pore,MeSH,38866556,1498
38866556,Drosophila melanogaster,MeSH,38866556,1299
38866556,Drosophila,MeSH,38866556,1298
38676894,Swine,MeSH,38676894,1663
39933702,Overweight,MeSH,39933702,1506
38329885,Green Light,MeSH,38329885,1354
39615789,Overweight,MeSH,39615789,1506
39615789,Insulin,MeSH,39615789,1402
40341143,"T-Lymphocytes, Regulatory",MeSH,40341143,1668
38377231,Computed Tomography Angiography,MeSH,38377231,1258
39178113,CD40 Antigens,MeSH,39178113,1212
39178113,T-Lymphocytes,MeSH,39178113,1666
37885206,Acute Kidney Injury,MeSH,37885206,1150
39032719,Caspase 6,MeSH,39032719,1225
38040602,Gastrointestinal Microbiome,MeSH,38040602,1334
38772787,Prostate-Specific Antigen,MeSH,38772787,1551
38772787,Kallikreins,MeSH,38772787,1418
38461964,Connectome,MeSH,38461964,1259
38155462,Emergence Delirium,MeSH,38155462,1307
39147127,Cyclin-Dependent Kinase 9,MeSH,39147127,1273
39147127,RNA Polymerase II,MeSH,39147127,1569
39367632,"Image Interpretation, Computer-Assisted",MeSH,39367632,1384
38676896,Swine,MeSH,38676896,1663
38200091,Lysosomes,MeSH,38200091,1442
38321095,Antipsychotic Agents,MeSH,38321095,1180
39128550,Follow-Up Studies,MeSH,39128550,1329
39128550,Genetic Risk Score,MeSH,39128550,1341
38522771,SARS-CoV-2,MeSH,38522771,1629
39968791,Residential Segregation,MeSH,39968791,1621
39968791,Survival Rate,MeSH,39968791,1661
39631398,Nucleosomes,MeSH,39631398,1499
39631398,Chromatin,MeSH,39631398,1242
39631398,Transcription Initiation Site,MeSH,39631398,1686
39631398,"Promoter Regions, Genetic",MeSH,39631398,1550
38844456,Hippocampus,MeSH,38844456,1373
39700288,Argonaute Proteins,MeSH,39700288,1185
39700288,Heme,MeSH,39700288,1370
38824227,Adiposity,MeSH,38824227,1156
38824227,Waist Circumference,MeSH,38824227,1702
38915184,Losartan,MeSH,38915184,1434
38915184,Catalytic Domain,MeSH,38915184,1227
38915184,Acyl Coenzyme A,MeSH,38915184,1151
38476237,Adalimumab,MeSH,38476237,1152
38476237,Infliximab,MeSH,38476237,1395
38968090,National Institute of Environmental Health Sciences (U.S.),MeSH,38968090,1486
40044684,HIV-1,MeSH,40044684,1361
40044684,CD4-Positive T-Lymphocytes,MeSH,40044684,1211
40044684,"Mice, SCID",MeSH,40044684,1466
40232306,Protein-Arginine N-Methyltransferases,MeSH,40232306,1558
38657041,Th17 Cells,MeSH,38657041,1677
40407102,"Databases, Genetic",MeSH,40407102,1285
39615574,Bisphenols,MeSH,39615574,1202
39615574,Bisphenol A Compounds,MeSH,39615574,1201
37349475,Rodentia,MeSH,37349475,1628
39256359,PDZ Domains,MeSH,39256359,1511
39180693,Cerebellum,MeSH,39180693,1233
40429725,"Carcinoma, Non-Small-Cell Lung",MeSH,40429725,1218
40429725,SEER Program,MeSH,40429725,1630
40429725,ErbB Receptors,MeSH,40429725,1319
38266980,Serotonin Plasma Membrane Transport Proteins,MeSH,38266980,1636
39904921,"Analgesics, Opioid",MeSH,39904921,1168
39657664,Small Cell Lung Carcinoma,MeSH,39657664,1642
39657664,CD8-Positive T-Lymphocytes,MeSH,39657664,1213
39818212,Microbiota,MeSH,39818212,1467
39818212,"Vaginosis, Bacterial",MeSH,39818212,1695
38640252,Immunoglobulin G,MeSH,38640252,1389
39757503,Severity of Illness Index,MeSH,39757503,1637
38145728,Telomere,MeSH,38145728,1674
39715853,HMGA2 Protein,MeSH,39715853,1362
39715853,"Chromosomes, Human, Pair 12",MeSH,39715853,1245
39865328,Basal Forebrain,MeSH,39865328,1195
39865328,Hippocampus,MeSH,39865328,1373
39127037,Nuclear Pore,MeSH,39127037,1498
39127037,Cell Nucleus,MeSH,39127037,1232
39127037,Toxoplasma,MeSH,39127037,1684
38211685,Introns,MeSH,38211685,1413
38211685,"Polycystic Kidney, Autosomal Recessive",MeSH,38211685,1534
38870008,Cell Nucleus,MeSH,38870008,1232
38870008,Drosophila melanogaster,MeSH,38870008,1299
40490510,Dyrk Kinases,MeSH,40490510,1302
40490510,Protein Serine-Threonine Kinases,MeSH,40490510,1556
40490510,Protein-Tyrosine Kinases,MeSH,40490510,1559
40490510,"Chromosomes, Human, Pair 21",MeSH,40490510,1249
39983670,Ubiquitination,MeSH,39983670,1691
39966171,Acute Kidney Injury,MeSH,39966171,1150
39966171,Severity of Illness Index,MeSH,39966171,1637
39966171,Hospital Mortality,MeSH,39966171,1378
39966171,Logistic Models,MeSH,39966171,1432
39910394,Small Cell Lung Carcinoma,MeSH,39910394,1642
39910394,Etoposide,MeSH,39910394,1322
38640195,Interleukin-1 Receptor-Like 1 Protein,MeSH,38640195,1406
38395697,SARS-CoV-2,MeSH,38395697,1629
37839688,"Renal Insufficiency, Chronic",MeSH,37839688,1620
37839688,Acute Kidney Injury,MeSH,37839688,1150
40116009,Severity of Illness Index,MeSH,40116009,1637
39004461,"Glomerulonephritis, Membranoproliferative",MeSH,39004461,1345
39004461,Glomerular Basement Membrane,MeSH,39004461,1343
38723778,Population Surveillance,MeSH,38723778,1539
39267052,SARS-CoV-2,MeSH,39267052,1629
39729684,"Analgesics, Opioid",MeSH,39729684,1168
38701776,Mitochondria,MeSH,38701776,1471
38701776,"Rats, Sprague-Dawley",MeSH,38701776,1575
38613783,Prefrontal Cortex,MeSH,38613783,1544
38821540,Spliceosomes,MeSH,38821540,1652
39489918,SARS-CoV-2,MeSH,39489918,1629
39489918,"Spike Glycoprotein, Coronavirus",MeSH,39489918,1651
39443795,CD8-Positive T-Lymphocytes,MeSH,39443795,1213
39443795,Mitochondria,MeSH,39443795,1471
39443795,Ovarian Neoplasms,MeSH,39443795,1505
39443795,"Receptors, Chimeric Antigen",MeSH,39443795,1596
38206362,Adenosine Triphosphate,MeSH,38206362,1155
40373236,Cardiometabolic Risk Factors,MeSH,40373236,1221
40050014,Cerebral Cortex,MeSH,40050014,1235
40050014,Diffusion Tensor Imaging,MeSH,40050014,1291
39056328,Heart Disease Risk Factors,MeSH,39056328,1367
39056328,Aspirin,MeSH,39056328,1188
39352226,Hippocampus,MeSH,39352226,1373
40368188,SARS-CoV-2,MeSH,40368188,1629
38669575,Nucleus Accumbens,MeSH,38669575,1500
38669575,Ras Homolog Enriched in Brain Protein,MeSH,38669575,1573
38277235,Nivolumab,MeSH,38277235,1497
38277235,"Carcinoma, Non-Small-Cell Lung",MeSH,38277235,1218
38277235,Ipilimumab,MeSH,38277235,1414
40420108,Acute Kidney Injury,MeSH,40420108,1150
38529284,HIV-1,MeSH,38529284,1361
38529284,CD4-Positive T-Lymphocytes,MeSH,38529284,1211
38529284,Adenosine Triphosphate,MeSH,38529284,1155
38688278,Genetic Risk Score,MeSH,38688278,1341
38640933,Prefrontal Cortex,MeSH,38640933,1544
38640933,Macaca mulatta,MeSH,38640933,1443
39301926,Harmine,MeSH,39301926,1364
38145985,"Enhancer Elements, Genetic",MeSH,38145985,1314
37742913,Bronchiolitis Obliterans Syndrome,MeSH,37742913,1207
37742913,Th2 Cells,MeSH,37742913,1678
39934102,Atlases as Topic,MeSH,39934102,1190
39934102,Biological Ontologies,MeSH,39934102,1199
39437132,"National Heart, Lung, and Blood Institute (U.S.)",MeSH,39437132,1484
39437132,SARS-CoV-2,MeSH,39437132,1629
39855202,Polycystic Kidney Diseases,MeSH,39855202,1532
39855202,TRPP Cation Channels,MeSH,39855202,1670
39855202,TOR Serine-Threonine Kinases,MeSH,39855202,1669
38842166,Vascular Endothelial Growth Factor Receptor-1,MeSH,38842166,1696
38842166,Proto-Oncogene Proteins c-akt,MeSH,38842166,1562
39067667,SARS-CoV-2,MeSH,39067667,1629
39067667,Chlorocebus aethiops,MeSH,39067667,1241
39067667,Adenosine Monophosphate,MeSH,39067667,1154
39067667,"Spike Glycoprotein, Coronavirus",MeSH,39067667,1651
40644558,Prefrontal Cortex,MeSH,40644558,1544
40221147,Follow-Up Studies,MeSH,40221147,1329
39358382,"Promoter Regions, Genetic",MeSH,39358382,1550
39663801,"Hearing Loss, Unilateral",MeSH,39663801,1366
38425134,Cerebral Amyloid Angiopathy,MeSH,38425134,1234
37668904,Zebrafish,MeSH,37668904,1709
40014375,"Databases, Factual",MeSH,40014375,1284
40014375,"Receptor, ErbB-2",MeSH,40014375,1582
38782342,Boston,MeSH,38782342,1204
38348782,National Institute on Aging (U.S.),MeSH,38348782,1487
38969303,Leukocyte Common Antigens,MeSH,38969303,1429
38969303,Platelet Glycoprotein GPIIb-IIIa Complex,MeSH,38969303,1527
39031851,Papillomavirus Infections,MeSH,39031851,1513
39031851,Anus Neoplasms,MeSH,39031851,1181
39345144,Henipavirus,MeSH,39345144,1372
39345144,"Promoter Regions, Genetic",MeSH,39345144,1550
39345144,RNA-Dependent RNA Polymerase,MeSH,39345144,1570
39345144,Nipah Virus,MeSH,39345144,1495
39345144,Hendra Virus,MeSH,39345144,1371
39042489,Helicobacter pylori,MeSH,39042489,1368
39042489,Gastroscopy,MeSH,39042489,1335
39042489,Follow-Up Studies,MeSH,39042489,1329
39578565,Positron Emission Tomography Computed Tomography,MeSH,39578565,1541
39638843,SARS-CoV-2,MeSH,39638843,1629
38111349,Overweight,MeSH,38111349,1506
38452919,"Kidney Failure, Chronic",MeSH,38452919,1421
38452919,"Glomerulosclerosis, Focal Segmental",MeSH,38452919,1347
38452919,"Glomerulonephritis, IGA",MeSH,38452919,1344
38452919,"Glomerulonephritis, Membranous",MeSH,38452919,1346
38452919,Fibrinolysin,MeSH,38452919,1325
38973267,Adrenergic beta-2 Receptor Agonists,MeSH,38973267,1158
38973267,Survival Rate,MeSH,38973267,1661
40588371,CTLA-4 Antigen,MeSH,40588371,1214
40588371,Programmed Cell Death 1 Receptor,MeSH,40588371,1549
40588371,Nivolumab,MeSH,40588371,1497
40588371,Ipilimumab,MeSH,40588371,1414
37967704,Vital Capacity,MeSH,37967704,1700
38168645,Actin Cytoskeleton,MeSH,38168645,1149
38141911,Body Weight,MeSH,38141911,1203
38965396,Small Cell Lung Carcinoma,MeSH,38965396,1642
39609651,Mitochondria,MeSH,39609651,1471
40220663,Polypharmacy,MeSH,40220663,1536
38246324,Microbiota,MeSH,38246324,1467
39054615,Gastrointestinal Microbiome,MeSH,39054615,1334
39054615,"T-Lymphocytes, Regulatory",MeSH,39054615,1668
39087502,gamma-Tocopherol,MeSH,39087502,1717
39087502,alpha-Tocopherol,MeSH,39087502,1711
40307550,"CA1 Region, Hippocampal",MeSH,40307550,1209
40307550,Dorsal Raphe Nucleus,MeSH,40307550,1296
40307550,"Receptors, Neurotensin",MeSH,40307550,1608
40307550,"Receptor, Serotonin, 5-HT1B",MeSH,40307550,1585
40307550,Midline Thalamic Nuclei,MeSH,40307550,1469
38896163,"Databases, Factual",MeSH,38896163,1284
38896163,Hippocampus,MeSH,38896163,1373
38711520,"Mice, Inbred BALB C",MeSH,38711520,1462
38711520,Sendai virus,MeSH,38711520,1635
38319712,Chromatin,MeSH,38319712,1242
37728489,Papillomavirus Infections,MeSH,37728489,1513
37728489,Anus Neoplasms,MeSH,37728489,1181
37975591,Infliximab,MeSH,37975591,1395
39925007,Prefrontal Cortex,MeSH,39925007,1544
38634503,Resistance Training,MeSH,38634503,1622
38634503,Cardiorespiratory Fitness,MeSH,38634503,1222
38634503,Endurance Training,MeSH,38634503,1313
38128386,Waist Circumference,MeSH,38128386,1702
38215742,Corticotropin-Releasing Hormone,MeSH,38215742,1261
38215742,Hypothalamo-Hypophyseal System,MeSH,38215742,1383
38215742,Paraventricular Hypothalamic Nucleus,MeSH,38215742,1516
38084892,Pituitary Gland,MeSH,38084892,1524
38084892,Gonadotrophs,MeSH,38084892,1352
38084892,Chromatin,MeSH,38084892,1242
39365860,Nucleus Accumbens,MeSH,39365860,1500
39365860,"Receptors, Dopamine D1",MeSH,39365860,1598
39365860,Chromatin,MeSH,39365860,1242
38395959,Discoidin Domain Receptor 1,MeSH,38395959,1292
38890400,Logistic Models,MeSH,38890400,1432
38890400,Cannabis,MeSH,38890400,1216
39543723,Swine,MeSH,39543723,1663
39532065,DNA Methyltransferase 3A,MeSH,39532065,1281
39532065,fms-Like Tyrosine Kinase 3,MeSH,39532065,1716
39532065,DNA (Cytosine-5-)-Methyltransferases,MeSH,39532065,1280
39709141,"Antibodies, Monoclonal, Humanized",MeSH,39709141,1176
39709141,Bevacizumab,MeSH,39709141,1197
39709141,Sorafenib,MeSH,39709141,1648
38837668,Oxysterols,MeSH,38837668,1509
38471061,fms-Like Tyrosine Kinase 3,MeSH,38471061,1716
39021250,Gaucher Disease,MeSH,39021250,1336
38376212,SARS-CoV-2,MeSH,38376212,1629
38965839,Positron Emission Tomography Computed Tomography,MeSH,38965839,1541
38965839,Amygdala,MeSH,38965839,1167
39558002,Electronic Health Records,MeSH,39558002,1306
38194271,B-Lymphocytes,MeSH,38194271,1193
38194271,"Receptors, Lysosphingolipid",MeSH,38194271,1605
38194271,Sphingosine-1-Phosphate Receptors,MeSH,38194271,1650
38194271,T-Lymphocytes,MeSH,38194271,1666
39738586,"Influenza A Virus, H1N1 Subtype",MeSH,39738586,1396
39738586,Ultraviolet Rays,MeSH,39738586,1692
39738586,SARS-CoV-2,MeSH,39738586,1629
39738586,Disinfection,MeSH,39738586,1294
39105261,Integrin alphaVbeta3,MeSH,39105261,1403
39604726,Gastrointestinal Microbiome,MeSH,39604726,1334
40358209,"Hemagglutinin Glycoproteins, Influenza Virus",MeSH,40358209,1369
40358209,"Influenza A Virus, H3N2 Subtype",MeSH,40358209,1398
40358209,"Influenza A Virus, H1N1 Subtype",MeSH,40358209,1396
40358209,Immunoglobulin A,MeSH,40358209,1385
37541974,Hydrogen Peroxide,MeSH,37541974,1381
39668570,"Analgesics, Opioid",MeSH,39668570,1168
39337329,"Promoter Regions, Genetic",MeSH,39337329,1550
39337329,"Enhancer Elements, Genetic",MeSH,39337329,1314
39576984,Smartphone,MeSH,39576984,1643
38230747,Janus Kinase 2,MeSH,38230747,1416
37772981,Survival Rate,MeSH,37772981,1661
38772365,Th17 Cells,MeSH,38772365,1677
38772365,Glucose Transporter Type 1,MeSH,38772365,1349
38866555,Chromatin,MeSH,38866555,1242
38866555,Cell Nucleus,MeSH,38866555,1232
38866555,Drosophila melanogaster,MeSH,38866555,1299
38866555,Drosophila,MeSH,38866555,1298
39608761,Large Language Models,MeSH,39608761,1425
39788967,"Antibodies, Monoclonal, Humanized",MeSH,39788967,1176
39788967,Disease-Free Survival,MeSH,39788967,1293
39788967,"Receptors, Antigen, T-Cell",MeSH,39788967,1591
39788967,Uterine Cervical Neoplasms,MeSH,39788967,1694
39253971,Measles virus,MeSH,39253971,1448
39253971,Measles,MeSH,39253971,1447
39253971,B-Lymphocytes,MeSH,39253971,1193
39253971,T-Lymphocytes,MeSH,39253971,1666
38782828,Rectal Neoplasms,MeSH,38782828,1618
38782828,Transanal Endoscopic Surgery,MeSH,38782828,1685
39642347,Vital Capacity,MeSH,39642347,1700
38855868,Mitochondria,MeSH,38855868,1471
38855868,Sodium-Glucose Transporter 2,MeSH,38855868,1645
38693412,"Databases, Factual",MeSH,38693412,1284
38693412,Endurance Training,MeSH,38693412,1313
38693412,Mitochondria,MeSH,38693412,1471
38693412,Ubiquitination,MeSH,38693412,1691
38984994,"Rats, Inbred F344",MeSH,38984994,1574
38984994,Endurance Training,MeSH,38984994,1313
39177280,Small Cell Lung Carcinoma,MeSH,39177280,1642
38861356,beta-Thalassemia,MeSH,38861356,1713
38861356,Mitoxantrone,MeSH,38861356,1474
38861356,alpha-Globins,MeSH,38861356,1710
38763337,Amino Acid Transport System ASC,MeSH,38763337,1165
38926343,STAT2 Transcription Factor,MeSH,38926343,1632
38295882,National Institute of Allergy and Infectious Diseases (U.S.),MeSH,38295882,1485
40522118,Randomized Controlled Trials as Topic,MeSH,40522118,1572
38369152,Phenol,MeSH,38369152,1521
38369152,Parabens,MeSH,38369152,1514
40133300,Nucleus Accumbens,MeSH,40133300,1500
40133300,"Rats, Sprague-Dawley",MeSH,40133300,1575
38521548,Follow-Up Studies,MeSH,38521548,1329
39404414,Smad2 Protein,MeSH,39404414,1641
39752608,Cyclophosphamide,MeSH,39752608,1276
39752608,Patient Reported Outcome Measures,MeSH,39752608,1518
39752608,Methotrexate,MeSH,39752608,1458
39394788,Follicle Stimulating Hormone,MeSH,39394788,1328
39394788,Testosterone,MeSH,39394788,1675
39365995,Chiroptera,MeSH,39365995,1240
39365995,Telomere,MeSH,39365995,1674
39580470,SARS-CoV-2,MeSH,39580470,1629
39580470,"Influenza A Virus, H1N1 Subtype",MeSH,39580470,1396
39580470,Angiotensin-Converting Enzyme 2,MeSH,39580470,1170
39235542,Health Education,MeSH,39235542,1365
39235542,SARS-CoV-2,MeSH,39235542,1629
39353439,SARS-CoV-2,MeSH,39353439,1629
39254646,"Carcinoma, Non-Small-Cell Lung",MeSH,39254646,1218
39254646,SEER Program,MeSH,39254646,1630
39746157,Albuminuria,MeSH,39746157,1162
39746157,Tirzepatide,MeSH,39746157,1679
39425738,"Antibodies, Monoclonal, Humanized",MeSH,39425738,1176
39425738,Randomized Controlled Trials as Topic,MeSH,39425738,1572
39425738,Severity of Illness Index,MeSH,39425738,1637
39423850,Electronic Health Records,MeSH,39423850,1306
39500417,SARS-CoV-2,MeSH,39500417,1629
39500417,Post-Acute COVID-19 Syndrome,MeSH,39500417,1543
38906208,Electronic Health Records,MeSH,38906208,1306
38906208,Genetic Risk Score,MeSH,38906208,1341
39349038,Polypharmacy,MeSH,39349038,1536
38054729,SARS-CoV-2,MeSH,38054729,1629
38054729,"Spike Glycoprotein, Coronavirus",MeSH,38054729,1651
37830443,Treatment Effect Heterogeneity,MeSH,37830443,1687
39855972,Chromatin,MeSH,39855972,1242
37805952,Papillomavirus Infections,MeSH,37805952,1513
37805952,Anus Neoplasms,MeSH,37805952,1181
40082611,Atlases as Topic,MeSH,40082611,1190
40311333,Immunoglobulin G,MeSH,40311333,1389
40311333,SARS-CoV-2,MeSH,40311333,1629
38815595,"Antibodies, Monoclonal, Humanized",MeSH,38815595,1176
38815595,SARS-CoV-2,MeSH,38815595,1629
38815595,Randomized Controlled Trials as Topic,MeSH,38815595,1572
38815595,Adaptive Clinical Trials as Topic,MeSH,38815595,1153
39388546,Chromatin,MeSH,39388546,1242
38953698,Cannabis,MeSH,38953698,1216
37962072,Acquired Immunodeficiency Syndrome,MeSH,37962072,1148
37962072,Nivolumab,MeSH,37962072,1497
37962072,CD4 Lymphocyte Count,MeSH,37962072,1210
40494620,"Receptors, N-Methyl-D-Aspartate",MeSH,40494620,1607
40494620,Periaqueductal Gray,MeSH,40494620,1519
40494620,"Rats, Sprague-Dawley",MeSH,40494620,1575
39009691,N-Acetylneuraminic Acid,MeSH,39009691,1482
39009691,"Influenza A Virus, H2N2 Subtype",MeSH,39009691,1397
39009691,Ducks,MeSH,39009691,1301
39009691,Swine,MeSH,39009691,1663
39009691,Chiroptera,MeSH,39009691,1240
39009691,Chickens,MeSH,39009691,1239
39447895,Boston,MeSH,39447895,1204
38518887,Positron-Emission Tomography,MeSH,38518887,1542
39103231,"Receptor, Cannabinoid, CB1",MeSH,39103231,1579
39103231,"Receptors, Opioid, delta",MeSH,39103231,1611
39103231,"Receptors, Opioid",MeSH,39103231,1610
40194317,Large Language Models,MeSH,40194317,1425
38141605,"Rats, Sprague-Dawley",MeSH,38141605,1575
38141605,Nucleus Accumbens,MeSH,38141605,1500
38284802,"Aphasia, Primary Progressive",MeSH,38284802,1183
38284802,Cerebral Cortex,MeSH,38284802,1235
38788065,Genetic Risk Score,MeSH,38788065,1341
39110275,Aromatase Inhibitors,MeSH,39110275,1187
39809980,Electronic Health Records,MeSH,39809980,1306
38657601,Osteogenesis,MeSH,38657601,1504
38443711,Podocytes,MeSH,38443711,1528
39187183,"Receptor, Serotonin, 5-HT1A",MeSH,39187183,1584
39187183,Prefrontal Cortex,MeSH,39187183,1544
39187183,Cerebral Cortex,MeSH,39187183,1235
39187183,"Promoter Regions, Genetic",MeSH,39187183,1550
38280376,"Antibodies, Monoclonal, Humanized",MeSH,38280376,1176
38280376,Gemcitabine,MeSH,38280376,1337
40198901,Stearoyl-CoA Desaturase,MeSH,40198901,1654
40198901,Proto-Oncogene Proteins c-akt,MeSH,40198901,1562
40198901,Amino Acid Transport System y+,MeSH,40198901,1166
40198901,Proto-Oncogene Proteins p21(ras),MeSH,40198901,1565
40198901,Protein Serine-Threonine Kinases,MeSH,40198901,1556
40198901,AMP-Activated Protein Kinase Kinases,MeSH,40198901,1147
40198901,"Mice, Nude",MeSH,40198901,1465
37971328,"Databases, Genetic",MeSH,37971328,1285
39559932,Positron-Emission Tomography,MeSH,39559932,1542
38134422,Microbiota,MeSH,38134422,1467
38431550,Randomized Controlled Trials as Topic,MeSH,38431550,1572
39481380,Ovarian Neoplasms,MeSH,39481380,1505
39481380,Programmed Cell Death 1 Receptor,MeSH,39481380,1549
40117765,Severity of Illness Index,MeSH,40117765,1637
38731852,"Carcinoma, Non-Small-Cell Lung",MeSH,38731852,1218
38731852,Mitogen-Activated Protein Kinase Kinases,MeSH,38731852,1473
38731852,raf Kinases,MeSH,38731852,1718
40558527,Immunoglobulin Isotypes,MeSH,40558527,1391
40558527,Immunoglobulin E,MeSH,40558527,1387
38781356,Neocortex,MeSH,38781356,1489
39772994,Cystic Fibrosis Transmembrane Conductance Regulator,MeSH,39772994,1277
39904821,Patient Reported Outcome Measures,MeSH,39904821,1518
38772686,"Immunotherapy, Adoptive",MeSH,38772686,1393
38772686,"Receptors, Chimeric Antigen",MeSH,38772686,1596
38772686,T-Lymphocytes,MeSH,38772686,1666
40548379,National Institutes of Health (U.S.),MeSH,40548379,1488
37977487,Mass Screening,MeSH,37977487,1445
40202531,Ubiquitination,MeSH,40202531,1691
39019389,Nucleus Accumbens,MeSH,39019389,1500
39019389,"Rats, Sprague-Dawley",MeSH,39019389,1575
39019389,Jumonji Domain-Containing Histone Demethylases,MeSH,39019389,1417
39019389,"Rats, Transgenic",MeSH,39019389,1576
39019389,"Receptors, Dopamine D2",MeSH,39019389,1599
39019389,"Receptors, Dopamine D1",MeSH,39019389,1598
37838079,Toll-Like Receptor 4,MeSH,37838079,1680
37919548,Proto-Oncogene Proteins B-raf,MeSH,37919548,1561
40481857,Prefrontal Cortex,MeSH,40481857,1544
38843332,"Analgesics, Opioid",MeSH,38843332,1168
38843332,Connectome,MeSH,38843332,1259
38843332,Oxycodone,MeSH,38843332,1508
38843332,Parabrachial Nucleus,MeSH,38843332,1515
38843332,Prefrontal Cortex,MeSH,38843332,1544
38843332,"Receptors, Opioid, mu",MeSH,38843332,1612
38847806,"Killer Cells, Natural",MeSH,38847806,1422
38847806,CD8-Positive T-Lymphocytes,MeSH,38847806,1213
38847806,CD4-Positive T-Lymphocytes,MeSH,38847806,1211
38095106,Electronic Health Records,MeSH,38095106,1306
39666007,Gastrointestinal Microbiome,MeSH,39666007,1334
39046952,"Databases, Protein",MeSH,39046952,1286
39819808,Mitochondria,MeSH,39819808,1471
38775155,National Institutes of Health (U.S.),MeSH,38775155,1488
39992227,Ribonuclease III,MeSH,39992227,1625
39992227,Wilms Tumor,MeSH,39992227,1707
39992227,Pineal Gland,MeSH,39992227,1523
39992227,DEAD-box RNA Helicases,MeSH,39992227,1278
40483399,Equivalence Trials as Topic,MeSH,40483399,1318
40483399,Intention to Treat Analysis,MeSH,40483399,1404
38602846,Histone-Lysine N-Methyltransferase,MeSH,38602846,1377
40545618,"Databases, Genetic",MeSH,40545618,1285
40545618,National Institute on Aging (U.S.),MeSH,40545618,1487
38195580,Suprachiasmatic Nucleus,MeSH,38195580,1659
38844755,Argonaute Proteins,MeSH,38844755,1185
38844755,Protein Domains,MeSH,38844755,1553
39103320,Guanosine Diphosphate,MeSH,39103320,1355
39103320,Guanosine Triphosphate,MeSH,39103320,1356
39103320,"Receptors, Dopamine D2",MeSH,39103320,1599
39103320,"GTP-Binding Protein alpha Subunits, Gi-Go",MeSH,39103320,1332
39265426,Telomere,MeSH,39265426,1674
38103991,"Influenza A Virus, H1N1 Subtype",MeSH,38103991,1396
39447570,Single-Domain Antibodies,MeSH,39447570,1639
39447570,SARS-CoV-2,MeSH,39447570,1629
39447570,"Spike Glycoprotein, Coronavirus",MeSH,39447570,1651
39447570,Immunoglobulin M,MeSH,39447570,1392
39924174,"Lymphoma, Large B-Cell, Diffuse",MeSH,39924174,1439
39924174,"Receptors, Antigen, T-Cell",MeSH,39924174,1591
39924174,"Immunotherapy, Adoptive",MeSH,39924174,1393
38913688,Cerebral Cortex,MeSH,38913688,1235
38913688,Macaca mulatta,MeSH,38913688,1443
38913688,Chickens,MeSH,38913688,1239
38981438,"Protein Tyrosine Phosphatase, Non-Receptor Type 11",MeSH,38981438,1557
38981438,Glioblastoma,MeSH,38981438,1342
39384042,Cell Nucleus,MeSH,39384042,1232
38359819,Proteogenomics,MeSH,38359819,1560
37348803,Leukocyte Count,MeSH,37348803,1430
38917323,eIF-2 Kinase,MeSH,38917323,1714
38917323,Chlorocebus aethiops,MeSH,38917323,1241
38940740,Macaca mulatta,MeSH,38940740,1443
39448602,Sumoylation,MeSH,39448602,1657
39448602,Caspase 2,MeSH,39448602,1223
39448602,Ataxia Telangiectasia Mutated Proteins,MeSH,39448602,1189
38478604,Myosins,MeSH,38478604,1481
38478604,Sarcomeres,MeSH,38478604,1634
37917117,Amygdala,MeSH,37917117,1167
37917117,"Receptors, Metabotropic Glutamate",MeSH,37917117,1606
38597304,Large Neutral Amino Acid-Transporter 1,MeSH,38597304,1426
38845201,Prostate-Specific Antigen,MeSH,38845201,1551
37967363,Spliceosomes,MeSH,37967363,1652
37967363,Poly (ADP-Ribose) Polymerase-1,MeSH,37967363,1529
38377990,Ketamine,MeSH,38377990,1420
38247039,"Polycystic Kidney, Autosomal Dominant",MeSH,38247039,1533
38247039,TRPP Cation Channels,MeSH,38247039,1670
38247039,Polycystic Kidney Diseases,MeSH,38247039,1532
39264625,Widowhood,MeSH,39264625,1706
39316766,Telomere,MeSH,39316766,1674
39316766,Shelterin Complex,MeSH,39316766,1638
39316766,Telomerase,MeSH,39316766,1673
39191393,Sirtuin 3,MeSH,39191393,1640
39191393,"Lymphoma, Large B-Cell, Diffuse",MeSH,39191393,1439
39191393,Mitochondria,MeSH,39191393,1471
38134722,SARS-CoV-2,MeSH,38134722,1629
39905966,DNA (Cytosine-5-)-Methyltransferase 1,MeSH,39905966,1279
38287344,"Chromosomes, Human, Y",MeSH,38287344,1251
38287344,"Renal Insufficiency, Chronic",MeSH,38287344,1620
40250441,RNA Polymerase II,MeSH,40250441,1569
40250441,Cyclin-Dependent Kinase 9,MeSH,40250441,1273
38326622,Matrix Metalloproteinase 8,MeSH,38326622,1446
38326622,Nucleus Accumbens,MeSH,38326622,1500
39704174,Acute Kidney Injury,MeSH,39704174,1150
39704174,"Renal Insufficiency, Chronic",MeSH,39704174,1620
40436855,"Receptors, Antigen, B-Cell",MeSH,40436855,1590
40436855,Syk Kinase,MeSH,40436855,1664
40436855,Filamins,MeSH,40436855,1326
40436855,Actin Cytoskeleton,MeSH,40436855,1149
38773772,Dorsolateral Prefrontal Cortex,MeSH,38773772,1297
38773772,Prefrontal Cortex,MeSH,38773772,1544
38991790,Macaca mulatta,MeSH,38991790,1443
38991790,Frontal Lobe,MeSH,38991790,1330
38991790,Prefrontal Cortex,MeSH,38991790,1544
40506501,Nucleus Accumbens,MeSH,40506501,1500
40506501,"Receptors, Dopamine D2",MeSH,40506501,1599
40506501,"Receptors, Dopamine D1",MeSH,40506501,1598
39662702,G Protein-Coupled Inwardly-Rectifying Potassium Channels,MeSH,39662702,1331
40246882,Macrophage Colony-Stimulating Factor,MeSH,40246882,1444
38504979,"T-Lymphocytes, Regulatory",MeSH,38504979,1668
38504979,SARS-CoV-2,MeSH,38504979,1629
39294497,Genetic Risk Score,MeSH,39294497,1341
39378840,Mitochondria,MeSH,39378840,1471
39425930,Hippocampus,MeSH,39425930,1373
39425930,Somatostatin,MeSH,39425930,1647
39827879,Genetic Counseling,MeSH,39827879,1340
38637154,"Cyclic Nucleotide Phosphodiesterases, Type 1",MeSH,38637154,1269
38637154,Nucleus Accumbens,MeSH,38637154,1500
38959894,Nucleus Accumbens,MeSH,38959894,1500
38959894,Polycomb Repressive Complex 2,MeSH,38959894,1531
40133794,"Databases, Genetic",MeSH,40133794,1285
39548323,"Receptors, FSH",MeSH,39548323,1600
39548323,Hippocampus,MeSH,39548323,1373
39548323,Follicle Stimulating Hormone,MeSH,39548323,1328
38720070,Chromatin,MeSH,38720070,1242
38720070,Janus Kinase 2,MeSH,38720070,1416
40504864,SARS-CoV-2,MeSH,40504864,1629
37980882,Interleukin-8,MeSH,37980882,1410
40356023,Levodopa,MeSH,40356023,1431
40356023,Carbidopa,MeSH,40356023,1217
38720072,5-Methoxytryptamine,MeSH,38720072,1143
38720072,Anti-Anxiety Agents,MeSH,38720072,1171
38720072,Methoxydimethyltryptamines,MeSH,38720072,1459
38720072,"Receptor, Serotonin, 5-HT1A",MeSH,38720072,1584
38720072,"Receptor, Serotonin, 5-HT2A",MeSH,38720072,1586
40480991,Prefrontal Cortex,MeSH,40480991,1544
38507374,"Databases, Factual",MeSH,38507374,1284
39418122,Follow-Up Studies,MeSH,39418122,1329
39418122,Severity of Illness Index,MeSH,39418122,1637
39116219,Proto-Oncogene Proteins c-kit,MeSH,39116219,1563
38490347,"Spondylitis, Ankylosing",MeSH,38490347,1653
38490347,Logistic Models,MeSH,38490347,1432
38416036,"Influenza A Virus, H1N1 Subtype",MeSH,38416036,1396
38416036,SARS-CoV-2,MeSH,38416036,1629
40593436,Antipsychotic Agents,MeSH,40593436,1180
40593436,Antimanic Agents,MeSH,40593436,1179
40610428,Histone-Lysine N-Methyltransferase,MeSH,40610428,1377
40610428,"Chromosomes, Human, Pair 15",MeSH,40610428,1246
40610428,Chromatin,MeSH,40610428,1242
40610428,snRNP Core Proteins,MeSH,40610428,1720
39670843,Positron-Emission Tomography,MeSH,39670843,1542
40055946,"Chromosomes, Human, Pair 17",MeSH,40055946,1247
38141874,Chromatin,MeSH,38141874,1242
38141874,Nucleosomes,MeSH,38141874,1499
38141874,Lysine Acetyltransferase 5,MeSH,38141874,1441
38141874,Tudor Domain,MeSH,38141874,1689
40040295,Muscle Development,MeSH,40040295,1479
39835789,"Receptor, ErbB-2",MeSH,39835789,1582
40646161,Rituximab,MeSH,40646161,1627
40646161,"Lymphoma, AIDS-Related",MeSH,40646161,1438
40646161,"Lymphoma, Large B-Cell, Diffuse",MeSH,40646161,1439
38697122,"Rats, Sprague-Dawley",MeSH,38697122,1575
38832789,Broadly Neutralizing Antibodies,MeSH,38832789,1206
39019006,"Inositol 1,4,5-Trisphosphate Receptors",MeSH,39019006,1400
39019006,Mitochondria,MeSH,39019006,1471
38579684,"Codon, Nonsense",MeSH,38579684,1256
38579684,TRPP Cation Channels,MeSH,38579684,1670
38579684,Polycystic Kidney Diseases,MeSH,38579684,1532
38964318,Basolateral Nuclear Complex,MeSH,38964318,1196
38964318,Frontal Lobe,MeSH,38964318,1330
38964318,Connectome,MeSH,38964318,1259
38964318,Macaca mulatta,MeSH,38964318,1443
40333992,T-Lymphocytes,MeSH,40333992,1666
38341135,Albuminuria,MeSH,38341135,1162
38341135,Adiposity,MeSH,38341135,1156
38547357,Gabapentin,MeSH,38547357,1333
38547357,Pregabalin,MeSH,38547357,1545
38547357,Polypharmacy,MeSH,38547357,1536
37517704,Nucleus Accumbens,MeSH,37517704,1500
40123552,Interleukin-1 Receptor-Like 1 Protein,MeSH,40123552,1406
40123552,Severity of Illness Index,MeSH,40123552,1637
38198537,Substantia Nigra,MeSH,38198537,1656
38609316,"Antibodies, Monoclonal, Humanized",MeSH,38609316,1176
38512380,Patient Reported Outcome Measures,MeSH,38512380,1518
40233938,Microbiota,MeSH,40233938,1467
40233938,Polychlorinated Biphenyls,MeSH,40233938,1530
38408933,Overweight,MeSH,38408933,1506
38408933,Polycystic Ovary Syndrome,MeSH,38408933,1535
38243325,Substantia Nigra,MeSH,38243325,1656
39565872,RNA Polymerase II,MeSH,39565872,1569
39565872,Cyclin-Dependent Kinase-Activating Kinase,MeSH,39565872,1274
39565872,Cyclin-Dependent Kinases,MeSH,39565872,1275
38185918,Randomized Controlled Trials as Topic,MeSH,38185918,1572
38554545,"Analgesics, Opioid",MeSH,38554545,1168
38554545,Gabapentin,MeSH,38554545,1333
38459027,"Receptors, Antigen, T-Cell",MeSH,38459027,1591
38781370,Dorsolateral Prefrontal Cortex,MeSH,38781370,1297
39427763,Acute Kidney Injury,MeSH,39427763,1150
39427763,"Receptor, Anaphylatoxin C5a",MeSH,39427763,1578
39427763,Aristolochic Acids,MeSH,39427763,1186
39427763,Mitochondria,MeSH,39427763,1471
39700136,Mumps virus,MeSH,39700136,1478
39700136,Mumps,MeSH,39700136,1477
39232162,Interleukin-3,MeSH,39232162,1409
39232162,Intraepithelial Lymphocytes,MeSH,39232162,1412
39232162,Janus Kinase 2,MeSH,39232162,1416
39232162,"Receptors, Antigen, T-Cell, gamma-delta",MeSH,39232162,1592
38935072,B-Lymphocytes,MeSH,38935072,1193
38935072,"Hemagglutinin Glycoproteins, Influenza Virus",MeSH,38935072,1369
38381324,SARS-CoV-2,MeSH,38381324,1629
38898112,Mechanistic Target of Rapamycin Complex 1,MeSH,38898112,1449
38898112,Zebrafish,MeSH,38898112,1709
39427320,Hippocampus,MeSH,39427320,1373
39427320,Amygdala,MeSH,39427320,1167
39427320,Basolateral Nuclear Complex,MeSH,39427320,1196
39427320,"Rats, Sprague-Dawley",MeSH,39427320,1575
38141909,Ventral Striatum,MeSH,38141909,1697
40417545,Biological Ontologies,MeSH,40417545,1199
40417545,Acute Kidney Injury,MeSH,40417545,1150
40417545,"Renal Insufficiency, Chronic",MeSH,40417545,1620
39342237,Birth Weight,MeSH,39342237,1200
38648082,Kinesins,MeSH,38648082,1423
38648082,Taxoids,MeSH,38648082,1672
39530592,Prefrontal Cortex,MeSH,39530592,1544
40323260,Hippocampus,MeSH,40323260,1373
38198521,Cricetinae,MeSH,38198521,1263
38198521,SARS-CoV-2,MeSH,38198521,1629
38198521,BNT162 Vaccine,MeSH,38198521,1194
38198521,Mesocricetus,MeSH,38198521,1456
39494910,Sendai virus,MeSH,39494910,1635
39494910,"Receptors, CCR5",MeSH,39494910,1594
39494910,HIV-1,MeSH,39494910,1361
39625409,Exosomes,MeSH,39625409,1323
38221536,Gene Ontology,MeSH,38221536,1338
38221536,"Databases, Factual",MeSH,38221536,1284
39648751,Logistic Models,MeSH,39648751,1432
38941059,Polypharmacy,MeSH,38941059,1536
38354782,Ubiquitination,MeSH,38354782,1691
39875385,Microsatellite Repeats,MeSH,39875385,1468
39875385,DNA Repeat Expansion,MeSH,39875385,1282
40203750,Electronic Health Records,MeSH,40203750,1306
40037553,SARS-CoV-2,MeSH,40037553,1629
39380992,HIV-1,MeSH,39380992,1361
39380992,HIV Antibodies,MeSH,39380992,1358
39380992,HIV Envelope Protein gp120,MeSH,39380992,1359
39380992,HIV Envelope Protein gp160,MeSH,39380992,1360
39380992,"Mice, Inbred BALB C",MeSH,39380992,1462
37777848,Neurofibrillary Tangles,MeSH,37777848,1492
37777848,Hippocampus,MeSH,37777848,1373
39054313,Electronic Health Records,MeSH,39054313,1306
39054313,Genetic Risk Score,MeSH,39054313,1341
39630912,Ovarian Neoplasms,MeSH,39630912,1505
38429282,Swine,MeSH,38429282,1663
38031730,Podocytes,MeSH,38031730,1528
38621633,"Polycystic Kidney, Autosomal Dominant",MeSH,38621633,1533
38135180,Drosophila,MeSH,38135180,1298
38135180,Histone Acetyltransferases,MeSH,38135180,1374
38135180,Nucleosomes,MeSH,38135180,1499
38135180,Tudor Domain,MeSH,38135180,1689
38432086,Randomized Controlled Trials as Topic,MeSH,38432086,1572
39889907,HIV-1,MeSH,39889907,1361
39889907,HIV Antibodies,MeSH,39889907,1358
39889907,Anti-HIV Agents,MeSH,39889907,1172
39889907,"env Gene Products, Human Immunodeficiency Virus",MeSH,39889907,1715
39889907,Immunoglobulin G,MeSH,39889907,1389
37615890,Chromatin,MeSH,37615890,1242
39395421,"Receptors, CCR1",MeSH,39395421,1593
39395421,"Receptors, CCR5",MeSH,39395421,1594
38934093,Brentuximab Vedotin,MeSH,38934093,1205
38934093,Nivolumab,MeSH,38934093,1497
38934093,Ipilimumab,MeSH,38934093,1414
40592888,Biological Ontologies,MeSH,40592888,1199
40592888,Atlases as Topic,MeSH,40592888,1190
39247957,Severity of Illness Index,MeSH,39247957,1637
39247957,"Tomography, Emission-Computed, Single-Photon",MeSH,39247957,1682
39247957,Computed Tomography Angiography,MeSH,39247957,1258
39779849,Protein Glutamine gamma Glutamyltransferase 2,MeSH,39779849,1554
39779849,Histone-Lysine N-Methyltransferase,MeSH,39779849,1377
39779849,Chromatin,MeSH,39779849,1242
38916482,Severity of Illness Index,MeSH,38916482,1637
38916482,Chalcones,MeSH,38916482,1236
38672425,Erythropoietin,MeSH,38672425,1321
40308216,Clustered Regularly Interspaced Short Palindromic Repeats,MeSH,40308216,1255
38437642,Mass Screening,MeSH,38437642,1445
40589943,Cell Nucleus,MeSH,40589943,1232
40589943,Flow Cytometry,MeSH,40589943,1327
40589943,Pan troglodytes,MeSH,40589943,1512
40589943,Primates,MeSH,40589943,1547
38448581,CD8-Positive T-Lymphocytes,MeSH,38448581,1213
38448581,"T-Lymphocytes, Regulatory",MeSH,38448581,1668
38448581,T Follicular Helper Cells,MeSH,38448581,1665
38448581,B-Lymphocytes,MeSH,38448581,1193
38448581,Lymphocytic choriomeningitis virus,MeSH,38448581,1437
38419122,Caspases,MeSH,38419122,1226
38888238,Heme,MeSH,38888238,1370
39854479,B-Lymphocytes,MeSH,39854479,1193
39854479,"Hemagglutinin Glycoproteins, Influenza Virus",MeSH,39854479,1369
39854479,"Influenza A Virus, H5N1 Subtype",MeSH,39854479,1399
39854479,"Influenza A Virus, H1N1 Subtype",MeSH,39854479,1396
39885369,Cyclin-Dependent Kinase 4,MeSH,39885369,1270
39885369,Cyclin-Dependent Kinase 6,MeSH,39885369,1271
39969536,Bilirubin,MeSH,39969536,1198
39969536,Reticulocyte Count,MeSH,39969536,1624
38042369,Chromatin,MeSH,38042369,1242
38042369,"Genes, myc",MeSH,38042369,1339
39417691,Neurofibrillary Tangles,MeSH,39417691,1492
39539035,Anus Neoplasms,MeSH,39539035,1181
39539035,Papillomavirus Infections,MeSH,39539035,1513
39539035,Mass Screening,MeSH,39539035,1445
39506104,Protease La,MeSH,39506104,1552
39506104,Clustered Regularly Interspaced Short Palindromic Repeats,MeSH,39506104,1255
39962241,Chromatin,MeSH,39962241,1242
39962241,"Enhancer Elements, Genetic",MeSH,39962241,1314
39378335,Cerebellum,MeSH,39378335,1233
39378335,Trinucleotide Repeat Expansion,MeSH,39378335,1688
40544343,Birth Weight,MeSH,40544343,1200
39367276,SARS-CoV-2,MeSH,39367276,1629
38819218,Jumonji Domain-Containing Histone Demethylases,MeSH,38819218,1417
38976626,DEAD-box RNA Helicases,MeSH,38976626,1278
39621511,Cathepsin D,MeSH,39621511,1228
39621511,Neurofibrillary Tangles,MeSH,39621511,1492
40346726,"Databases, Factual",MeSH,40346726,1284
38741190,Leucine-Rich Repeat Serine-Threonine Protein Kinase-2,MeSH,38741190,1428
39986430,Adiposity,MeSH,39986430,1156
39986430,Waist Circumference,MeSH,39986430,1702
38705568,"Receptors, Dopamine D1",MeSH,38705568,1598
38705568,Dopamine,MeSH,38705568,1295
38705568,"Receptors, Oxytocin",MeSH,38705568,1613
38705568,Nucleus Accumbens,MeSH,38705568,1500
38973768,Follow-Up Studies,MeSH,38973768,1329
38973768,"Kidney Failure, Chronic",MeSH,38973768,1421
38780681,"Databases, Factual",MeSH,38780681,1284
38780681,"Dementia, Vascular",MeSH,38780681,1289
39892305,Follicle Stimulating Hormone,MeSH,39892305,1328
39578476,"Promoter Regions, Genetic",MeSH,39578476,1550
39578476,Chromatin,MeSH,39578476,1242
39578476,"Enhancer Elements, Genetic",MeSH,39578476,1314
39578476,Atlases as Topic,MeSH,39578476,1190
39402051,Dorsolateral Prefrontal Cortex,MeSH,39402051,1297
39402051,Prefrontal Cortex,MeSH,39402051,1544
38112467,SARS-CoV-2,MeSH,38112467,1629
38112467,"Spike Glycoprotein, Coronavirus",MeSH,38112467,1651
38504387,"Lymphoma, Large B-Cell, Diffuse",MeSH,38504387,1439
38504387,Pathologic Complete Response,MeSH,38504387,1517
38504387,"Immunotherapy, Adoptive",MeSH,38504387,1393
38533509,Small Cell Lung Carcinoma,MeSH,38533509,1642
38533509,"Carcinoma, Non-Small-Cell Lung",MeSH,38533509,1218
38533509,Etoposide,MeSH,38533509,1322
39939764,Amygdala,MeSH,39939764,1167
40235211,Sodium-Hydrogen Exchangers,MeSH,40235211,1646
40235211,Sodium-Bicarbonate Symporters,MeSH,40235211,1644
39647686,Birth Weight,MeSH,39647686,1200
39647686,Hot Temperature,MeSH,39647686,1379
38953250,Memory T Cells,MeSH,38953250,1455
38953250,"Immunoglobulin A, Secretory",MeSH,38953250,1386
38946206,Mitochondria,MeSH,38946206,1471
38946206,Erythroblasts,MeSH,38946206,1320
37594625,"Anti-Inflammatory Agents, Non-Steroidal",MeSH,37594625,1173
38753456,Positron-Emission Tomography,MeSH,38753456,1542
38753456,Prefrontal Cortex,MeSH,38753456,1544
38753456,Amygdala,MeSH,38753456,1167
39878593,DEAD-box RNA Helicases,MeSH,39878593,1278
39878593,Cerebral Cortex,MeSH,39878593,1235
40250593,Chicago,MeSH,40250593,1238
38888723,Mass Screening,MeSH,38888723,1445
39799755,UK Biobank,MeSH,39799755,1690
39122950,"Databases, Protein",MeSH,39122950,1286
39324415,Mitochondria,MeSH,39324415,1471
38123642,Genetic Risk Score,MeSH,38123642,1341
37557898,beta-Defensins,MeSH,37557898,1712
37557898,Microbiota,MeSH,37557898,1467
38522364,SARS-CoV-2,MeSH,38522364,1629
38522364,Birth Weight,MeSH,38522364,1200
39133553,"Lymphoma, T-Cell, Cutaneous",MeSH,39133553,1440
39133553,"Receptors, Antigen, T-Cell, gamma-delta",MeSH,39133553,1592
39133553,CD4-Positive T-Lymphocytes,MeSH,39133553,1211
39133553,CD8-Positive T-Lymphocytes,MeSH,39133553,1213
39133553,Mycosis Fungoides,MeSH,39133553,1480
38506841,Medicare Part C,MeSH,38506841,1451
38781390,Cerebral Cortex,MeSH,38781390,1235
38781390,Chromatin,MeSH,38781390,1242
38781390,"Enhancer Elements, Genetic",MeSH,38781390,1314
38781390,"Promoter Regions, Genetic",MeSH,38781390,1550
38781390,"Regulatory Elements, Transcriptional",MeSH,38781390,1619
39599911,HIV-1,MeSH,39599911,1361
39599911,Mitochondria,MeSH,39599911,1471
39236155,DNA Methyltransferase 3A,MeSH,39236155,1281
39236155,Interleukin-1alpha,MeSH,39236155,1407
39236155,Interleukin-1beta,MeSH,39236155,1408
40447571,Mitochondria,MeSH,40447571,1471
40447571,Ribosomes,MeSH,40447571,1626
37694774,Stearoyl-CoA Desaturase,MeSH,37694774,1654
39095048,SARS-CoV-2,MeSH,39095048,1629
40392085,"Tomography, X-Ray Computed",MeSH,40392085,1683
38262614,Weight Loss,MeSH,38262614,1703
38635762,"Immunotherapy, Adoptive",MeSH,38635762,1393
38635762,"Lymphoma, Large B-Cell, Diffuse",MeSH,38635762,1439
40198127,Mitochondria,MeSH,40198127,1471
40198127,Acute Kidney Injury,MeSH,40198127,1150
39730457,"Mice, Inbred DBA",MeSH,39730457,1463
39381946,Interleukin-1beta,MeSH,39381946,1408
37657635,"Glomerulonephritis, IGA",MeSH,37657635,1344
37657635,"Glomerulonephritis, Membranous",MeSH,37657635,1346
37657635,"Glomerulosclerosis, Focal Segmental",MeSH,37657635,1347
37657635,"Nephrosis, Lipoid",MeSH,37657635,1490
39675178,Large Language Models,MeSH,39675178,1425
38837335,Anus Neoplasms,MeSH,38837335,1181
38837335,SEER Program,MeSH,38837335,1630
38837335,Cost of Illness,MeSH,38837335,1262
38793575,HIV-1,MeSH,38793575,1361
39167766,fms-Like Tyrosine Kinase 3,MeSH,39167766,1716
38885804,Drosophila melanogaster,MeSH,38885804,1299
38885804,Drosophila,MeSH,38885804,1298
38796700,Histone-Lysine N-Methyltransferase,MeSH,38796700,1377
38816950,ADP-Ribosylation Factors,MeSH,38816950,1145
38816950,Hydroxycholesterols,MeSH,38816950,1382
38816950,Steroid Hydroxylases,MeSH,38816950,1655
39358346,SARS-CoV-2,MeSH,39358346,1629
39742871,Acute Kidney Injury,MeSH,39742871,1150
39868756,"Rats, Sprague-Dawley",MeSH,39868756,1575
39331709,Ataxia Telangiectasia Mutated Proteins,MeSH,39331709,1189
39331709,Small Cell Lung Carcinoma,MeSH,39331709,1642
40216768,"Killer Cells, Natural",MeSH,40216768,1422
39516256,"Tomography, X-Ray Computed",MeSH,39516256,1683
37933143,Text Messaging,MeSH,37933143,1676
38117250,Protein Serine-Threonine Kinases,MeSH,38117250,1556
38570632,Mineralocorticoid Receptor Antagonists,MeSH,38570632,1470
40252649,Chromatin,MeSH,40252649,1242
39147201,Follow-Up Studies,MeSH,39147201,1329
39147201,"Kidney Failure, Chronic",MeSH,39147201,1421
40270399,Electronic Health Records,MeSH,40270399,1306
40270399,Medical Record Linkage,MeSH,40270399,1450
38238355,Polypodiaceae,MeSH,38238355,1537
38238355,Polypodium,MeSH,38238355,1538
38323785,"Tomography, X-Ray Computed",MeSH,38323785,1683
38177508,Microbiota,MeSH,38177508,1467
39744833,Electronic Health Records,MeSH,39744833,1306
40262615,Ventral Tegmental Area,MeSH,40262615,1698
40262615,Interpeduncular Nucleus,MeSH,40262615,1411
40262615,"Receptors, Nicotinic",MeSH,40262615,1609
40262615,Nicotinic Agonists,MeSH,40262615,1494
39693067,Diffusion Tensor Imaging,MeSH,39693067,1291
39693067,Frontal Lobe,MeSH,39693067,1330
39097586,Cyclin-Dependent Kinases,MeSH,39097586,1275
39097586,Cyclin-Dependent Kinase-Activating Kinase,MeSH,39097586,1274
39097586,RNA Polymerase II,MeSH,39097586,1569
39097586,Protein Domains,MeSH,39097586,1553
39937896,Immunoglobulin G,MeSH,39937896,1389
39937896,Immunoglobulin A,MeSH,39937896,1385
39937896,Gastrointestinal Microbiome,MeSH,39937896,1334
39937896,Programmed Cell Death 1 Receptor,MeSH,39937896,1549
39937896,B-Lymphocytes,MeSH,39937896,1193
39937896,"Antibodies, Bacterial",MeSH,39937896,1174
39951022,Xenopus laevis,MeSH,39951022,1708
38811170,Glioblastoma,MeSH,38811170,1342
38548227,Interleukin-1 Receptor-Like 1 Protein,MeSH,38548227,1406
38703764,Proteogenomics,MeSH,38703764,1560
38703764,"Carcinoma, Renal Cell",MeSH,38703764,1219
40044670,Histone-Lysine N-Methyltransferase,MeSH,40044670,1377
40044670,Nucleosomes,MeSH,40044670,1499
40044670,Protein Domains,MeSH,40044670,1553
40010771,Endometrial Neoplasms,MeSH,40010771,1309
40010771,Nivolumab,MeSH,40010771,1497
38730421,Acute Kidney Injury,MeSH,38730421,1150
38730421,Hospital Mortality,MeSH,38730421,1378
40473611,Protein Domains,MeSH,40473611,1553
38057662,"Carcinoma, Non-Small-Cell Lung",MeSH,38057662,1218
38057662,CD8-Positive T-Lymphocytes,MeSH,38057662,1213
38057662,"Lymphocytes, Tumor-Infiltrating",MeSH,38057662,1436
38057662,Programmed Cell Death 1 Receptor,MeSH,38057662,1549
40062614,Ovarian Neoplasms,MeSH,40062614,1505
39080486,Immunoglobulin G,MeSH,39080486,1389
39080486,"Antibodies, Fungal",MeSH,39080486,1175
39080486,Immunoglobulin Fc Fragments,MeSH,39080486,1388
38134921,"Receptors, Dopamine D1",MeSH,38134921,1598
38134921,Nucleus Accumbens,MeSH,38134921,1500
39921982,"Mice, Inbred BALB C",MeSH,39921982,1462
39921982,SARS-CoV-2,MeSH,39921982,1629
39921982,BNT162 Vaccine,MeSH,39921982,1194
38353367,Cerebral Amyloid Angiopathy,MeSH,38353367,1234
39488529,SARS-CoV-2,MeSH,39488529,1629
39137883,Granzymes,MeSH,39137883,1353
39137883,Salmonella typhimurium,MeSH,39137883,1633
39137883,Intraepithelial Lymphocytes,MeSH,39137883,1412
39814010,Glycogen Synthase Kinase 3 beta,MeSH,39814010,1351
39378878,"Receptor, Transforming Growth Factor-beta Type II",MeSH,39378878,1587
39378878,"Receptors, Transforming Growth Factor beta",MeSH,39378878,1615
37962879,Genetic Risk Score,MeSH,37962879,1341
37962879,"Renal Insufficiency, Chronic",MeSH,37962879,1620
40274765,Rana catesbeiana,MeSH,40274765,1571
40274765,Voltage-Gated Sodium Channels,MeSH,40274765,1701
38095275,"Tomography, X-Ray Computed",MeSH,38095275,1683
38889725,"Hemagglutinin Glycoproteins, Influenza Virus",MeSH,38889725,1369
38889725,Ducks,MeSH,38889725,1301
38889725,N-Acetylneuraminic Acid,MeSH,38889725,1482
38507240,Nuclear Pore,MeSH,38507240,1498
38507240,SARS-CoV-2,MeSH,38507240,1629
37022610,Sus scrofa,MeSH,37022610,1662
38374346,Genetic Risk Score,MeSH,38374346,1341
38945743,"Tomography, X-Ray Computed",MeSH,38945743,1683
40343485,Gastrointestinal Microbiome,MeSH,40343485,1334
40374608,DEAD-box RNA Helicases,MeSH,40374608,1278
40374608,Cell Nucleolus,MeSH,40374608,1231
38648902,Protein Serine-Threonine Kinases,MeSH,38648902,1556
38648902,Unfolded Protein Response,MeSH,38648902,1693
38648902,SARS-CoV-2,MeSH,38648902,1629
38648902,Mesocricetus,MeSH,38648902,1456
40180571,Macaca mulatta,MeSH,40180571,1443
40180571,Hippocampus,MeSH,40180571,1373
40180571,Amygdala,MeSH,40180571,1167
39293441,Macaca mulatta,MeSH,39293441,1443
39293441,Frontal Lobe,MeSH,39293441,1330
39293441,Prefrontal Cortex,MeSH,39293441,1544
38626009,Nucleus Accumbens,MeSH,38626009,1500
38626009,Chromatin,MeSH,38626009,1242
39560425,CD8-Positive T-Lymphocytes,MeSH,39560425,1213
40186057,"Enhancer Elements, Genetic",MeSH,40186057,1314
40186057,Positive Transcriptional Elongation Factor B,MeSH,40186057,1540
40186057,Cyclin-Dependent Kinase 9,MeSH,40186057,1273
38776911,"Killer Cells, Natural",MeSH,38776911,1422
39837324,TOR Serine-Threonine Kinases,MeSH,39837324,1669
39058595,"Cyclic Nucleotide Phosphodiesterases, Type 1",MeSH,39058595,1269
39058595,Corpus Striatum,MeSH,39058595,1260
39058595,Cyclic GMP,MeSH,39058595,1268
40117343,Intraepithelial Lymphocytes,MeSH,40117343,1412
40117343,"Receptors, Antigen, T-Cell, gamma-delta",MeSH,40117343,1592
38168118,Antipsychotic Agents,MeSH,38168118,1180
38520489,Pick Disease of the Brain,MeSH,38520489,1522
38289826,Respiratory Syncytial Virus Infections,MeSH,38289826,1623
38230954,SARS-CoV-2,MeSH,38230954,1629
38230954,Angiotensin-Converting Enzyme 2,MeSH,38230954,1170
38230954,Deer,MeSH,38230954,1288
39459844,Cannabis,MeSH,39459844,1216
38216374,"Databases, Factual",MeSH,38216374,1284
38871332,Persea,MeSH,38871332,1520
39716936,Histone Acetyltransferases,MeSH,39716936,1374
38697478,"Glomerulosclerosis, Focal Segmental",MeSH,38697478,1347
38697478,Podocytes,MeSH,38697478,1528
38640019,"Renal Insufficiency, Chronic",MeSH,38640019,1620
38285963,Gaucher Disease,MeSH,38285963,1336
37948759,SARS-CoV-2,MeSH,37948759,1629
38969076,Colonoscopy,MeSH,38969076,1257
38969076,Gastrointestinal Microbiome,MeSH,38969076,1334
39003573,B-Lymphocyte Subsets,MeSH,39003573,1192
39003573,Immunoglobulin E,MeSH,39003573,1387
39003573,Severity of Illness Index,MeSH,39003573,1637
39003573,Flow Cytometry,MeSH,39003573,1327
38852158,Hippocampus,MeSH,38852158,1373
38852158,Dentate Gyrus,MeSH,38852158,1290
38781369,Chromatin,MeSH,38781369,1242
38781369,Prefrontal Cortex,MeSH,38781369,1544
39303682,SARS-CoV-2,MeSH,39303682,1629
39617804,Swine,MeSH,39617804,1663
38056610,Polychlorinated Biphenyls,MeSH,38056610,1530
38056610,Halogenated Diphenyl Ethers,MeSH,38056610,1363
39138494,Los Angeles,MeSH,39138494,1433
39138494,8-Hydroxy-2'-Deoxyguanosine,MeSH,39138494,1144
39515317,Interleukin-1beta,MeSH,39515317,1408
38643247,"Databases, Factual",MeSH,38643247,1284
39505858,Prostate-Specific Antigen,MeSH,39505858,1551
39505858,Kallikreins,MeSH,39505858,1418
39505858,"Chromosomes, Human, Pair 19",MeSH,39505858,1248
39692283,Leucine-Rich Repeat Serine-Threonine Protein Kinase-2,MeSH,39692283,1428
38864154,Ketamine,MeSH,38864154,1420
38514622,Mobiluncus,MeSH,38514622,1475
38570905,"Renal Insufficiency, Chronic",MeSH,38570905,1620
38768348,SARS-CoV-2,MeSH,38768348,1629
38768348,Cell Nucleus,MeSH,38768348,1232
38768348,Chlorocebus aethiops,MeSH,38768348,1241
38457313,Swine,MeSH,38457313,1663
38759779,Adiposity,MeSH,38759779,1156
38838223,Interferon-gamma,MeSH,38838223,1405
38838223,SARS-CoV-2,MeSH,38838223,1629
39743591,T-Lymphocytes,MeSH,39743591,1666
39743591,STAT1 Transcription Factor,MeSH,39743591,1631
39743591,B-Lymphocytes,MeSH,39743591,1193
40328756,Histone-Lysine N-Methyltransferase,MeSH,40328756,1377
40328756,Hippocampus,MeSH,40328756,1373
40328756,Neurofibrillary Tangles,MeSH,40328756,1492
39389123,Immunoglobulin E,MeSH,39389123,1387
39389123,T Follicular Helper Cells,MeSH,39389123,1665
40065072,TOR Serine-Threonine Kinases,MeSH,40065072,1669
40401624,Hot Temperature,MeSH,40401624,1379
38630441,Anus Neoplasms,MeSH,38630441,1181
38630441,Papillomavirus Infections,MeSH,38630441,1513
38705774,"Renal Insufficiency, Chronic",MeSH,38705774,1620
38705774,Mineralocorticoid Receptor Antagonists,MeSH,38705774,1470
38168662,Randomized Controlled Trials as Topic,MeSH,38168662,1572
37951322,Positron Emission Tomography Computed Tomography,MeSH,37951322,1541
37951322,"Tomography, X-Ray Computed",MeSH,37951322,1683
38454761,"Tomography, X-Ray Computed",MeSH,38454761,1683
39615218,T-Lymphocytes,MeSH,39615218,1666
39036987,"Antibodies, Monoclonal, Humanized",MeSH,39036987,1176
39036987,Memory B Cells,MeSH,39036987,1454
39036987,SARS-CoV-2,MeSH,39036987,1629
39036987,"Spike Glycoprotein, Coronavirus",MeSH,39036987,1651
40358510,"Renal Insufficiency, Chronic",MeSH,40358510,1620
40358510,Acute Kidney Injury,MeSH,40358510,1150
39369762,Nucleus Accumbens,MeSH,39369762,1500
39089348,Immunoglobulin A,MeSH,39089348,1385
38631773,"Tomography, X-Ray Computed",MeSH,38631773,1683
38631773,Positron-Emission Tomography,MeSH,38631773,1542
38748723,"Codon, Nonsense",MeSH,38748723,1256
40393809,Chromatin,MeSH,40393809,1242
38666756,Datasets as Topic,MeSH,38666756,1287
39394362,Severity of Illness Index,MeSH,39394362,1637
39509704,Ovarian Neoplasms,MeSH,39509704,1505
38563820,Janus Kinase 1,MeSH,38563820,1415
39292771,Frontal Lobe,MeSH,39292771,1330
38501390,Proto-Oncogene Proteins B-raf,MeSH,38501390,1561
38373106,Protocadherins,MeSH,38373106,1566
39010139,Ventromedial Hypothalamic Nucleus,MeSH,39010139,1699
39308203,Cardiometabolic Risk Factors,MeSH,39308203,1221
39167997,"Chromosomes, Human, X",MeSH,39167997,1250
38834239,"Receptor, Fibroblast Growth Factor, Type 1",MeSH,38834239,1583
38863233,"Antidepressive Agents, Second-Generation",MeSH,38863233,1177
38426726,Hendra Virus,MeSH,38426726,1371
38426726,Henipavirus,MeSH,38426726,1372
38426726,Nipah Virus,MeSH,38426726,1495
39930085,Prostate-Specific Antigen,MeSH,39930085,1551
39630236,Mitochondria,MeSH,39630236,1471
39828505,DEAD-box RNA Helicases,MeSH,39828505,1278
38153852,Epithelial Sodium Channels,MeSH,38153852,1317
40237455,B-Lymphocytes,MeSH,40237455,1193
39478230,ras Proteins,MeSH,39478230,1719
39232165,Interleukin-1beta,MeSH,39232165,1408
39085390,"Melanoma, Experimental",MeSH,39085390,1453
38354780,Cullin Proteins,MeSH,38354780,1266
38354780,Suramin,MeSH,38354780,1660
38354780,Ubiquitination,MeSH,38354780,1691
40378209,SARS-CoV-2,MeSH,40378209,1629
39737785,Chronic Traumatic Encephalopathy,MeSH,39737785,1252
39737785,Neurofibrillary Tangles,MeSH,39737785,1492
39737785,Hippocampus,MeSH,39737785,1373
36781160,SARS-CoV-2,MeSH,36781160,1629
40038251,SARS-CoV-2,MeSH,40038251,1629
40038251,"Spike Glycoprotein, Coronavirus",MeSH,40038251,1651
40038251,T-Lymphocytes,MeSH,40038251,1666
39096452,Adrenocorticotropic Hormone,MeSH,39096452,1160
38461101,Oximetry,MeSH,38461101,1507
38971398,Chromatin,MeSH,38971398,1242
38284341,Psilocybin,MeSH,38284341,1568
38351270,Ketamine,MeSH,38351270,1420
38351270,Prefrontal Cortex,MeSH,38351270,1544
39680037,"Inositol 1,4,5-Trisphosphate Receptors",MeSH,39680037,1400
38064570,Insulin,MeSH,38064570,1402
38705650,Microbiota,MeSH,38705650,1467
38705650,Gastrointestinal Microbiome,MeSH,38705650,1334
38705650,Lactobacillus,MeSH,38705650,1424
38408083,Medicare Part C,MeSH,38408083,1451
39018014,"Aphasia, Primary Progressive",MeSH,39018014,1183
39572132,Severity of Illness Index,MeSH,39572132,1637
37610594,Gyrus Cinguli,MeSH,37610594,1357
39698805,Electronic Health Records,MeSH,39698805,1306
39680452,"Mitochondria, Heart",MeSH,39680452,1472
39680452,"Rats, Sprague-Dawley",MeSH,39680452,1575
39680452,Sodium-Glucose Transporter 2,MeSH,39680452,1645
39320087,Methicillin-Resistant Staphylococcus aureus,MeSH,39320087,1457
38332016,Prefrontal Cortex,MeSH,38332016,1544
38332016,"Analgesics, Opioid",MeSH,38332016,1168
38394643,Aldehyde Reductase,MeSH,38394643,1163
38295690,Enhancer of Zeste Homolog 2 Protein,MeSH,38295690,1315
Daniela Sia,Amaia Lujambio,Coauthors,875,842
Amaia Lujambio,Daniela Sia,Coauthors,842,875
Daniela Sia,Josep M Llovet,Coauthors,875,840
Josep M Llovet,Daniela Sia,Coauthors,840,875
Amaia Lujambio,Josep M Llovet,Coauthors,842,840
Josep M Llovet,Amaia Lujambio,Coauthors,840,842
Florian Krammer,Fred R Hirsch,Coauthors,907,813
Fred R Hirsch,Florian Krammer,Coauthors,813,907
Elena Colicino,Susan L Teitelbaum,Coauthors,1098,1119
Susan L Teitelbaum,Elena Colicino,Coauthors,1119,1098
Elena Colicino,Maayan Yitshak Sade,Coauthors,1098,1124
Maayan Yitshak Sade,Elena Colicino,Coauthors,1124,1098
Susan L Teitelbaum,Maayan Yitshak Sade,Coauthors,1119,1124
Maayan Yitshak Sade,Susan L Teitelbaum,Coauthors,1124,1119
Miriam Merad,Sacha Gnjatic,Coauthors,850,804
Sacha Gnjatic,Miriam Merad,Coauthors,804,850
Miriam Merad,Nina Bhardwaj,Coauthors,850,768
Nina Bhardwaj,Miriam Merad,Coauthors,768,850
Miriam Merad,Robert M Samstein,Coauthors,850,870
Robert M Samstein,Miriam Merad,Coauthors,870,850
Sacha Gnjatic,Nina Bhardwaj,Coauthors,804,768
Nina Bhardwaj,Sacha Gnjatic,Coauthors,768,804
Sacha Gnjatic,Robert M Samstein,Coauthors,804,870
Robert M Samstein,Sacha Gnjatic,Coauthors,870,804
Nina Bhardwaj,Robert M Samstein,Coauthors,768,870
Robert M Samstein,Nina Bhardwaj,Coauthors,870,768
Lauren Petrick,Robert O Wright,Coauthors,1110,1123
Robert O Wright,Lauren Petrick,Coauthors,1123,1110
Lauren Petrick,Rosalind J Wright,Coauthors,1110,1016
Rosalind J Wright,Lauren Petrick,Coauthors,1016,1110
Robert O Wright,Rosalind J Wright,Coauthors,1123,1016
Rosalind J Wright,Robert O Wright,Coauthors,1016,1123
Schahram Akbarian,Paul J Kenny,Coauthors,1044,960
Paul J Kenny,Schahram Akbarian,Coauthors,960,1044
Schahram Akbarian,David J Volsky,Coauthors,1044,892
David J Volsky,Schahram Akbarian,Coauthors,892,1044
Paul J Kenny,David J Volsky,Coauthors,960,892
David J Volsky,Paul J Kenny,Coauthors,892,960
Eric J Nestler,Yizhou Dong,Coauthors,964,724
Yizhou Dong,Eric J Nestler,Coauthors,724,964
Anna-Sophie Rommel,Veerle Bergink,Coauthors,1081,1046
Veerle Bergink,Anna-Sophie Rommel,Coauthors,1046,1081
Kyung Lee,John Cijiang He,Coauthors,836,810
John Cijiang He,Kyung Lee,Coauthors,810,836
Gita A Pathak,Lea K Davis,Coauthors,741,1099
Lea K Davis,Gita A Pathak,Coauthors,1099,741
Thalia K Robakis,Veerle Bergink,Coauthors,1080,1046
Veerle Bergink,Thalia K Robakis,Coauthors,1046,1080
Thalia K Robakis,Behrang Mahjani,Coauthors,1080,1070
Behrang Mahjani,Thalia K Robakis,Coauthors,1070,1080
Veerle Bergink,Behrang Mahjani,Coauthors,1046,1070
Behrang Mahjani,Veerle Bergink,Coauthors,1070,1046
Niamh Mullins,Abraham Reichenberg,Coauthors,1072,1078
Abraham Reichenberg,Niamh Mullins,Coauthors,1078,1072
Amir Horowitz,Robert M Samstein,Coauthors,1139,870
Robert M Samstein,Amir Horowitz,Coauthors,870,1139
Amir Horowitz,Nina Bhardwaj,Coauthors,1139,768
Nina Bhardwaj,Amir Horowitz,Coauthors,768,1139
Amir Horowitz,Sacha Gnjatic,Coauthors,1139,804
Sacha Gnjatic,Amir Horowitz,Coauthors,804,1139
Amir Horowitz,John Sfakianos,Coauthors,1139,1141
John Sfakianos,Amir Horowitz,Coauthors,1141,1139
Robert M Samstein,John Sfakianos,Coauthors,870,1141
John Sfakianos,Robert M Samstein,Coauthors,1141,870
Nina Bhardwaj,John Sfakianos,Coauthors,768,1141
John Sfakianos,Nina Bhardwaj,Coauthors,1141,768
Sacha Gnjatic,John Sfakianos,Coauthors,804,1141
John Sfakianos,Sacha Gnjatic,Coauthors,1141,804
Nelly Alia-Klein,Rita Z Goldstein,Coauthors,1045,1060
Rita Z Goldstein,Nelly Alia-Klein,Coauthors,1060,1045
Nan Yang,Zhenyu Yue,Coauthors,982,930
Zhenyu Yue,Nan Yang,Coauthors,930,982
Benjamin K Chen,Catarina E Hioe,Coauthors,778,812
Catarina E Hioe,Benjamin K Chen,Coauthors,812,778
Wenyan Jiang,Gang Fang,Coauthors,734,726
Gang Fang,Wenyan Jiang,Coauthors,726,734
Judy H Cho,Ron Do,Coauthors,1002,723
Ron Do,Judy H Cho,Coauthors,723,1002
Ignacio Saez,Alexander W Charney,Coauthors,987,983
Alexander W Charney,Ignacio Saez,Coauthors,983,987
Yasmin L Hurd,Alexander W Charney,Coauthors,957,983
Alexander W Charney,Yasmin L Hurd,Coauthors,983,957
Tony Yuen,Mone Zaidi,Coauthors,1034,1035
Mone Zaidi,Tony Yuen,Coauthors,1035,1034
Chung Yin Kong,Juan P Wisnivesky,Coauthors,829,896
Juan P Wisnivesky,Chung Yin Kong,Coauthors,896,829
Joan Shang,Benjamin K Chen,Coauthors,874,778
Benjamin K Chen,Joan Shang,Coauthors,778,874
Joan Shang,Sacha Gnjatic,Coauthors,874,804
Sacha Gnjatic,Joan Shang,Coauthors,804,874
Joan Shang,Saurabh Mehandru,Coauthors,874,848
Saurabh Mehandru,Joan Shang,Coauthors,848,874
Benjamin K Chen,Sacha Gnjatic,Coauthors,778,804
Sacha Gnjatic,Benjamin K Chen,Coauthors,804,778
Benjamin K Chen,Saurabh Mehandru,Coauthors,778,848
Saurabh Mehandru,Benjamin K Chen,Coauthors,848,778
Sacha Gnjatic,Saurabh Mehandru,Coauthors,804,848
Saurabh Mehandru,Sacha Gnjatic,Coauthors,848,804
Joseph D Buxbaum,Nan Yang,Coauthors,1050,982
Nan Yang,Joseph D Buxbaum,Coauthors,982,1050
Susan L Teitelbaum,Robert O Wright,Coauthors,1119,1123
Robert O Wright,Susan L Teitelbaum,Coauthors,1123,1119
Marta Filizola,Gang Fang,Coauthors,1021,726
Gang Fang,Marta Filizola,Coauthors,726,1021
Marta Filizola,Aneel K Aggarwal,Coauthors,1021,1017
Aneel K Aggarwal,Marta Filizola,Coauthors,1017,1021
Gang Fang,Aneel K Aggarwal,Coauthors,726,1017
Aneel K Aggarwal,Gang Fang,Coauthors,1017,726
Miguel Fribourg,Nicholas Chun,Coauthors,794,781
Nicholas Chun,Miguel Fribourg,Coauthors,781,794
Miguel Fribourg,Paolo Cravedi,Coauthors,794,783
Paolo Cravedi,Miguel Fribourg,Coauthors,783,794
Miguel Fribourg,Amir Horowitz,Coauthors,794,1139
Amir Horowitz,Miguel Fribourg,Coauthors,1139,794
Nicholas Chun,Paolo Cravedi,Coauthors,781,783
Paolo Cravedi,Nicholas Chun,Coauthors,783,781
Nicholas Chun,Amir Horowitz,Coauthors,781,1139
Amir Horowitz,Nicholas Chun,Coauthors,1139,781
Paolo Cravedi,Amir Horowitz,Coauthors,783,1139
Amir Horowitz,Paolo Cravedi,Coauthors,1139,783
Ankit Sakhuja,Alexander W Charney,Coauthors,869,983
Alexander W Charney,Ankit Sakhuja,Coauthors,983,869
Ankit Sakhuja,Monica Kraft,Coauthors,869,832
Monica Kraft,Ankit Sakhuja,Coauthors,832,869
Alexander W Charney,Monica Kraft,Coauthors,983,832
Monica Kraft,Alexander W Charney,Coauthors,832,983
Elena Colicino,Alison G Lee,Coauthors,1098,835
Alison G Lee,Elena Colicino,Coauthors,835,1098
Davide Folloni,Ki Sueng Choi,Coauthors,949,1127
Ki Sueng Choi,Davide Folloni,Coauthors,1127,949
Dirk Homann,Sacha Gnjatic,Coauthors,816,804
Sacha Gnjatic,Dirk Homann,Coauthors,804,816
Thomas J Fuchs,Zahi A Fayad,Coauthors,797,1129
Zahi A Fayad,Thomas J Fuchs,Coauthors,1129,797
Emily Bernstein,Elvin Wagenblast,Coauthors,766,893
Elvin Wagenblast,Emily Bernstein,Coauthors,893,766
Brian D Brown,Elvin Wagenblast,Coauthors,721,893
Elvin Wagenblast,Brian D Brown,Coauthors,893,721
Brian D Brown,Nina Bhardwaj,Coauthors,721,768
Nina Bhardwaj,Brian D Brown,Coauthors,768,721
Brian D Brown,Miriam Merad,Coauthors,721,850
Miriam Merad,Brian D Brown,Coauthors,850,721
Elvin Wagenblast,Nina Bhardwaj,Coauthors,893,768
Nina Bhardwaj,Elvin Wagenblast,Coauthors,768,893
Elvin Wagenblast,Miriam Merad,Coauthors,893,850
Miriam Merad,Elvin Wagenblast,Coauthors,850,893
Paolo Cravedi,Kirk N Campbell,Coauthors,783,776
Kirk N Campbell,Paolo Cravedi,Coauthors,776,783
Megan K Horton,Robert O Wright,Coauthors,1104,1123
Robert O Wright,Megan K Horton,Coauthors,1123,1104
Megan K Horton,Manish Arora,Coauthors,1104,1092
Manish Arora,Megan K Horton,Coauthors,1092,1104
Robert O Wright,Manish Arora,Coauthors,1123,1092
Manish Arora,Robert O Wright,Coauthors,1092,1123
Abraham Reichenberg,Magdalena Janecka,Coauthors,1078,1065
Magdalena Janecka,Abraham Reichenberg,Coauthors,1065,1078
Joy Jiang,Ankit Sakhuja,Coauthors,820,869
Ankit Sakhuja,Joy Jiang,Coauthors,869,820
Joy Jiang,John Cijiang He,Coauthors,820,810
John Cijiang He,Joy Jiang,Coauthors,810,820
Joy Jiang,Lili Chan,Coauthors,820,777
Lili Chan,Joy Jiang,Coauthors,777,820
Joy Jiang,Sacha Gnjatic,Coauthors,820,804
Sacha Gnjatic,Joy Jiang,Coauthors,804,820
Joy Jiang,Alexander W Charney,Coauthors,820,983
Alexander W Charney,Joy Jiang,Coauthors,983,820
Ankit Sakhuja,John Cijiang He,Coauthors,869,810
John Cijiang He,Ankit Sakhuja,Coauthors,810,869
Ankit Sakhuja,Lili Chan,Coauthors,869,777
Lili Chan,Ankit Sakhuja,Coauthors,777,869
Ankit Sakhuja,Sacha Gnjatic,Coauthors,869,804
Sacha Gnjatic,Ankit Sakhuja,Coauthors,804,869
John Cijiang He,Lili Chan,Coauthors,810,777
Lili Chan,John Cijiang He,Coauthors,777,810
John Cijiang He,Sacha Gnjatic,Coauthors,810,804
Sacha Gnjatic,John Cijiang He,Coauthors,804,810
John Cijiang He,Alexander W Charney,Coauthors,810,983
Alexander W Charney,John Cijiang He,Coauthors,983,810
Lili Chan,Sacha Gnjatic,Coauthors,777,804
Sacha Gnjatic,Lili Chan,Coauthors,804,777
Lili Chan,Alexander W Charney,Coauthors,777,983
Alexander W Charney,Lili Chan,Coauthors,983,777
Sacha Gnjatic,Alexander W Charney,Coauthors,804,983
Alexander W Charney,Sacha Gnjatic,Coauthors,983,804
Won-Min Song,Kuan-Lin Huang,Coauthors,748,733
Kuan-Lin Huang,Won-Min Song,Coauthors,733,748
Ron Do,Kuan-Lin Huang,Coauthors,723,733
Kuan-Lin Huang,Ron Do,Coauthors,733,723
Marta Filizola,Daniel Wacker,Coauthors,1021,1030
Daniel Wacker,Marta Filizola,Coauthors,1030,1021
Francesca Garretti,Alison M Goate,Coauthors,729,730
Alison M Goate,Francesca Garretti,Coauthors,730,729
Chrystian Junqueira Alves,Paul A Slesinger,Coauthors,959,976
Paul A Slesinger,Chrystian Junqueira Alves,Coauthors,976,959
Jeffrey R Johnson,Dmitriy Zamarin,Coauthors,906,899
Dmitriy Zamarin,Jeffrey R Johnson,Coauthors,899,906
Julie B Schnur,Minal S Kale,Coauthors,1115,822
Minal S Kale,Julie B Schnur,Coauthors,822,1115
Kristen Whitney,Towfique Raj,Coauthors,1007,967
Towfique Raj,Kristen Whitney,Coauthors,967,1007
Ivan Soler,Tristan Shuman,Coauthors,977,975
Tristan Shuman,Ivan Soler,Coauthors,975,977
Jamie Redes,Scott H Sicherer,Coauthors,867,1014
Scott H Sicherer,Jamie Redes,Coauthors,1014,867
Julie B Schnur,Guy H Montgomery,Coauthors,1115,1107
Guy H Montgomery,Julie B Schnur,Coauthors,1107,1115
Julie B Schnur,Karyn A Goodman,Coauthors,1115,1130
Karyn A Goodman,Julie B Schnur,Coauthors,1130,1115
Guy H Montgomery,Karyn A Goodman,Coauthors,1107,1130
Karyn A Goodman,Guy H Montgomery,Coauthors,1130,1107
Manasi Agrawal,Inga Peter,Coauthors,758,743
Inga Peter,Manasi Agrawal,Coauthors,743,758
Donald K Scott,Andrew F Stewart,Coauthors,871,883
Andrew F Stewart,Donald K Scott,Coauthors,883,871
Elena Colicino,Robert O Wright,Coauthors,1098,1123
Robert O Wright,Elena Colicino,Coauthors,1123,1098
Elena Colicino,Rosalind J Wright,Coauthors,1098,1016
Rosalind J Wright,Elena Colicino,Coauthors,1016,1098
Joseph D Buxbaum,Abraham Reichenberg,Coauthors,1050,1078
Abraham Reichenberg,Joseph D Buxbaum,Coauthors,1078,1050
Joseph D Buxbaum,Sven Sandin,Coauthors,1050,1082
Sven Sandin,Joseph D Buxbaum,Coauthors,1082,1050
Joseph D Buxbaum,Magdalena Janecka,Coauthors,1050,1065
Magdalena Janecka,Joseph D Buxbaum,Coauthors,1065,1050
Abraham Reichenberg,Sven Sandin,Coauthors,1078,1082
Sven Sandin,Abraham Reichenberg,Coauthors,1082,1078
Sven Sandin,Magdalena Janecka,Coauthors,1082,1065
Magdalena Janecka,Sven Sandin,Coauthors,1065,1082
Miriam Merad,Marta Luksza,Coauthors,850,843
Marta Luksza,Miriam Merad,Coauthors,843,850
Marta Luksza,Nina Bhardwaj,Coauthors,843,768
Nina Bhardwaj,Marta Luksza,Coauthors,768,843
Florian Krammer,Michael Schotsaert,Coauthors,907,913
Michael Schotsaert,Florian Krammer,Coauthors,913,907
Scott L Friedman,Shuang Wang,Coauthors,795,895
Shuang Wang,Scott L Friedman,Coauthors,895,795
Joseph D Buxbaum,Carolina Cappi,Coauthors,1050,1051
Carolina Cappi,Joseph D Buxbaum,Coauthors,1051,1050
Joseph D Buxbaum,Dorothy E Grice,Coauthors,1050,1061
Dorothy E Grice,Joseph D Buxbaum,Coauthors,1061,1050
Carolina Cappi,Dorothy E Grice,Coauthors,1051,1061
Dorothy E Grice,Carolina Cappi,Coauthors,1061,1051
Bin Zhang,Alexander W Charney,Coauthors,756,983
Alexander W Charney,Bin Zhang,Coauthors,983,756
Bin Zhang,Michael S Breen,Coauthors,756,1049
Michael S Breen,Bin Zhang,Coauthors,1049,756
Alexander W Charney,Michael S Breen,Coauthors,983,1049
Michael S Breen,Alexander W Charney,Coauthors,1049,983
Vaishnavi Kundel,Neomi A Shah,Coauthors,833,873
Neomi A Shah,Vaishnavi Kundel,Coauthors,873,833
Yi Shi,Jian Jin,Coauthors,1028,1023
Jian Jin,Yi Shi,Coauthors,1023,1028
Elena Colicino,Christine Austin,Coauthors,1098,1094
Christine Austin,Elena Colicino,Coauthors,1094,1098
Elena Colicino,Manish Arora,Coauthors,1098,1092
Manish Arora,Elena Colicino,Coauthors,1092,1098
Christine Austin,Manish Arora,Coauthors,1094,1092
Manish Arora,Christine Austin,Coauthors,1092,1094
Christine Austin,Robert O Wright,Coauthors,1094,1123
Robert O Wright,Christine Austin,Coauthors,1123,1094
Elza Rechtman,Abraham Reichenberg,Coauthors,1112,1078
Abraham Reichenberg,Elza Rechtman,Coauthors,1078,1112
Elza Rechtman,Robert O Wright,Coauthors,1112,1123
Robert O Wright,Elza Rechtman,Coauthors,1123,1112
Elza Rechtman,Megan K Horton,Coauthors,1112,1104
Megan K Horton,Elza Rechtman,Coauthors,1104,1112
Abraham Reichenberg,Robert O Wright,Coauthors,1078,1123
Robert O Wright,Abraham Reichenberg,Coauthors,1123,1078
Abraham Reichenberg,Megan K Horton,Coauthors,1078,1104
Megan K Horton,Abraham Reichenberg,Coauthors,1104,1078
Ira Hofer,Lili Chan,Coauthors,703,777
Lili Chan,Ira Hofer,Coauthors,777,703
Ira Hofer,Alexander W Charney,Coauthors,703,983
Alexander W Charney,Ira Hofer,Coauthors,983,703
Ira Hofer,Monica Kraft,Coauthors,703,832
Monica Kraft,Ira Hofer,Coauthors,832,703
Ira Hofer,Ankit Sakhuja,Coauthors,703,869
Ankit Sakhuja,Ira Hofer,Coauthors,869,703
Lili Chan,Monica Kraft,Coauthors,777,832
Monica Kraft,Lili Chan,Coauthors,832,777
Pamela Del Valle,George W Huntley,Coauthors,947,956
George W Huntley,Pamela Del Valle,Coauthors,956,947
Stephen R Salton,Bin Zhang,Coauthors,972,756
Bin Zhang,Stephen R Salton,Coauthors,756,972
Kyung Lee,Scott L Friedman,Coauthors,836,795
Scott L Friedman,Kyung Lee,Coauthors,795,836
Scott L Friedman,John Cijiang He,Coauthors,795,810
John Cijiang He,Scott L Friedman,Coauthors,810,795
Michael S Breen,Joseph D Buxbaum,Coauthors,1049,1050
Joseph D Buxbaum,Michael S Breen,Coauthors,1050,1049
Michael S Breen,Dorothy E Grice,Coauthors,1049,1061
Dorothy E Grice,Michael S Breen,Coauthors,1061,1049
Jia Fu,Kyung Lee,Coauthors,796,836
Kyung Lee,Jia Fu,Coauthors,836,796
Fred R Hirsch,Zhen-Qiang Pan,Coauthors,813,858
Zhen-Qiang Pan,Fred R Hirsch,Coauthors,858,813
Joshua D Brody,Samir Parekh,Coauthors,772,861
Samir Parekh,Joshua D Brody,Coauthors,861,772
Pooja Flora,Madison Weber,Coauthors,689,700
Madison Weber,Pooja Flora,Coauthors,700,689
Pooja Flora,Elena Ezhkova,Coauthors,689,688
Elena Ezhkova,Pooja Flora,Coauthors,688,689
Madison Weber,Elena Ezhkova,Coauthors,700,688
Elena Ezhkova,Madison Weber,Coauthors,688,700
Goran Bajic,Florian Krammer,Coauthors,900,907
Florian Krammer,Goran Bajic,Coauthors,907,900
Niamh Mullins,Alexander W Charney,Coauthors,1072,983
Alexander W Charney,Niamh Mullins,Coauthors,983,1072
Arianna Neal Davis,Ignacio Saez,Coauthors,1053,987
Ignacio Saez,Arianna Neal Davis,Coauthors,987,1053
Manish Arora,Youssef Oulhote,Coauthors,1092,1109
Youssef Oulhote,Manish Arora,Coauthors,1109,1092
Manish Arora,Ryan W Walker,Coauthors,1092,1122
Ryan W Walker,Manish Arora,Coauthors,1122,1092
Manish Arora,Damaskini Valvi,Coauthors,1092,1121
Damaskini Valvi,Manish Arora,Coauthors,1121,1092
Youssef Oulhote,Ryan W Walker,Coauthors,1109,1122
Ryan W Walker,Youssef Oulhote,Coauthors,1122,1109
Youssef Oulhote,Robert O Wright,Coauthors,1109,1123
Robert O Wright,Youssef Oulhote,Coauthors,1123,1109
Youssef Oulhote,Elena Colicino,Coauthors,1109,1098
Elena Colicino,Youssef Oulhote,Coauthors,1098,1109
Youssef Oulhote,Damaskini Valvi,Coauthors,1109,1121
Damaskini Valvi,Youssef Oulhote,Coauthors,1121,1109
Ryan W Walker,Robert O Wright,Coauthors,1122,1123
Robert O Wright,Ryan W Walker,Coauthors,1123,1122
Ryan W Walker,Elena Colicino,Coauthors,1122,1098
Elena Colicino,Ryan W Walker,Coauthors,1098,1122
Ryan W Walker,Damaskini Valvi,Coauthors,1122,1121
Damaskini Valvi,Ryan W Walker,Coauthors,1121,1122
Robert O Wright,Damaskini Valvi,Coauthors,1123,1121
Damaskini Valvi,Robert O Wright,Coauthors,1121,1123
Elena Colicino,Damaskini Valvi,Coauthors,1098,1121
Damaskini Valvi,Elena Colicino,Coauthors,1121,1098
Camille Goldman,Kristen Whitney,Coauthors,951,1007
Kristen Whitney,Camille Goldman,Coauthors,1007,951
Melissa Mazor,Juan P Wisnivesky,Coauthors,846,896
Juan P Wisnivesky,Melissa Mazor,Coauthors,896,846
Melissa Mazor,Cardinale B Smith,Coauthors,846,879
Cardinale B Smith,Melissa Mazor,Coauthors,879,846
Juan P Wisnivesky,Cardinale B Smith,Coauthors,896,879
Cardinale B Smith,Juan P Wisnivesky,Coauthors,879,896
Slim Mzoughi,Ernesto Guccione,Coauthors,855,808
Ernesto Guccione,Slim Mzoughi,Coauthors,808,855
Ernesto Guccione,Jian Jin,Coauthors,808,1023
Jian Jin,Ernesto Guccione,Coauthors,1023,808
Mikaela Rosen,Towfique Raj,Coauthors,969,967
Towfique Raj,Mikaela Rosen,Coauthors,967,969
Elena Colicino,Megan K Horton,Coauthors,1098,1104
Megan K Horton,Elena Colicino,Coauthors,1104,1098
Megan K Horton,Rosalind J Wright,Coauthors,1104,1016
Rosalind J Wright,Megan K Horton,Coauthors,1016,1104
Yi Shi,David H Bechhofer,Coauthors,1028,1018
David H Bechhofer,Yi Shi,Coauthors,1018,1028
Manasi Agrawal,Saurabh Mehandru,Coauthors,758,848
Saurabh Mehandru,Manasi Agrawal,Coauthors,848,758
Jake Herb,Saurabh Mehandru,Coauthors,1004,848
Saurabh Mehandru,Jake Herb,Coauthors,848,1004
Indu A Ayappa,Andrew W Varga,Coauthors,762,890
Andrew W Varga,Indu A Ayappa,Coauthors,890,762
Michael S Breen,Towfique Raj,Coauthors,1049,967
Towfique Raj,Michael S Breen,Coauthors,967,1049
Shuang Wang,Robert O Wright,Coauthors,895,1123
Robert O Wright,Shuang Wang,Coauthors,1123,895
Manasi Agrawal,Lauren Petrick,Coauthors,758,1110
Lauren Petrick,Manasi Agrawal,Coauthors,1110,758
Kristin Meliambro,Kirk N Campbell,Coauthors,849,776
Kirk N Campbell,Kristin Meliambro,Coauthors,776,849
Joseph D Buxbaum,Behrang Mahjani,Coauthors,1050,1070
Behrang Mahjani,Joseph D Buxbaum,Coauthors,1070,1050
Joy Jiang,Ron Do,Coauthors,820,723
Ron Do,Joy Jiang,Coauthors,723,820
Joy Jiang,Girish Nitin Nadkarni,Coauthors,820,856
Girish Nitin Nadkarni,Joy Jiang,Coauthors,856,820
Ron Do,Girish Nitin Nadkarni,Coauthors,723,856
Girish Nitin Nadkarni,Ron Do,Coauthors,856,723
Dinushika Mohottige,Alexander W Charney,Coauthors,852,983
Alexander W Charney,Dinushika Mohottige,Coauthors,983,852
Dinushika Mohottige,Lili Chan,Coauthors,852,777
Lili Chan,Dinushika Mohottige,Coauthors,777,852
Daniela Schiller,Nelly Alia-Klein,Coauthors,1084,1045
Nelly Alia-Klein,Daniela Schiller,Coauthors,1045,1084
Amaia Lujambio,Shuang Wang,Coauthors,842,895
Shuang Wang,Amaia Lujambio,Coauthors,895,842
Amaia Lujambio,Scott L Friedman,Coauthors,842,795
Scott L Friedman,Amaia Lujambio,Coauthors,795,842
Brian Kim,Shruti Naik,Coauthors,709,857
Shruti Naik,Brian Kim,Coauthors,857,709
Brian Kim,Hongzhen Hu,Coauthors,709,707
Hongzhen Hu,Brian Kim,Coauthors,707,709
Shruti Naik,Hongzhen Hu,Coauthors,857,707
Hongzhen Hu,Shruti Naik,Coauthors,707,857
Sacha Gnjatic,Augusto Villanueva,Coauthors,804,891
Augusto Villanueva,Sacha Gnjatic,Coauthors,891,804
Sacha Gnjatic,Josep M Llovet,Coauthors,804,840
Josep M Llovet,Sacha Gnjatic,Coauthors,840,804
Augusto Villanueva,Josep M Llovet,Coauthors,891,840
Josep M Llovet,Augusto Villanueva,Coauthors,840,891
Chang Yoon Moon,Daniel Puleston,Coauthors,853,863
Daniel Puleston,Chang Yoon Moon,Coauthors,863,853
Chang Yoon Moon,Miriam Merad,Coauthors,853,850
Miriam Merad,Chang Yoon Moon,Coauthors,850,853
Daniel Puleston,Miriam Merad,Coauthors,863,850
Miriam Merad,Daniel Puleston,Coauthors,850,863
Tesia Bobrowski,Emily Bernstein,Coauthors,902,766
Emily Bernstein,Tesia Bobrowski,Coauthors,766,902
Tesia Bobrowski,Brian D Brown,Coauthors,902,721
Brian D Brown,Tesia Bobrowski,Coauthors,721,902
Tesia Bobrowski,Amaia Lujambio,Coauthors,902,842
Amaia Lujambio,Tesia Bobrowski,Coauthors,842,902
Emily Bernstein,Brian D Brown,Coauthors,766,721
Brian D Brown,Emily Bernstein,Coauthors,721,766
Emily Bernstein,Amaia Lujambio,Coauthors,766,842
Amaia Lujambio,Emily Bernstein,Coauthors,842,766
Brian D Brown,Amaia Lujambio,Coauthors,721,842
Amaia Lujambio,Brian D Brown,Coauthors,842,721
Chrystian Junqueira Alves,Joseph D Buxbaum,Coauthors,959,1050
Joseph D Buxbaum,Chrystian Junqueira Alves,Coauthors,1050,959
Chrystian Junqueira Alves,Bin Zhang,Coauthors,959,756
Bin Zhang,Chrystian Junqueira Alves,Coauthors,756,959
Joseph D Buxbaum,Bin Zhang,Coauthors,1050,756
Bin Zhang,Joseph D Buxbaum,Coauthors,756,1050
Ethan Abbott,Alexander W Charney,Coauthors,710,983
Alexander W Charney,Ethan Abbott,Coauthors,983,710
Piotr Konieczny,Shruti Naik,Coauthors,830,857
Shruti Naik,Piotr Konieczny,Coauthors,857,830
Kurt P Schulz,Laura A Berner,Coauthors,1085,1047
Laura A Berner,Kurt P Schulz,Coauthors,1047,1085
Michael S Breen,Gaurav Pandey,Coauthors,1049,740
Gaurav Pandey,Michael S Breen,Coauthors,740,1049
Yizhou Dong,Jeffrey R Johnson,Coauthors,724,906
Jeffrey R Johnson,Yizhou Dong,Coauthors,906,724
Supinda Bunyavanich,Gang Fang,Coauthors,722,726
Gang Fang,Supinda Bunyavanich,Coauthors,726,722
Faith Adams,Harold W Koenigsberg,Coauthors,1043,1067
Harold W Koenigsberg,Faith Adams,Coauthors,1067,1043
Goran Bajic,Domenico Tortorella,Coauthors,900,915
Domenico Tortorella,Goran Bajic,Coauthors,915,900
Cardinale B Smith,R Sean Morrison,Coauthors,879,854
R Sean Morrison,Cardinale B Smith,Coauthors,854,879
Carol R Horowitz,Dinushika Mohottige,Coauthors,818,852
Dinushika Mohottige,Carol R Horowitz,Coauthors,852,818
Carol R Horowitz,Lili Chan,Coauthors,818,777
Lili Chan,Carol R Horowitz,Coauthors,777,818
Alexander Tepper,Jalal Ahmed,Coauthors,886,1125
Jalal Ahmed,Alexander Tepper,Coauthors,1125,886
Alexander Tepper,Nina Bhardwaj,Coauthors,886,768
Nina Bhardwaj,Alexander Tepper,Coauthors,768,886
Alexander Tepper,Amaia Lujambio,Coauthors,886,842
Amaia Lujambio,Alexander Tepper,Coauthors,842,886
Alexander Tepper,Joshua D Brody,Coauthors,886,772
Joshua D Brody,Alexander Tepper,Coauthors,772,886
Alexander Tepper,Michael Schotsaert,Coauthors,886,913
Michael Schotsaert,Alexander Tepper,Coauthors,913,886
Alexander Tepper,Sacha Gnjatic,Coauthors,886,804
Sacha Gnjatic,Alexander Tepper,Coauthors,804,886
Alexander Tepper,Brian D Brown,Coauthors,886,721
Brian D Brown,Alexander Tepper,Coauthors,721,886
Alexander Tepper,Miriam Merad,Coauthors,886,850
Miriam Merad,Alexander Tepper,Coauthors,850,886
Jalal Ahmed,Nina Bhardwaj,Coauthors,1125,768
Nina Bhardwaj,Jalal Ahmed,Coauthors,768,1125
Jalal Ahmed,Amaia Lujambio,Coauthors,1125,842
Amaia Lujambio,Jalal Ahmed,Coauthors,842,1125
Jalal Ahmed,Joshua D Brody,Coauthors,1125,772
Joshua D Brody,Jalal Ahmed,Coauthors,772,1125
Jalal Ahmed,Michael Schotsaert,Coauthors,1125,913
Michael Schotsaert,Jalal Ahmed,Coauthors,913,1125
Jalal Ahmed,Sacha Gnjatic,Coauthors,1125,804
Sacha Gnjatic,Jalal Ahmed,Coauthors,804,1125
Jalal Ahmed,Brian D Brown,Coauthors,1125,721
Brian D Brown,Jalal Ahmed,Coauthors,721,1125
Jalal Ahmed,Miriam Merad,Coauthors,1125,850
Miriam Merad,Jalal Ahmed,Coauthors,850,1125
Nina Bhardwaj,Amaia Lujambio,Coauthors,768,842
Amaia Lujambio,Nina Bhardwaj,Coauthors,842,768
Nina Bhardwaj,Joshua D Brody,Coauthors,768,772
Joshua D Brody,Nina Bhardwaj,Coauthors,772,768
Nina Bhardwaj,Michael Schotsaert,Coauthors,768,913
Michael Schotsaert,Nina Bhardwaj,Coauthors,913,768
Amaia Lujambio,Joshua D Brody,Coauthors,842,772
Joshua D Brody,Amaia Lujambio,Coauthors,772,842
Amaia Lujambio,Michael Schotsaert,Coauthors,842,913
Michael Schotsaert,Amaia Lujambio,Coauthors,913,842
Amaia Lujambio,Sacha Gnjatic,Coauthors,842,804
Sacha Gnjatic,Amaia Lujambio,Coauthors,804,842
Amaia Lujambio,Miriam Merad,Coauthors,842,850
Miriam Merad,Amaia Lujambio,Coauthors,850,842
Joshua D Brody,Michael Schotsaert,Coauthors,772,913
Michael Schotsaert,Joshua D Brody,Coauthors,913,772
Joshua D Brody,Sacha Gnjatic,Coauthors,772,804
Sacha Gnjatic,Joshua D Brody,Coauthors,804,772
Joshua D Brody,Brian D Brown,Coauthors,772,721
Brian D Brown,Joshua D Brody,Coauthors,721,772
Joshua D Brody,Miriam Merad,Coauthors,772,850
Miriam Merad,Joshua D Brody,Coauthors,850,772
Michael Schotsaert,Sacha Gnjatic,Coauthors,913,804
Sacha Gnjatic,Michael Schotsaert,Coauthors,804,913
Michael Schotsaert,Brian D Brown,Coauthors,913,721
Brian D Brown,Michael Schotsaert,Coauthors,721,913
Michael Schotsaert,Miriam Merad,Coauthors,913,850
Miriam Merad,Michael Schotsaert,Coauthors,850,913
Sacha Gnjatic,Brian D Brown,Coauthors,804,721
Brian D Brown,Sacha Gnjatic,Coauthors,721,804
Georgios Voloudakis,Panagiotis Roussos,Coauthors,1089,744
Panagiotis Roussos,Georgios Voloudakis,Coauthors,744,1089
Georgios Voloudakis,Schahram Akbarian,Coauthors,1089,1044
Schahram Akbarian,Georgios Voloudakis,Coauthors,1044,1089
Panagiotis Roussos,Schahram Akbarian,Coauthors,744,1044
Schahram Akbarian,Panagiotis Roussos,Coauthors,1044,744
Elza Rechtman,Elena Colicino,Coauthors,1112,1098
Elena Colicino,Elza Rechtman,Coauthors,1098,1112
Elza Rechtman,Susan L Teitelbaum,Coauthors,1112,1119
Susan L Teitelbaum,Elza Rechtman,Coauthors,1119,1112
Susan L Teitelbaum,Megan K Horton,Coauthors,1119,1104
Megan K Horton,Susan L Teitelbaum,Coauthors,1104,1119
Tristan Shuman,Denise Jade Cai,Coauthors,975,936
Denise Jade Cai,Tristan Shuman,Coauthors,936,975
Paolo Cravedi,Evren U Azeloglu,Coauthors,783,763
Evren U Azeloglu,Paolo Cravedi,Coauthors,763,783
Emily Jane Gallagher,Joseph A Sparano,Coauthors,799,881
Joseph A Sparano,Emily Jane Gallagher,Coauthors,881,799
Elena Colicino,Rachel Litke,Coauthors,1098,962
Rachel Litke,Elena Colicino,Coauthors,962,1098
Rachel Litke,Maayan Yitshak Sade,Coauthors,962,1124
Maayan Yitshak Sade,Rachel Litke,Coauthors,1124,962
Alexander Tepper,Dmitriy Zamarin,Coauthors,886,899
Dmitriy Zamarin,Alexander Tepper,Coauthors,899,886
Dmitriy Zamarin,Miriam Merad,Coauthors,899,850
Miriam Merad,Dmitriy Zamarin,Coauthors,850,899
Dmitriy Zamarin,Brian D Brown,Coauthors,899,721
Brian D Brown,Dmitriy Zamarin,Coauthors,721,899
Bin Zhang,Patrick R Hof,Coauthors,756,955
Patrick R Hof,Bin Zhang,Coauthors,955,756
Bin Zhang,Ana C Pereira,Coauthors,756,924
Ana C Pereira,Bin Zhang,Coauthors,924,756
Patrick R Hof,Ana C Pereira,Coauthors,955,924
Ana C Pereira,Patrick R Hof,Coauthors,924,955
Andrew F Stewart,Paul A Slesinger,Coauthors,883,976
Paul A Slesinger,Andrew F Stewart,Coauthors,976,883
Alberto Corona,Paul J Kenny,Coauthors,942,960
Paul J Kenny,Alberto Corona,Coauthors,960,942
Gaurav Pandey,Avner Schlessinger,Coauthors,740,1027
Avner Schlessinger,Gaurav Pandey,Coauthors,1027,740
Gang Fang,Paul A Slesinger,Coauthors,726,976
Paul A Slesinger,Gang Fang,Coauthors,976,726
Shuang Wang,Bishuang Cai,Coauthors,895,774
Bishuang Cai,Shuang Wang,Coauthors,774,895
Scott L Friedman,Bishuang Cai,Coauthors,795,774
Bishuang Cai,Scott L Friedman,Coauthors,774,795
Robert J Klein,Pei Wang,Coauthors,735,753
Pei Wang,Robert J Klein,Coauthors,753,735
Maia Kayal,Elizabeth Spencer,Coauthors,827,1015
Elizabeth Spencer,Maia Kayal,Coauthors,1015,827
Joy Jiang,Neomi A Shah,Coauthors,820,873
Neomi A Shah,Joy Jiang,Coauthors,873,820
Evren U Azeloglu,Kyung Lee,Coauthors,763,836
Kyung Lee,Evren U Azeloglu,Coauthors,836,763
Antonio V Aubry,Eric J Nestler,Coauthors,931,964
Eric J Nestler,Antonio V Aubry,Coauthors,964,931
Antonio V Aubry,Miriam Merad,Coauthors,931,850
Miriam Merad,Antonio V Aubry,Coauthors,850,931
Eric J Nestler,Miriam Merad,Coauthors,964,850
Miriam Merad,Eric J Nestler,Coauthors,850,964
Alison M Goate,Towfique Raj,Coauthors,730,967
Towfique Raj,Alison M Goate,Coauthors,967,730
Bruce D Gelb,Carol R Horowitz,Coauthors,1013,818
Carol R Horowitz,Bruce D Gelb,Coauthors,818,1013
Bin Zhang,Eric J Nestler,Coauthors,756,964
Eric J Nestler,Bin Zhang,Coauthors,964,756
Shuang Wang,R Sean Morrison,Coauthors,895,854
R Sean Morrison,Shuang Wang,Coauthors,854,895
Veerle Bergink,Rosalind J Wright,Coauthors,1046,1016
Rosalind J Wright,Veerle Bergink,Coauthors,1016,1046
Behrang Mahjani,Silvia De Rubeis,Coauthors,1070,1054
Silvia De Rubeis,Behrang Mahjani,Coauthors,1054,1070
Silvia De Rubeis,Joseph D Buxbaum,Coauthors,1054,1050
Joseph D Buxbaum,Silvia De Rubeis,Coauthors,1050,1054
Daniela Schiller,Rita Z Goldstein,Coauthors,1084,1060
Rita Z Goldstein,Daniela Schiller,Coauthors,1060,1084
Lynne D Richardson,Lili Chan,Coauthors,717,777
Lili Chan,Lynne D Richardson,Coauthors,777,717
Towfique Raj,Niamh Mullins,Coauthors,967,1072
Niamh Mullins,Towfique Raj,Coauthors,1072,967
Patrick R Hof,Roger L Clem,Coauthors,955,941
Roger L Clem,Patrick R Hof,Coauthors,941,955
Insup Choi,Bin Zhang,Coauthors,919,756
Bin Zhang,Insup Choi,Coauthors,756,919
Insup Choi,Zhenyu Yue,Coauthors,919,930
Zhenyu Yue,Insup Choi,Coauthors,930,919
Bin Zhang,Zhenyu Yue,Coauthors,756,930
Zhenyu Yue,Bin Zhang,Coauthors,930,756
Sacha Gnjatic,Samir Parekh,Coauthors,804,861
Samir Parekh,Sacha Gnjatic,Coauthors,861,804
Avner Schlessinger,Ron Do,Coauthors,1027,723
Ron Do,Avner Schlessinger,Coauthors,723,1027
Miguel Fribourg,John Cijiang He,Coauthors,794,810
John Cijiang He,Miguel Fribourg,Coauthors,810,794
John Cijiang He,Paolo Cravedi,Coauthors,810,783
Paolo Cravedi,John Cijiang He,Coauthors,783,810
Nina A Bickell,Carol R Horowitz,Coauthors,1096,818
Carol R Horowitz,Nina A Bickell,Coauthors,818,1096
Joshua D Brody,Yizhou Dong,Coauthors,772,724
Yizhou Dong,Joshua D Brody,Coauthors,724,772
Yizhou Dong,Brian D Brown,Coauthors,724,721
Brian D Brown,Yizhou Dong,Coauthors,721,724
Sacha Gnjatic,Emanuela Taioli,Coauthors,804,1118
Emanuela Taioli,Sacha Gnjatic,Coauthors,1118,804
Chitra Upadhyay,Catarina E Hioe,Coauthors,889,812
Catarina E Hioe,Chitra Upadhyay,Coauthors,812,889
Elena Colicino,Maria Jose Rosa,Coauthors,1098,1114
Maria Jose Rosa,Elena Colicino,Coauthors,1114,1098
Robert O Wright,Maria Jose Rosa,Coauthors,1123,1114
Maria Jose Rosa,Robert O Wright,Coauthors,1114,1123
Rosalind J Wright,Maria Jose Rosa,Coauthors,1016,1114
Maria Jose Rosa,Rosalind J Wright,Coauthors,1114,1016
Talia H Swartz,Benjamin K Chen,Coauthors,885,778
Benjamin K Chen,Talia H Swartz,Coauthors,778,885
Sarah J Miller,Augusto Villanueva,Coauthors,720,891
Augusto Villanueva,Sarah J Miller,Coauthors,891,720
Sarah J Miller,Melissa Mazor,Coauthors,720,846
Melissa Mazor,Sarah J Miller,Coauthors,846,720
Sarah J Miller,Cardinale B Smith,Coauthors,720,879
Cardinale B Smith,Sarah J Miller,Coauthors,879,720
Sarah J Miller,Emanuela Taioli,Coauthors,720,1118
Emanuela Taioli,Sarah J Miller,Coauthors,1118,720
Augusto Villanueva,Melissa Mazor,Coauthors,891,846
Melissa Mazor,Augusto Villanueva,Coauthors,846,891
Augusto Villanueva,Cardinale B Smith,Coauthors,891,879
Cardinale B Smith,Augusto Villanueva,Coauthors,879,891
Augusto Villanueva,Emanuela Taioli,Coauthors,891,1118
Emanuela Taioli,Augusto Villanueva,Coauthors,1118,891
Melissa Mazor,Emanuela Taioli,Coauthors,846,1118
Emanuela Taioli,Melissa Mazor,Coauthors,1118,846
Cardinale B Smith,Emanuela Taioli,Coauthors,879,1118
Emanuela Taioli,Cardinale B Smith,Coauthors,1118,879
Uraina S Clark,Rosalind J Wright,Coauthors,920,1016
Rosalind J Wright,Uraina S Clark,Coauthors,1016,920
Ki Sueng Choi,Peter Rudebeck,Coauthors,1127,970
Peter Rudebeck,Ki Sueng Choi,Coauthors,970,1127
Won-Min Song,Bin Zhang,Coauthors,748,756
Bin Zhang,Won-Min Song,Coauthors,756,748
Susan L Teitelbaum,Manish Arora,Coauthors,1119,1092
Manish Arora,Susan L Teitelbaum,Coauthors,1092,1119
Stella Dracheva,Schahram Akbarian,Coauthors,1055,1044
Schahram Akbarian,Stella Dracheva,Coauthors,1044,1055
Behrang Mahjani,Abraham Reichenberg,Coauthors,1070,1078
Abraham Reichenberg,Behrang Mahjani,Coauthors,1078,1070
Behrang Mahjani,Rebecca Birnbaum,Coauthors,1070,1048
Rebecca Birnbaum,Behrang Mahjani,Coauthors,1048,1070
Abraham Reichenberg,Rebecca Birnbaum,Coauthors,1078,1048
Rebecca Birnbaum,Abraham Reichenberg,Coauthors,1048,1078
Antonio V Aubry,Hirofumi Morishita,Coauthors,931,1071
Hirofumi Morishita,Antonio V Aubry,Coauthors,1071,931
Maria Giovanna Trivieri,Zahi A Fayad,Coauthors,1134,1129
Zahi A Fayad,Maria Giovanna Trivieri,Coauthors,1129,1134
Toni Stern,Florian Krammer,Coauthors,1117,907
Florian Krammer,Toni Stern,Coauthors,907,1117
Toni Stern,Veerle Bergink,Coauthors,1117,1046
Veerle Bergink,Toni Stern,Coauthors,1046,1117
Toni Stern,Anna-Sophie Rommel,Coauthors,1117,1081
Anna-Sophie Rommel,Toni Stern,Coauthors,1081,1117
Florian Krammer,Veerle Bergink,Coauthors,907,1046
Veerle Bergink,Florian Krammer,Coauthors,1046,907
Florian Krammer,Anna-Sophie Rommel,Coauthors,907,1081
Anna-Sophie Rommel,Florian Krammer,Coauthors,1081,907
Susan L Teitelbaum,Rosalind J Wright,Coauthors,1119,1016
Rosalind J Wright,Susan L Teitelbaum,Coauthors,1016,1119
Carina Seah,Eric J Nestler,Coauthors,747,964
Eric J Nestler,Carina Seah,Coauthors,964,747
Nicole Zatorski,Kuan-Lin Huang,Coauthors,1036,733
Kuan-Lin Huang,Nicole Zatorski,Coauthors,733,1036
Nicole Zatorski,Avner Schlessinger,Coauthors,1036,1027
Avner Schlessinger,Nicole Zatorski,Coauthors,1027,1036
Kuan-Lin Huang,Avner Schlessinger,Coauthors,733,1027
Avner Schlessinger,Kuan-Lin Huang,Coauthors,1027,733
Sacha Gnjatic,Bin Zhang,Coauthors,804,756
Bin Zhang,Sacha Gnjatic,Coauthors,756,804
Jia Fu,John Cijiang He,Coauthors,796,810
John Cijiang He,Jia Fu,Coauthors,810,796
Minal S Kale,Chung Yin Kong,Coauthors,822,829
Chung Yin Kong,Minal S Kale,Coauthors,829,822
Sacha Gnjatic,Fred R Hirsch,Coauthors,804,813
Fred R Hirsch,Sacha Gnjatic,Coauthors,813,804
Brian D Brown,Fred R Hirsch,Coauthors,721,813
Fred R Hirsch,Brian D Brown,Coauthors,813,721
Fred R Hirsch,Miriam Merad,Coauthors,813,850
Miriam Merad,Fred R Hirsch,Coauthors,850,813
Ankit Sakhuja,Carol R Horowitz,Coauthors,869,818
Carol R Horowitz,Ankit Sakhuja,Coauthors,818,869
Ankit Sakhuja,Ron Do,Coauthors,869,723
Ron Do,Ankit Sakhuja,Coauthors,723,869
Carol R Horowitz,Ron Do,Coauthors,818,723
Ron Do,Carol R Horowitz,Coauthors,723,818
Florian Krammer,Aneel K Aggarwal,Coauthors,907,1017
Aneel K Aggarwal,Florian Krammer,Coauthors,1017,907
Miriam Merad,Samir Parekh,Coauthors,850,861
Samir Parekh,Miriam Merad,Coauthors,861,850
Alexander W Charney,Bruce D Gelb,Coauthors,983,1013
Bruce D Gelb,Alexander W Charney,Coauthors,1013,983
Alexander W Charney,Ron Do,Coauthors,983,723
Ron Do,Alexander W Charney,Coauthors,723,983
Ankit Sakhuja,Bruce D Gelb,Coauthors,869,1013
Bruce D Gelb,Ankit Sakhuja,Coauthors,1013,869
Bruce D Gelb,Ron Do,Coauthors,1013,723
Ron Do,Bruce D Gelb,Coauthors,723,1013
Miriam Merad,Yizhou Dong,Coauthors,850,724
Yizhou Dong,Miriam Merad,Coauthors,724,850
James L M Ferrara,Ronald Hoffman,Coauthors,791,815
Ronald Hoffman,James L M Ferrara,Coauthors,815,791
Behrang Mahjani,Carolina Cappi,Coauthors,1070,1051
Carolina Cappi,Behrang Mahjani,Coauthors,1051,1070
Behrang Mahjani,Magdalena Janecka,Coauthors,1070,1065
Magdalena Janecka,Behrang Mahjani,Coauthors,1065,1070
Behrang Mahjani,Sven Sandin,Coauthors,1070,1082
Sven Sandin,Behrang Mahjani,Coauthors,1082,1070
Behrang Mahjani,Dorothy E Grice,Coauthors,1070,1061
Dorothy E Grice,Behrang Mahjani,Coauthors,1061,1070
Behrang Mahjani,Lea K Davis,Coauthors,1070,1099
Lea K Davis,Behrang Mahjani,Coauthors,1099,1070
Joseph D Buxbaum,Lea K Davis,Coauthors,1050,1099
Lea K Davis,Joseph D Buxbaum,Coauthors,1099,1050
Carolina Cappi,Magdalena Janecka,Coauthors,1051,1065
Magdalena Janecka,Carolina Cappi,Coauthors,1065,1051
Carolina Cappi,Abraham Reichenberg,Coauthors,1051,1078
Abraham Reichenberg,Carolina Cappi,Coauthors,1078,1051
Carolina Cappi,Sven Sandin,Coauthors,1051,1082
Sven Sandin,Carolina Cappi,Coauthors,1082,1051
Carolina Cappi,Lea K Davis,Coauthors,1051,1099
Lea K Davis,Carolina Cappi,Coauthors,1099,1051
Magdalena Janecka,Dorothy E Grice,Coauthors,1065,1061
Dorothy E Grice,Magdalena Janecka,Coauthors,1061,1065
Magdalena Janecka,Lea K Davis,Coauthors,1065,1099
Lea K Davis,Magdalena Janecka,Coauthors,1099,1065
Abraham Reichenberg,Dorothy E Grice,Coauthors,1078,1061
Dorothy E Grice,Abraham Reichenberg,Coauthors,1061,1078
Abraham Reichenberg,Lea K Davis,Coauthors,1078,1099
Lea K Davis,Abraham Reichenberg,Coauthors,1099,1078
Sven Sandin,Dorothy E Grice,Coauthors,1082,1061
Dorothy E Grice,Sven Sandin,Coauthors,1061,1082
Sven Sandin,Lea K Davis,Coauthors,1082,1099
Lea K Davis,Sven Sandin,Coauthors,1099,1082
Dorothy E Grice,Lea K Davis,Coauthors,1061,1099
Lea K Davis,Dorothy E Grice,Coauthors,1099,1061
Jennifer M Reckrey,R Sean Morrison,Coauthors,865,854
R Sean Morrison,Jennifer M Reckrey,Coauthors,854,865
Kristen Whitney,Won-Min Song,Coauthors,1007,748
Won-Min Song,Kristen Whitney,Coauthors,748,1007
Kristen Whitney,Bin Zhang,Coauthors,1007,756
Bin Zhang,Kristen Whitney,Coauthors,756,1007
Kristen Whitney,Ana C Pereira,Coauthors,1007,924
Ana C Pereira,Kristen Whitney,Coauthors,924,1007
Won-Min Song,Ana C Pereira,Coauthors,748,924
Ana C Pereira,Won-Min Song,Coauthors,924,748
Homero Harari,Rosalind J Wright,Coauthors,1103,1016
Rosalind J Wright,Homero Harari,Coauthors,1016,1103
Homero Harari,Robert O Wright,Coauthors,1103,1123
Robert O Wright,Homero Harari,Coauthors,1123,1103
Daniela Sia,Shuang Wang,Coauthors,875,895
Shuang Wang,Daniela Sia,Coauthors,895,875
Daniela Sia,Scott L Friedman,Coauthors,875,795
Scott L Friedman,Daniela Sia,Coauthors,795,875
Prashant Rajbhandari,Abha K Rajbhandari,Coauthors,864,1077
Abha K Rajbhandari,Prashant Rajbhandari,Coauthors,1077,864
Cecilia Sara Alcala,Robert O Wright,Coauthors,1091,1123
Robert O Wright,Cecilia Sara Alcala,Coauthors,1123,1091
Cecilia Sara Alcala,Rosalind J Wright,Coauthors,1091,1016
Rosalind J Wright,Cecilia Sara Alcala,Coauthors,1016,1091
Maria Jose Rosa,Manish Arora,Coauthors,1114,1092
Manish Arora,Maria Jose Rosa,Coauthors,1092,1114
Maria Jose Rosa,Christine Austin,Coauthors,1114,1094
Christine Austin,Maria Jose Rosa,Coauthors,1094,1114
Manish Arora,Rosalind J Wright,Coauthors,1092,1016
Rosalind J Wright,Manish Arora,Coauthors,1016,1092
Christine Austin,Rosalind J Wright,Coauthors,1094,1016
Rosalind J Wright,Christine Austin,Coauthors,1016,1094
Towfique Raj,Georgios Voloudakis,Coauthors,967,1089
Georgios Voloudakis,Towfique Raj,Coauthors,1089,967
Carol R Horowitz,Lynne D Richardson,Coauthors,818,717
Lynne D Richardson,Carol R Horowitz,Coauthors,717,818
Manasi Agrawal,Manish Arora,Coauthors,758,1092
Manish Arora,Manasi Agrawal,Coauthors,1092,758
Manasi Agrawal,Robert O Wright,Coauthors,758,1123
Robert O Wright,Manasi Agrawal,Coauthors,1123,758
Inga Peter,Manish Arora,Coauthors,743,1092
Manish Arora,Inga Peter,Coauthors,1092,743
Inga Peter,Robert O Wright,Coauthors,743,1123
Robert O Wright,Inga Peter,Coauthors,1123,743
Alexander W Charney,Eric J Nestler,Coauthors,983,964
Eric J Nestler,Alexander W Charney,Coauthors,964,983
Alexander W Charney,Yizhou Dong,Coauthors,983,724
Yizhou Dong,Alexander W Charney,Coauthors,724,983
Elena Colicino,Sonali Bose,Coauthors,1098,769
Sonali Bose,Elena Colicino,Coauthors,769,1098
Sonali Bose,Robert O Wright,Coauthors,769,1123
Robert O Wright,Sonali Bose,Coauthors,1123,769
Sonali Bose,Rosalind J Wright,Coauthors,769,1016
Rosalind J Wright,Sonali Bose,Coauthors,1016,769
Eric J Nestler,Daniela Schiller,Coauthors,964,1084
Daniela Schiller,Eric J Nestler,Coauthors,1084,964
Eric J Nestler,Schahram Akbarian,Coauthors,964,1044
Schahram Akbarian,Eric J Nestler,Coauthors,1044,964
